Workbook

Sheet P.I
A1: # | B1: PRUEBA INICIAL
B2: Documento | C2: NOMBRE (EN MAYUSCULAS Y EN ORDEN ALFABÉTICO) | D2: PREGUNTAS COMPETENCIA LECTORA | AR2: PREGUNTAS RAZONAMIENTO LÓGICO
D3: 1 | E3: 2 | F3: 3 | G3: 4 | H3: 5 | I3: 6 | J3: 7 | K3: 8 | L3: 9 | M3: 10 | N3: 11 | O3: 12 | P3: 13 | Q3: 14 | R3: 15 | S3: 16 | T3: 17 | U3: 18 | V3: 19 | W3: 20 | X3: 21 | Y3: 22 | Z3: 23 | AA3: 24 | AB3: 25 | AC3: 26 | AD3: 27 | AE3: 28 | AF3: 29 | AG3: 30 | AH3: 31 | AI3: 32 | AJ3: 33 | AK3: 34 | AL3: 35 | AM3: 36 | AN3: 37 | AO3: 38 | AP3: 39 | AQ3: 40 | AR3: 41 | AS3: 42 | AT3: 43 | AU3: 44 | AV3: 45 | AW3: 46 | AX3: 47 | AY3: 48 | AZ3: 49 | BA3: 50 | BB3: 51 | BC3: 52 | BD3: 53 | BE3: 54 | BF3: 55 | BG3: 56 | BH3: 57 | BI3: 58 | BJ3: 59 | BK3: 60 | BL3: 61 | BM3: 62 | BN3: 63 | BO3: 64 | BP3: 65 | BQ3: 66 | BR3: 67 | BS3: 68 | BT3: 69 | BU3: 70 | BV3: 71 | BW3: 72 | BX3: 73 | BY3: 74 | BZ3: 75 | CA3: 76 | CB3: 77 | CC3: 78 | CD3: 79 | CE3: 80
C4: RESPUESTAS CORRECTAS | D4: B | E4: D | F4: D | G4: A | H4: C | I4: C | J4: A | K4: C | L4: A | M4: C | N4: B | O4: D | P4: B | Q4: C | R4: B | S4: A | T4: C | U4: C | V4: D | W4: C | X4: D | Y4: B | Z4: B | AA4: D | AB4: A | AC4: B | AD4: C | AE4: C | AF4: B | AG4: C | AH4: A | AI4: D | AJ4: A | AK4: B | AL4: C | AM4: A | AN4: B | AO4: D | AP4: C | AQ4: X | AR4: C | AS4: A | AT4: A | AU4: A | AV4: A | AW4: B | AX4: C | AY4: A | AZ4: A | BA4: A | BB4: C | BC4: D | BD4: B | BE4: B | BF4: A | BG4: B | BH4: B | BI4: C | BJ4: C | BK4: B | BL4: C | BM4: A | BN4: D | BO4: B | BP4: C | BQ4: C | BR4: D | BS4: A | BT4: A | BU4: B | BV4: C | BW4: B | BX4: B | BY4: C | BZ4: B | CA4: A | CB4: B | CC4: B | CD4: X | CE4: X
A5: 1 | B5: 1063789684 | C5: ANALÍA APARICIO | AR5: C | AS5: C | AT5: D | AU5: A | AV5: D | AW5: C | AX5: D | AY5: A | AZ5: B | BA5: C | BB5: C | BC5: B | BD5: B | BE5: B | BF5: D | BG5: D | BH5: C | BI5: D | BJ5: D | BK5: C | BL5: A | BM5: A | BN5: D | BO5: B | BP5: A | BQ5: C | BR5: C | BS5: B | BT5: D | BU5: A | BV5: C | BW5: B | BX5: B | BY5: D | BZ5: A | CA5: C | CB5: B | CC5: B
A6: 2 | B6: 0063789684 | C6: ANALÍA APARICIO HOYOS | AR6: C | AS6: A | AT6: B | AU6: A | AV6: D | AW6: A | AX6: C | AY6: D | AZ6: A | BA6: B | BB6: C | BC6: A | BD6: B | BE6: B | BF6: C | BG6: B | BH6: B | BI6: C | BJ6: C | BK6: C | BL6: D | BM6: A | BN6: B | BO6: D | BP6: D | BQ6: C | BR6: C | BS6: B | BT6: D | BU6: B | BV6: A | BW6: A | BX6: B | BY6: D | BZ6: C | CA6: C | CB6: D | CC6: A
A7: 3 | B7: 1066605744 | C7: ANDREA CAROLINA ACUÑA CORONADO | AR7: C | AS7: C | AT7: A | AU7: C | AV7: D | AW7: D | AX7: B | AY7: A | AZ7: B | BA7: D | BB7: C | BC7: B | BD7: A | BE7: B | BF7: A | BG7: D | BH7: C | BI7: C | BJ7: A | BK7: B | BL7: D | BM7: A | BN7: D | BO7: B | BP7: C | BQ7: B | BR7: C | BS7: B | BT7: A | BU7: C | BV7: C | BW7: D | BX7: B | BY7: A | BZ7: D | CA7: D | CB7: A | CC7: B
A8: 4 | B8: 1063789907 | C8: ANDREA CAROLINA TRUJILLO HERRERA | AR8: D | AS8: A | AT8: D | AU8: A | AV8: D | AW8: B | AX8: B | AY8: D | AZ8: A | BA8: A | BC8: A | BD8: A | BE8: C | BF8: D | BG8: B | BH8: A | BI8: B | BJ8: A | BK8: C | BL8: A | BM8: D | BN8: D | BO8: A | BP8: A | BQ8: B | BR8: C | BS8: C | BT8: B | BU8: C | BV8: D | BW8: B | BX8: A | BY8: D | BZ8: D | CA8: C | CB8: A | CC8: B
A9: 5 | B9: 1063359856 | C9: ANDRÉS DAVID OSUNA ALVAREZ | AR9: C | AS9: A | AT9: C | AU9: A | AV9: C | AW9: D | AX9: B | AY9: C | AZ9: A | BA9: D | BB9: B | BC9: B | BD9: C | BE9: A | BF9: D | BG9: C | BH9: A | BI9: B | BJ9: A | BK9: C | BL9: D | BM9: B | BN9: C | BO9: A | BP9: C | BQ9: A | BR9: C | BS9: A | BT9: D | BU9: B | BV9: D | BW9: B | BX9: A | BY9: A | BZ9: D | CA9: C | CB9: B | CC9: A
A10: 6 | B10: 1063370284 | C10: ANDRES EDUARDO CISNEROS MARTINEZ
A11: 7 | B11: 1063789259 | C11: ANGEL GABRIEL ARROYO ARRIETA | AR11: C | AS11: B | AT11: C | AU11: B | AV11: D | AW11: B | AX11: B | AY11: C | AZ11: B | BA11: B | BB11: D | BC11: B | BD11: B | BE11: C | BF11: A | BG11: D | BH11: D | BI11: B | BJ11: C | BK11: C | BL11: A | BM11: B | BN11: C | BO11: A | BP11: C | BQ11: B | BR11: C | BS11: A | BT11: C | BU11: A | BV11: B | BW11: C | BX11: A | BY11: C | BZ11: C | CA11: B | CB11: C | CC11: B
A12: 8 | B12: 1066604750 | C12: ANGELINA MARIA OYÓLA HERRERA | AR12: C | AS12: B | AT12: C | AU12: C | AV12: B | AW12: B | AX12: A | AY12: A | AZ12: B | BA12: B | BB12: D | BC12: B | BD12: B | BE12: C | BF12: C | BG12: C | BH12: B | BI12: C | BJ12: A | BK12: B | BL12: C | BM12: B | BN12: C | BO12: C | BP12: A | BQ12: D | BR12: B | BS12: B | BT12: C | BU12: D | BV12: C | BW12: D | BX12: B | BY12: C | BZ12: B | CA12: C | CB12: C | CC12: B
A13: 9 | B13: 1063358724 | C13: CELENY LUZ ACOSTA MONTERROSA
A14: 10 | B14: 1063290142 | C14: DARLENE TRUJILLO | AR14: D | AS14: D | AT14: A | AU14: A | AV14: D | AW14: B | AX14: C | AY14: B | AZ14: A | BA14: C | BB14: C | BC14: C | BD14: B | BE14: C | BF14: B | BG14: B | BH14: B | BI14: B | BJ14: C | BK14: C | BL14: B | BM14: A | BN14: A | BO14: B | BP14: C | BQ14: C | BR14: B | BS14: B | BT14: D | BU14: A | BV14: D | BW14: B | BX14: C | BY14: D | BZ14: B | CA14: B | CB14: D | CC14: A
A15: 11 | B15: 1063292574 | C15: DAYANA MARÍA ARGUMEDO ARRIETA | AR15: C | AS15: C | AT15: C | AU15: A | AV15: C | AW15: A | AX15: C | AY15: D | AZ15: A | BA15: C | BB15: C | BC15: B | BD15: B | BE15: C | BF15: C | BG15: A | BH15: C | BI15: C | BJ15: D | BK15: C | BL15: D | BM15: A | BN15: D | BO15: A | BP15: C | BQ15: B | BR15: B | BS15: B | BT15: B | BU15: C | BV15: D | BW15: D | BX15: B | BY15: D | BZ15: C | CA15: D | CB15: B | CC15: A
A16: 12 | B16: 1066605372 | C16: DEIVER DAVID FLORES LOPEZ | AR16: D | AS16: C | AT16: C | AU16: B | AV16: D | AW16: D | AX16: C | AY16: C | AZ16: A | BA16: D | BB16: C | BC16: B | BD16: B | BE16: B | BF16: A | BG16: C | BH16: B | BI16: B | BJ16: D | BK16: D | BL16: A | BM16: A | BN16: B | BO16: A | BP16: D | BQ16: B | BR16: C | BS16: B | BT16: D | BU16: A | BV16: C | BW16: D | BX16: A | BY16: C | BZ16: B | CA16: B | CB16: C | CC16: C
A17: 13 | B17: 1063361706 | C17: DUBERNEY JARAMILLO CAPACHERO | AR17: C | AS17: A | AT17: B | AU17: B | AV17: A | AW17: D | AX17: C | AY17: C | AZ17: A | BA17: D | BB17: C | BC17: A | BD17: B | BE17: B | BF17: A | BG17: B | BH17: B | BI17: C | BJ17: C | BK17: C | BL17: C | BM17: A | BN17: D | BO17: A | BP17: B | BQ17: C | BR17: D | BS17: B | BT17: A | BU17: B | BV17: B | BW17: B | BX17: B | BY17: C | BZ17: B | CA17: B | CB17: B | CC17: C
A18: 13 | B18: 163788493 | C18: ELKIN DARIO QUITERO URANGO
A19: 14 | B19: 1063288376 | C19: EMILYS PATRICIA OVIEDO ROMERO | AR19: C | AS19: C | AT19: B | AU19: C | AV19: D | AW19: A | AX19: C | AZ19: B | BA19: C | BB19: C | BC19: B | BD19: B | BE19: B | BF19: D | BG19: B | BH19: C | BI19: C | BJ19: A | BK19: B | BL19: D | BM19: A | BN19: D | BO19: B | BP19: C | BQ19: B | BR19: C | BS19: B | BT19: A | BU19: C | BV19: C | BW19: D | BX19: B | BY19: A | BZ19: D | CA19: D | CB19: A | CC19: B
A20: 15 | B20: 1063361689 | C20: HEELEN DANIELA PÉREZ JIMÉNEZ. | AR20: C | AS20: C | AT20: D | AU20: A | AV20: A | AW20: D | AX20: C | AY20: A | AZ20: A | BA20: D | BB20: C | BC20: C | BD20: B | BE20: B | BF20: B | BG20: C | BH20: B | BI20: C | BJ20: A | BK20: B | BL20: C | BM20: A | BN20: D | BO20: B | BP20: A | BQ20: C | BR20: D | BS20: C | BT20: C | BU20: B | BV20: D | BW20: A | BX20: C | BY20: C | BZ20: B | CA20: B | CB20: C | CC20: C
A21: 15 | B21: 1063361637 | C21: ISABELA ALVARADO JULIO | AR21: D | AS21: D | AT21: C | AU21: B | AV21: D | AW21: A | AX21: B | AY21: C | AZ21: A | BA21: B | BB21: C | BC21: A | BD21: B | BE21: B | BF21: D | BG21: B | BH21: C | BI21: C | BJ21: A | BK21: B | BL21: C | BM21: A | BN21: B | BO21: D | BP21: C | BQ21: C | BR21: B | BS21: A | BT21: A | BU21: C | BV21: B | BW21: C | BX21: B | BY21: C | BZ21: D | CA21: D | CB21: A | CC21: B
A22: 16 | B22: 1067909173 | C22: ISABELA CUITIVA ALFARO | AR22: C | AS22: B | AT22: D | AU22: A | AV22: D | AW22: C | AX22: D | AY22: A | AZ22: A | BA22: A | BB22: C | BC22: D | BD22: A | BE22: B | BF22: D | BG22: D | BH22: C | BI22: D | BJ22: D | BK22: C | BL22: A | BM22: A | BN22: D | BO22: B | BP22: A | BQ22: C | BR22: C | BS22: B | BT22: D | BU22: A | BV22: D | BW22: B | BX22: B | BY22: D | BZ22: B | CA22: C | CB22: B | CC22: C
A23: 17 | B23: 1067974289 | C23: ISLENE TEIRUMA LOBO HERNÁNDEZ
A24: 18 | B24: 1067974993 | C24: JEAN CARLOS QUIÑONES HOYOS | AR24: C | AS24: A | AT24: C | AU24: A | AV24: C | AW24: B | AX24: B | AY24: C | AZ24: B | BA24: C | BB24: C | BC24: B | BD24: B | BE24: B | BF24: D | BG24: B | BH24: C | BI24: C | BJ24: A | BK24: B | BL24: D | BM24: A | BN24: D | BO24: B | BP24: C | BQ24: B | BR24: C | BS24: B | BT24: A | BU24: C | BV24: C | BW24: D | BX24: B | BY24: A | BZ24: D | CA24: D | CB24: A | CC24: B
A25: 19 | B25: 1025659114 | C25: JORGE ANDRES ARRIETA GARCIA | AR25: C | AS25: C | AT25: A | AU25: B | AV25: A | AW25: D | AX25: C | AY25: C | AZ25: D | BA25: B | BB25: A | BC25: A | BD25: B | BE25: C | BF25: D | BG25: B | BH25: C | BI25: C | BJ25: C | BK25: B | BL25: C | BM25: B | BN25: D | BO25: A | BP25: B | BQ25: C | BR25: A | BS25: D | BT25: B | BU25: B | BV25: D | BW25: D | BX25: B | BY25: B | BZ25: C | CA25: D | CB25: B | CC25: B
A26: 19 | B26: 1068423876 | C26: JULIAN ANDRES SAENZ MOLINA | AR26: C | AS26: C | AT26: D | AU26: B | AV26: D | AW26: D | AX26: D | AY26: A | AZ26: A | BA26: A | BB26: C | BC26: C | BD26: B | BE26: C | BF26: C | BG26: D | BH26: C | BI26: C | BJ26: D | BK26: B | BL26: B | BM26: A | BN26: D | BO26: B | BP26: D | BQ26: B | BR26: C | BS26: B | BT26: D | BU26: A | BV26: D | BW26: B | BX26: B | BY26: D | BZ26: C | CA26: C | CB26: D | CC26: A
A27: 20 | B27: 1067909383 | C27: JUNIOR ANDRES CALLE SAMARRA | AR27: D | AS27: C | AT27: A | AU27: C | AV27: D | AW27: A | AX27: B | AY27: A | AZ27: A | BA27: A | BB27: D | BC27: D | BD27: A | BE27: B | BF27: C | BG27: A | BH27: D | BI27: C | BJ27: D | BK27: B | BL27: D | BM27: A | BN27: C | BO27: D | BP27: A | BQ27: C | BR27: B | BS27: B | BT27: D | BU27: C | BV27: A | BW27: D | BX27: C | BY27: C | BZ27: A | CA27: C | CB27: D | CC27: B
A28: 21 | B28: 1063789915 | C28: KAREN NOEMITH NIETO DE AGUAS | AR28: C | AS28: B | AT28: D | AU28: C | AV28: D | AW28: B | AX28: C | AY28: A | AZ28: B | BA28: B | BB28: D | BC28: B | BD28: B | BE28: C | BF28: D | BG28: C | BH28: B | BI28: C | BJ28: A | BK28: B | BL28: C | BM28: B | BN28: C | BO28: C | BP28: A | BQ28: D | BR28: B | BS28: A | BT28: C | BU28: D | BV28: C | BW28: D | BX28: A | BY28: C | BZ28: B | CA28: D | CB28: B | CC28: B
A29: 22 | B29: 1063790077 | C29: KATERINE HOLGUIN BENAVIDES | AR29: C | AS29: B | AT29: D | AU29: C | AV29: D | AW29: B | AX29: C | AY29: A | AZ29: B | BA29: B | BB29: D | BC29: B | BD29: B | BE29: C | BF29: D | BG29: C | BH29: B | BI29: C | BJ29: A | BK29: B | BL29: C | BM29: B | BN29: C | BO29: C | BP29: A | BQ29: C | BR29: B | BS29: C | BT29: B | BU29: C | BV29: C | BW29: B | BX29: A | BY29: B | BZ29: B | CA29: D | CB29: B | CC29: B
A30: 23 | B30: 1063789697 | C30: KATIA ANDREA FERNÁNDEZ RAMOS
A31: 24 | B31: 1063360877 | C31: KEIDER LUIS SUAREZ CALDEÑO | AR31: C | AS31: C | AT31: A | AU31: B | AV31: A | AW31: D | AX31: C | AY31: C | AZ31: B | BA31: B | BB31: D | BC31: B | BD31: B | BE31: C | BF31: D | BG31: C | BH31: B | BI31: C | BJ31: A | BK31: B | BL31: C | BM31: B | BN31: C | BO31: C | BP31: A | BQ31: D | BR31: B | BS31: A | BT31: C | BU31: D | BV31: C | BW31: D | BX31: A | BY31: C | BZ31: B | CA31: D | CB31: B | CC31: B
A32: 25 | B32: 1068584743 | C32: KEINER NICK TUIRAN CUITIVA
A33: 26 | B33: 1066606047 | C33: KENDIS ESTER MONTIEL VILLALOBOS | AR33: C | AS33: A | AT33: D | AU33: A | AV33: A | AW33: D | AX33: C | AY33: A | AZ33: A | BA33: A | BB33: C | BC33: B | BD33: B | BE33: B | BF33: A | BG33: B | BH33: D | BI33: C | BJ33: C | BK33: D | BL33: B | BM33: B | BN33: D | BO33: B | BP33: A | BQ33: D | BR33: C | BS33: B | BT33: A | BU33: A | BV33: C | BW33: D | BX33: A | BY33: D | BZ33: B | CA33: B | CB33: B | CC33: B
A34: 27 | B34: 1063361381 | C34: KEVIN DAVID ACOSTA RAMOS | AR34: D | AS34: C | AT34: C | AU34: B | AV34: A | AW34: D | AX34: C | AY34: B | AZ34: A | BA34: D | BB34: B | BC34: A | BD34: B | BE34: C | BF34: A | BG34: D | BH34: C | BI34: D | BJ34: B | BK34: A | BL34: C | BM34: A | BN34: D | BO34: C | BP34: A | BQ34: B | BR34: D | BS34: B | BT34: C | BU34: A | BV34: C | BW34: B | BX34: D | BY34: A | BZ34: B | CA34: C | CB34: D | CC34: D
A35: 28 | B35: 1062969472 | C35: LENIS ENITH ORTEGA FUENTES
A36: 29 | B36: 1063789816 | C36: LILIANA ÁLVAREZ FLÓREZ | AR36: D | AS36: A | AT36: A | AU36: A | AV36: D | AW36: A | AX36: C | AY36: C | AZ36: C | BA36: A | BB36: D | BC36: A | BD36: B | BE36: B | BF36: A | BG36: C | BH36: B | BI36: C | BJ36: D | BK36: C | BL36: B | BM36: A | BN36: C | BO36: C | BP36: B | BQ36: A | BR36: C | BS36: D | BT36: A | BU36: B | BV36: B | BW36: A | BX36: C | BY36: A | BZ36: B | CA36: B | CB36: A | CC36: C
A37: 30 | B37: 1064193447 | C37: LUISA FERNANDA VILORIA VASQUEZ | AR37: C | AS37: C | AT37: C | AU37: C | AV37: C | AW37: C | AX37: D | AY37: C | AZ37: D | BA37: A | BB37: C | BC37: A | BD37: B | BE37: C | BF37: D | BG37: C | BH37: C | BI37: C | BJ37: D | BK37: D | BL37: A | BM37: A | BN37: D | BO37: A | BP37: B | BQ37: B | BR37: C | BS37: C | BT37: B | BU37: A | BV37: B | BW37: C | BX37: A | BY37: C | BZ37: C | CA37: B | CB37: C | CC37: C
A38: 31 | B38: 1063288993 | C38: MARÍA ISABEL QUIÑONES HERNÁNDEZ | AR38: C | AS38: A | AT38: B | AU38: B | AV38: D | AW38: D | AX38: C | AY38: B | AZ38: A | BA38: A | BB38: C | BC38: C | BD38: B | BE38: C | BF38: D | BG38: A | BH38: C | BI38: A | BJ38: D | BK38: C | BL38: A | BM38: A | BN38: B | BO38: C | BP38: A | BQ38: A | BR38: B | BS38: C | BT38: A | BU38: B | BV38: A | BW38: C | BX38: D | BY38: B | BZ38: C | CA38: D | CB38: B | CC38: C
A39: 32 | B39: 1062438199 | C39: MARÍA JOSEFINA MONTIEL BARRETO
A40: 33 | B40: 1066605849 | C40: MICHELL GONZALEZ SEVERICHE
A41: 34 | B41: 1063789702 | C41: MISHEEL UPARELA OLEA | AR41: C | AS41: B | AT41: A | AU41: B | AV41: C | AW41: B | AX41: C | AY41: C | AZ41: C | BA41: B | BB41: D | BC41: C | BD41: B | BE41: D | BF41: D | BG41: C | BH41: D | BI41: C | BJ41: A | BK41: C | BL41: B | BM41: C | BN41: C | BO41: C | BP41: A | BQ41: D | BR41: B | BS41: B | BT41: C | BU41: A | BV41: C | BW41: C | BX41: A | BY41: C | BZ41: B | CA41: C | CB41: B | CC41: B
A42: 35 | B42: 1063787388 | C42: NEIDER ENRIQUE ALMANZA RUIZ
A43: 36 | B43: 1063360837 | C43: NINA ISABEL GUERRERO AVILEZ | AR43: C | AS43: C | AT43: C | AU43: A | AV43: C | AW43: B | AX43: B | AY43: C | AZ43: B | BA43: C | BB43: C | BC43: B | BD43: B | BE43: B | BF43: D | BG43: B | BH43: C | BI43: C | BJ43: A | BK43: B | BL43: D | BM43: A | BN43: D | BO43: B | BP43: C | BQ43: B | BR43: C | BS43: B | BT43: A | BU43: C | BV43: C | BW43: D | BX43: B | BY43: A | BZ43: D | CA43: D | CB43: A | CC43: B
A44: 37 | B44: 1063359483 | C44: OSCAR YESID SUAREZ PESTAÑA | AR44: C | AS44: B | AT44: D | AU44: C | AV44: D | AW44: B | AX44: C | AY44: A | AZ44: B | BA44: B | BB44: D | BC44: B | BD44: B | BE44: C | BF44: D | BG44: C | BH44: B | BI44: C | BJ44: C | BK44: C | BL44: C | BM44: A | BN44: D | BO44: A | BP44: B | BQ44: C | BR44: D | BS44: B | BT44: A | BU44: B | BV44: B | BW44: D | BX44: B | BY44: C | BZ44: B | CA44: D | CB44: B | CC44: B
A45: 38 | B45: 1063789877 | C45: SAMUEL ANDRÉS BEJARANO GUTIERREZ
A46: 39 | B46: 1063790307 | C46: SEBASTIÁN GAIVADO NAVARRO
A47: 40 | B47: 1063292938 | C47: SOFIA SALCEDO GARCIA | AR47: C | AS47: A | AT47: C | AU47: A | AV47: C | AW47: B | AX47: B | AY47: C | AZ47: B | BA47: C | BB47: C | BC47: B | BD47: B | BE47: B | BF47: D | BG47: B | BH47: C | BI47: C | BJ47: A | BK47: B | BL47: D | BM47: A | BN47: D | BO47: B | BP47: C | BQ47: B | BR47: C | BS47: B | BT47: A | BU47: C | BV47: C | BW47: D | BX47: B | BY47: A | BZ47: D | CA47: D | CB47: A | CC47: B
A48: 41 | B48: 1063361407 | C48: TALIANA JARAMILLO MONTERROZA
A49: 43 | B49: 3022540760 | C49: VERÓNICA ARRIETA BARRIOS | AR49: C | AS49: C | AT49: D | AU49: C | AV49: D | AW49: D | AX49: C | AZ49: A | BA49: D | BB49: C | BC49: B | BD49: B | BE49: B | BF49: A | BG49: C | BH49: B | BI49: B | BJ49: D | BK49: C | BL49: A | BM49: A | BN49: D | BO49: A | BP49: B | BQ49: B | BR49: C | BS49: B | BT49: C | BU49: D | BV49: C | BW49: D | BX49: A | BY49: C | BZ49: B | CA49: B | CB49: C | CC49: C
A50: 44 | B50: 1063 361 944 | C50: YARELIS VEGA FLOREZ | AR50: C | AS50: A | AT50: C | AU50: A | AV50: C | AW50: B | AX50: B | AY50: C | AZ50: B | BA50: C | BB50: C | BC50: B | BD50: B | BE50: B | BF50: A | BG50: B | BH50: C | BI50: C | BJ50: A | BK50: B | BL50: D | BM50: A | BN50: D | BO50: B | BP50: C | BQ50: C | BR50: D | BS50: A | BT50: B | BU50: C | BV50: D | BW50: A | BX50: B | BY50: C | BZ50: D | CA50: D | CB50: A | CC50: B
A51: 32 | B51: 1063789482 | C51: YERIS YUBANA NÚÑEZ BALTASAR
A52: 33 | B52: 1063361419 | C52: YOVANIS TORDECILLA AGUILAR | AR52: C | AS52: D | AT52: B | AU52: A | AV52: D | AW52: D | AX52: C | AY52: C | AZ52: A | BA52: B | BB52: D | BC52: D | BD52: B | BE52: B | BF52: D | BG52: B | BH52: D | BI52: B | BJ52: C | BK52: B | BL52: B | BM52: D | BN52: B | BO52: C | BP52: A | BQ52: B | BR52: D | BS52: B | BT52: A | BU52: C | BV52: B | BW52: A | BX52: D | BY52: B | BZ52: C | CA52: B | CB52: A | CC52: B
A53: 34
A54: 35
A55: 36
A56: 37
A57: 38
A58: 39
A59: 40
A60: 41
A61: 42
A62: 43
A63: 44
A64: 45
... A516: 497

Sheet Conv. PI
A1: # | B1: PRUEBA INICIAL | CE1: CONSOLIDADO CL | CF1: NOTA CL | CG1: NOTA TOTAL 0-5 CL | CH1: CONSOLIDADO RL | CI1: NOTA RL | CJ1: NOTA TOTAL 0-5 RL | CK1: CONSOLIDADO TOTAL | CL1: NOTA TOTAL | CM1: NOTA TOTAL 0-5
B2: NOMBRE | C2: PREGUNTAS RL | AQ2: PREGUNTAS CL
C3: 1 | D3: 2 | E3: 3 | F3: 4 | G3: 5 | H3: 6 | I3: 7 | J3: 8 | K3: 9 | L3: 10 | M3: 11 | N3: 12 | O3: 13 | P3: 14 | Q3: 15 | R3: 16 | S3: 17 | T3: 18 | U3: 19 | V3: 20 | W3: 21 | X3: 22 | Y3: 23 | Z3: 24 | AA3: 25 | AB3: 26 | AC3: 27 | AD3: 28 | AE3: 29 | AF3: 30 | AG3: 31 | AH3: 32 | AI3: 33 | AJ3: 34 | AK3: 35 | AL3: 36 | AM3: 37 | AN3: 38 | AO3: 39 | AP3: 40 | AQ3: 41 | AR3: 42 | AS3: 43 | AT3: 44 | AU3: 45 | AV3: 46 | AW3: 47 | AX3: 48 | AY3: 49 | AZ3: 50 | BA3: 51 | BB3: 52 | BC3: 53 | BD3: 54 | BE3: 55 | BF3: 56 | BG3: 57 | BH3: 58 | BI3: 59 | BJ3: 60 | BK3: 61 | BL3: 62 | BM3: 63 | BN3: 64 | BO3: 65 | BP3: 66 | BQ3: 67 | BR3: 68 | BS3: 69 | BT3: 70 | BU3: 71 | BV3: 72 | BW3: 73 | BX3: 74 | BY3: 75 | BZ3: 76 | CA3: 77 | CB3: 78 | CC3: 79 | CD3: 80 | CF3: 39 | CI3: 38 | CL3: =+CF3+CI3 -> 77
B4: RESPUESTAS CORRECTAS
A5: 1 | B5: =P.I!C5 -> ANALÍA APARICIO | C5: =+IF(P.I!D5=P.I!$D$4,1,0) -> 0 | D5: =+IF(P.I!E5=P.I!$E$4,1,0) -> 0 | E5: =+IF(P.I!F5=P.I!$F$4,1,0) -> 0 | F5: =+IF(P.I!G5=P.I!$G$4,1,0) -> 0 | G5: =+IF(P.I!H5=P.I!$H$4,1,0) -> 0 | H5: =+IF(P.I!I5=P.I!$I$4,1,0) -> 0 | I5: =+IF(P.I!J5=P.I!$J$4,1,0) -> 0 | J5: =+IF(P.I!K5=P.I!$K$4,1,0) -> 0 | K5: =+IF(P.I!L5=P.I!$L$4,1,0) -> 0 | L5: =+IF(P.I!M5=P.I!$M$4,1,0) -> 0 | M5: =+IF(P.I!N5=P.I!$N$4,1,0) -> 0 | N5: =+IF(P.I!O5=P.I!$O$4,1,0) -> 0 | O5: =+IF(P.I!P5=P.I!$P$4,1,0) -> 0 | P5: =+IF(P.I!Q5=P.I!$Q$4,1,0) -> 0 | Q5: =+IF(P.I!R5=P.I!$R$4,1,0) -> 0 | R5: =+IF(P.I!S5=P.I!$S$4,1,0) -> 0 | S5: =+IF(P.I!T5=P.I!$T$4,1,0) -> 0 | T5: =+IF(P.I!U5=P.I!$U$4,1,0) -> 0 | U5: =+IF(P.I!V5=P.I!$V$4,1,0) -> 0 | V5: =+IF(P.I!W5=P.I!$W$4,1,0) -> 0 | W5: =+IF(P.I!X5=P.I!$X$4,1,0) -> 0 | X5: =+IF(P.I!Y5=P.I!$Y$4,1,0) -> 0 | Y5: =+IF(P.I!Z5=P.I!$Z$4,1,0) -> 0 | Z5: =+IF(P.I!AA5=P.I!$AA$4,1,0) -> 0 | AA5: =+IF(P.I!AB5=P.I!$AB$4,1,0) -> 0 | AB5: =+IF(P.I!AC5=P.I!$AC$4,1,0) -> 0 | AC5: =+IF(P.I!AD5=P.I!$AD$4,1,0) -> 0 | AD5: =+IF(P.I!AE5=P.I!$AE$4,1,0) -> 0 | AE5: =+IF(P.I!AF5=P.I!$AF$4,1,0) -> 0 | AF5: =+IF(P.I!AG5=P.I!$AG$4,1,0) -> 0 | AG5: =+IF(P.I!AH5=P.I!$AH$4,1,0) -> 0 | AH5: =+IF(P.I!AI5=P.I!$AI$4,1,0) -> 0 | AI5: =+IF(P.I!AJ5=P.I!$AJ$4,1,0) -> 0 | AJ5: =+IF(P.I!AK5=P.I!$AK$4,1,0) -> 0 | AK5: =+IF(P.I!AL5=P.I!$AL$4,1,0) -> 0 | AL5: =+IF(P.I!AM5=P.I!$AM$4,1,0) -> 0 | AM5: =+IF(P.I!AN5=P.I!$AN$4,1,0) -> 0 | AN5: =+IF(P.I!AO5=P.I!$AO$4,1,0) -> 0 | AO5: =+IF(P.I!AP5=P.I!$AP$4,1,0) -> 0 | AP5: =+IF(P.I!AQ5=P.I!$AQ$4,1,0) -> 0 | AQ5: =+IF(P.I!AR5=P.I!$AR$4,1,0) -> 1 | AR5: =+IF(P.I!AS5=P.I!$AS$4,1,0) -> 0 | AS5: =+IF(P.I!AT5=P.I!$AT$4,1,0) -> 0 | AT5: =+IF(P.I!AU5=P.I!$AU$4,1,0) -> 1 | AU5: =+IF(P.I!AV5=P.I!$AV$4,1,0) -> 0 | AV5: =+IF(P.I!AW5=P.I!$AW$4,1,0) -> 0 | AW5: =+IF(P.I!AX5=P.I!$AX$4,1,0) -> 0 | AX5: =+IF(P.I!AY5=P.I!$AY$4,1,0) -> 1 | AY5: =+IF(P.I!AZ5=P.I!$AZ$4,1,0) -> 0 | AZ5: =+IF(P.I!BA5=P.I!$BA$4,1,0) -> 0 | BA5: =+IF(P.I!BB5=P.I!$BB$4,1,0) -> 1 | BB5: =+IF(P.I!BC5=P.I!$BC$4,1,0) -> 0 | BC5: =+IF(P.I!BD5=P.I!$BD$4,1,0) -> 1 | BD5: =+IF(P.I!BE5=P.I!$BE$4,1,0) -> 1 | BE5: =+IF(P.I!BF5=P.I!$BF$4,1,0) -> 0 | BF5: =+IF(P.I!BG5=P.I!$BG$4,1,0) -> 0 | BG5: =+IF(P.I!BH5=P.I!$BH$4,1,0) -> 0 | BH5: =+IF(P.I!BI5=P.I!$BI$4,1,0) -> 0 | BI5: =+IF(P.I!BJ5=P.I!$BJ$4,1,0) -> 0 | BJ5: =+IF(P.I!BK5=P.I!$BK$4,1,0) -> 0 | BK5: =+IF(P.I!BL5=P.I!$BL$4,1,0) -> 0 | BL5: =+IF(P.I!BM5=P.I!$BM$4,1,0) -> 1 | BM5: =+IF(P.I!BN5=P.I!$BN$4,1,0) -> 1 | BN5: =+IF(P.I!BO5=P.I!$BO$4,1,0) -> 1 | BO5: =+IF(P.I!BP5=P.I!$BP$4,1,0) -> 0 | BP5: =+IF(P.I!BQ5=P.I!$BQ$4,1,0) -> 1 | BQ5: =+IF(P.I!BR5=P.I!$BR$4,1,0) -> 0 | BR5: =+IF(P.I!BS5=P.I!$BS$4,1,0) -> 0 | BS5: =+IF(P.I!BT5=P.I!$BT$4,1,0) -> 0 | BT5: =+IF(P.I!BU5=P.I!$BU$4,1,0) -> 0 | BU5: =+IF(P.I!BV5=P.I!$BV$4,1,0) -> 1 | BV5: =+IF(P.I!BW5=P.I!$BW$4,1,0) -> 1 | BW5: =+IF(P.I!BX5=P.I!$BX$4,1,0) -> 1 | BX5: =+IF(P.I!BY5=P.I!$BY$4,1,0) -> 0 | BY5: =+IF(P.I!BZ5=P.I!$BZ$4,1,0) -> 0 | BZ5: =+IF(P.I!CA5=P.I!$CA$4,1,0) -> 0 | CA5: =+IF(P.I!CB5=P.I!$CB$4,1,0) -> 1 | CB5: =+IF(P.I!CC5=P.I!$CC$4,1,0) -> 1 | CC5: =+IF(P.I!CD5=P.I!$CD$4,1,0) -> 0 | CD5: =+IF(P.I!CE5=P.I!$CE$4,1,0) -> 0 | CE5: =+SUM(C5:AP5) -> 0 | CF5: =+CE5/$CF$3*100 -> 0 | CG5: =+CF5*5/100 -> 0 | CH5: =+SUM(AQ5:CD5) -> 15 | CI5: =+CH5/$CI$3*100 -> 39.473684 | CJ5: =+CI5*5/100 -> 1.9736842 | CK5: =+CE5+CH5 -> 15 | CL5: =+CK5/$CL$3*100 -> 19.480519 | CM5: =+CL5*5/100 -> 0.97402597
A6: 2 | B6: =P.I!C6 -> ANALÍA APARICIO HOYOS | C6: =+IF(P.I!D6=P.I!$D$4,1,0) -> 0 | D6: =+IF(P.I!E6=P.I!$E$4,1,0) -> 0 | E6: =+IF(P.I!F6=P.I!$F$4,1,0) -> 0 | F6: =+IF(P.I!G6=P.I!$G$4,1,0) -> 0 | G6: =+IF(P.I!H6=P.I!$H$4,1,0) -> 0 | H6: =+IF(P.I!I6=P.I!$I$4,1,0) -> 0 | I6: =+IF(P.I!J6=P.I!$J$4,1,0) -> 0 | J6: =+IF(P.I!K6=P.I!$K$4,1,0) -> 0 | K6: =+IF(P.I!L6=P.I!$L$4,1,0) -> 0 | L6: =+IF(P.I!M6=P.I!$M$4,1,0) -> 0 | M6: =+IF(P.I!N6=P.I!$N$4,1,0) -> 0 | N6: =+IF(P.I!O6=P.I!$O$4,1,0) -> 0 | O6: =+IF(P.I!P6=P.I!$P$4,1,0) -> 0 | P6: =+IF(P.I!Q6=P.I!$Q$4,1,0) -> 0 | Q6: =+IF(P.I!R6=P.I!$R$4,1,0) -> 0 | R6: =+IF(P.I!S6=P.I!$S$4,1,0) -> 0 | S6: =+IF(P.I!T6=P.I!$T$4,1,0) -> 0 | T6: =+IF(P.I!U6=P.I!$U$4,1,0) -> 0 | U6: =+IF(P.I!V6=P.I!$V$4,1,0) -> 0 | V6: =+IF(P.I!W6=P.I!$W$4,1,0) -> 0 | W6: =+IF(P.I!X6=P.I!$X$4,1,0) -> 0 | X6: =+IF(P.I!Y6=P.I!$Y$4,1,0) -> 0 | Y6: =+IF(P.I!Z6=P.I!$Z$4,1,0) -> 0 | Z6: =+IF(P.I!AA6=P.I!$AA$4,1,0) -> 0 | AA6: =+IF(P.I!AB6=P.I!$AB$4,1,0) -> 0 | AB6: =+IF(P.I!AC6=P.I!$AC$4,1,0) -> 0 | AC6: =+IF(P.I!AD6=P.I!$AD$4,1,0) -> 0 | AD6: =+IF(P.I!AE6=P.I!$AE$4,1,0) -> 0 | AE6: =+IF(P.I!AF6=P.I!$AF$4,1,0) -> 0 | AF6: =+IF(P.I!AG6=P.I!$AG$4,1,0) -> 0 | AG6: =+IF(P.I!AH6=P.I!$AH$4,1,0) -> 0 | AH6: =+IF(P.I!AI6=P.I!$AI$4,1,0) -> 0 | AI6: =+IF(P.I!AJ6=P.I!$AJ$4,1,0) -> 0 | AJ6: =+IF(P.I!AK6=P.I!$AK$4,1,0) -> 0 | AK6: =+IF(P.I!AL6=P.I!$AL$4,1,0) -> 0 | AL6: =+IF(P.I!AM6=P.I!$AM$4,1,0) -> 0 | AM6: =+IF(P.I!AN6=P.I!$AN$4,1,0) -> 0 | AN6: =+IF(P.I!AO6=P.I!$AO$4,1,0) -> 0 | AO6: =+IF(P.I!AP6=P.I!$AP$4,1,0) -> 0 | AP6: =+IF(P.I!AQ6=P.I!$AQ$4,1,0) -> 0 | AQ6: =+IF(P.I!AR6=P.I!$AR$4,1,0) -> 1 | AR6: =+IF(P.I!AS6=P.I!$AS$4,1,0) -> 1 | AS6: =+IF(P.I!AT6=P.I!$AT$4,1,0) -> 0 | AT6: =+IF(P.I!AU6=P.I!$AU$4,1,0) -> 1 | AU6: =+IF(P.I!AV6=P.I!$AV$4,1,0) -> 0 | AV6: =+IF(P.I!AW6=P.I!$AW$4,1,0) -> 0 | AW6: =+IF(P.I!AX6=P.I!$AX$4,1,0) -> 1 | AX6: =+IF(P.I!AY6=P.I!$AY$4,1,0) -> 0 | AY6: =+IF(P.I!AZ6=P.I!$AZ$4,1,0) -> 1 | AZ6: =+IF(P.I!BA6=P.I!$BA$4,1,0) -> 0 | BA6: =+IF(P.I!BB6=P.I!$BB$4,1,0) -> 1 | BB6: =+IF(P.I!BC6=P.I!$BC$4,1,0) -> 0 | BC6: =+IF(P.I!BD6=P.I!$BD$4,1,0) -> 1 | BD6: =+IF(P.I!BE6=P.I!$BE$4,1,0) -> 1 | BE6: =+IF(P.I!BF6=P.I!$BF$4,1,0) -> 0 | BF6: =+IF(P.I!BG6=P.I!$BG$4,1,0) -> 1 | BG6: =+IF(P.I!BH6=P.I!$BH$4,1,0) -> 1 | BH6: =+IF(P.I!BI6=P.I!$BI$4,1,0) -> 1 | BI6: =+IF(P.I!BJ6=P.I!$BJ$4,1,0) -> 1 | BJ6: =+IF(P.I!BK6=P.I!$BK$4,1,0) -> 0 | BK6: =+IF(P.I!BL6=P.I!$BL$4,1,0) -> 0 | BL6: =+IF(P.I!BM6=P.I!$BM$4,1,0) -> 1 | BM6: =+IF(P.I!BN6=P.I!$BN$4,1,0) -> 0 | BN6: =+IF(P.I!BO6=P.I!$BO$4,1,0) -> 0 | BO6: =+IF(P.I!BP6=P.I!$BP$4,1,0) -> 0 | BP6: =+IF(P.I!BQ6=P.I!$BQ$4,1,0) -> 1 | BQ6: =+IF(P.I!BR6=P.I!$BR$4,1,0) -> 0 | BR6: =+IF(P.I!BS6=P.I!$BS$4,1,0) -> 0 | BS6: =+IF(P.I!BT6=P.I!$BT$4,1,0) -> 0 | BT6: =+IF(P.I!BU6=P.I!$BU$4,1,0) -> 1 | BU6: =+IF(P.I!BV6=P.I!$BV$4,1,0) -> 0 | BV6: =+IF(P.I!BW6=P.I!$BW$4,1,0) -> 0 | BW6: =+IF(P.I!BX6=P.I!$BX$4,1,0) -> 1 | BX6: =+IF(P.I!BY6=P.I!$BY$4,1,0) -> 0 | BY6: =+IF(P.I!BZ6=P.I!$BZ$4,1,0) -> 0 | BZ6: =+IF(P.I!CA6=P.I!$CA$4,1,0) -> 0 | CA6: =+IF(P.I!CB6=P.I!$CB$4,1,0) -> 0 | CB6: =+IF(P.I!CC6=P.I!$CC$4,1,0) -> 0 | CC6: =+IF(P.I!CD6=P.I!$CD$4,1,0) -> 0 | CD6: =+IF(P.I!CE6=P.I!$CE$4,1,0) -> 0 | CE6: =+SUM(C6:AP6) -> 0 | CF6: =+CE6/$CF$3*100 -> 0 | CG6: =+CF6*5/100 -> 0 | CH6: =+SUM(AQ6:CD6) -> 16 | CI6: =+CH6/$CI$3*100 -> 42.105263 | CJ6: =+CI6*5/100 -> 2.1052632 | CK6: =+CE6+CH6 -> 16 | CL6: =+CK6/$CL$3*100 -> 20.779221 | CM6: =+CL6*5/100 -> 1.038961
A7: 3 | B7: =P.I!#REF! -> #REF! | C7: =+IF(P.I!#REF!=P.I!$D$4,1,0) -> #REF! | D7: =+IF(P.I!#REF!=P.I!$E$4,1,0) -> #REF! | E7: =+IF(P.I!#REF!=P.I!$F$4,1,0) -> #REF! | F7: =+IF(P.I!#REF!=P.I!$G$4,1,0) -> #REF! | G7: =+IF(P.I!#REF!=P.I!$H$4,1,0) -> #REF! | H7: =+IF(P.I!#REF!=P.I!$I$4,1,0) -> #REF! | I7: =+IF(P.I!#REF!=P.I!$J$4,1,0) -> #REF! | J7: =+IF(P.I!#REF!=P.I!$K$4,1,0) -> #REF! | K7: =+IF(P.I!#REF!=P.I!$L$4,1,0) -> #REF! | L7: =+IF(P.I!#REF!=P.I!$M$4,1,0) -> #REF! | M7: =+IF(P.I!#REF!=P.I!$N$4,1,0) -> #REF! | N7: =+IF(P.I!#REF!=P.I!$O$4,1,0) -> #REF! | O7: =+IF(P.I!#REF!=P.I!$P$4,1,0) -> #REF! | P7: =+IF(P.I!#REF!=P.I!$Q$4,1,0) -> #REF! | Q7: =+IF(P.I!#REF!=P.I!$R$4,1,0) -> #REF! | R7: =+IF(P.I!#REF!=P.I!$S$4,1,0) -> #REF! | S7: =+IF(P.I!#REF!=P.I!$T$4,1,0) -> #REF! | T7: =+IF(P.I!#REF!=P.I!$U$4,1,0) -> #REF! | U7: =+IF(P.I!#REF!=P.I!$V$4,1,0) -> #REF! | V7: =+IF(P.I!#REF!=P.I!$W$4,1,0) -> #REF! | W7: =+IF(P.I!#REF!=P.I!$X$4,1,0) -> #REF! | X7: =+IF(P.I!#REF!=P.I!$Y$4,1,0) -> #REF! | Y7: =+IF(P.I!#REF!=P.I!$Z$4,1,0) -> #REF! | Z7: =+IF(P.I!#REF!=P.I!$AA$4,1,0) -> #REF! | AA7: =+IF(P.I!#REF!=P.I!$AB$4,1,0) -> #REF! | AB7: =+IF(P.I!#REF!=P.I!$AC$4,1,0) -> #REF! | AC7: =+IF(P.I!#REF!=P.I!$AD$4,1,0) -> #REF! | AD7: =+IF(P.I!#REF!=P.I!$AE$4,1,0) -> #REF! | AE7: =+IF(P.I!#REF!=P.I!$AF$4,1,0) -> #REF! | AF7: =+IF(P.I!#REF!=P.I!$AG$4,1,0) -> #REF! | AG7: =+IF(P.I!#REF!=P.I!$AH$4,1,0) -> #REF! | AH7: =+IF(P.I!#REF!=P.I!$AI$4,1,0) -> #REF! | AI7: =+IF(P.I!#REF!=P.I!$AJ$4,1,0) -> #REF! | AJ7: =+IF(P.I!#REF!=P.I!$AK$4,1,0) -> #REF! | AK7: =+IF(P.I!#REF!=P.I!$AL$4,1,0) -> #REF! | AL7: =+IF(P.I!#REF!=P.I!$AM$4,1,0) -> #REF! | AM7: =+IF(P.I!#REF!=P.I!$AN$4,1,0) -> #REF! | AN7: =+IF(P.I!#REF!=P.I!$AO$4,1,0) -> #REF! | AO7: =+IF(P.I!#REF!=P.I!$AP$4,1,0) -> #REF! | AP7: =+IF(P.I!AQ7=P.I!$AQ$4,1,0) -> 0 | AQ7: =+IF(P.I!AR7=P.I!$AR$4,1,0) -> 1 | AR7: =+IF(P.I!AS7=P.I!$AS$4,1,0) -> 0 | AS7: =+IF(P.I!AT7=P.I!$AT$4,1,0) -> 1 | AT7: =+IF(P.I!AU7=P.I!$AU$4,1,0) -> 0 | AU7: =+IF(P.I!AV7=P.I!$AV$4,1,0) -> 0 | AV7: =+IF(P.I!AW7=P.I!$AW$4,1,0) -> 0 | AW7: =+IF(P.I!AX7=P.I!$AX$4,1,0) -> 0 | AX7: =+IF(P.I!AY7=P.I!$AY$4,1,0) -> 1 | AY7: =+IF(P.I!AZ7=P.I!$AZ$4,1,0) -> 0 | AZ7: =+IF(P.I!BA7=P.I!$BA$4,1,0) -> 0 | BA7: =+IF(P.I!BB7=P.I!$BB$4,1,0) -> 1 | BB7: =+IF(P.I!BC7=P.I!$BC$4,1,0) -> 0 | BC7: =+IF(P.I!BD7=P.I!$BD$4,1,0) -> 0 | BD7: =+IF(P.I!BE7=P.I!$BE$4,1,0) -> 1 | BE7: =+IF(P.I!BF7=P.I!$BF$4,1,0) -> 1 | BF7: =+IF(P.I!BG7=P.I!$BG$4,1,0) -> 0 | BG7: =+IF(P.I!BH7=P.I!$BH$4,1,0) -> 0 | BH7: =+IF(P.I!BI7=P.I!$BI$4,1,0) -> 1 | BI7: =+IF(P.I!BJ7=P.I!$BJ$4,1,0) -> 0 | BJ7: =+IF(P.I!BK7=P.I!$BK$4,1,0) -> 1 | BK7: =+IF(P.I!BL7=P.I!$BL$4,1,0) -> 0 | BL7: =+IF(P.I!BM7=P.I!$BM$4,1,0) -> 1 | BM7: =+IF(P.I!BN7=P.I!$BN$4,1,0) -> 1 | BN7: =+IF(P.I!BO7=P.I!$BO$4,1,0) -> 1 | BO7: =+IF(P.I!BP7=P.I!$BP$4,1,0) -> 1 | BP7: =+IF(P.I!BQ7=P.I!$BQ$4,1,0) -> 0 | BQ7: =+IF(P.I!BR7=P.I!$BR$4,1,0) -> 0 | BR7: =+IF(P.I!BS7=P.I!$BS$4,1,0) -> 0 | BS7: =+IF(P.I!BT7=P.I!$BT$4,1,0) -> 1 | BT7: =+IF(P.I!BU7=P.I!$BU$4,1,0) -> 0 | BU7: =+IF(P.I!BV7=P.I!$BV$4,1,0) -> 1 | BV7: =+IF(P.I!BW7=P.I!$BW$4,1,0) -> 0 | BW7: =+IF(P.I!BX7=P.I!$BX$4,1,0) -> 1 | BX7: =+IF(P.I!BY7=P.I!$BY$4,1,0) -> 0 | BY7: =+IF(P.I!BZ7=P.I!$BZ$4,1,0) -> 0 | BZ7: =+IF(P.I!CA7=P.I!$CA$4,1,0) -> 0 | CA7: =+IF(P.I!CB7=P.I!$CB$4,1,0) -> 0 | CB7: =+IF(P.I!CC7=P.I!$CC$4,1,0) -> 1 | CC7: =+IF(P.I!CD7=P.I!$CD$4,1,0) -> 0 | CD7: =+IF(P.I!CE7=P.I!$CE$4,1,0) -> 0 | CE7: =+SUM(C7:AP7) -> #REF! | CF7: =+CE7/$CF$3*100 -> #REF! | CG7: =+CF7*5/100 -> #REF! | CH7: =+SUM(AQ7:CD7) -> 16 | CI7: =+CH7/$CI$3*100 -> 42.105263 | CJ7: =+CI7*5/100 -> 2.1052632 | CK7: =+CE7+CH7 -> #REF! | CL7: =+CK7/$CL$3*100 -> #REF! | CM7: =+CL7*5/100 -> #REF!
A8: 4 | B8: =P.I!C7 -> ANDREA CAROLINA ACUÑA CORONADO | C8: =+IF(P.I!D7=P.I!$D$4,1,0) -> 0 | D8: =+IF(P.I!E7=P.I!$E$4,1,0) -> 0 | E8: =+IF(P.I!F7=P.I!$F$4,1,0) -> 0 | F8: =+IF(P.I!G7=P.I!$G$4,1,0) -> 0 | G8: =+IF(P.I!H7=P.I!$H$4,1,0) -> 0 | H8: =+IF(P.I!I7=P.I!$I$4,1,0) -> 0 | I8: =+IF(P.I!J7=P.I!$J$4,1,0) -> 0 | J8: =+IF(P.I!K7=P.I!$K$4,1,0) -> 0 | K8: =+IF(P.I!L7=P.I!$L$4,1,0) -> 0 | L8: =+IF(P.I!M7=P.I!$M$4,1,0) -> 0 | M8: =+IF(P.I!N7=P.I!$N$4,1,0) -> 0 | N8: =+IF(P.I!O7=P.I!$O$4,1,0) -> 0 | O8: =+IF(P.I!P7=P.I!$P$4,1,0) -> 0 | P8: =+IF(P.I!Q7=P.I!$Q$4,1,0) -> 0 | Q8: =+IF(P.I!R7=P.I!$R$4,1,0) -> 0 | R8: =+IF(P.I!S7=P.I!$S$4,1,0) -> 0 | S8: =+IF(P.I!T7=P.I!$T$4,1,0) -> 0 | T8: =+IF(P.I!U7=P.I!$U$4,1,0) -> 0 | U8: =+IF(P.I!V7=P.I!$V$4,1,0) -> 0 | V8: =+IF(P.I!W7=P.I!$W$4,1,0) -> 0 | W8: =+IF(P.I!X7=P.I!$X$4,1,0) -> 0 | X8: =+IF(P.I!Y7=P.I!$Y$4,1,0) -> 0 | Y8: =+IF(P.I!Z7=P.I!$Z$4,1,0) -> 0 | Z8: =+IF(P.I!AA7=P.I!$AA$4,1,0) -> 0 | AA8: =+IF(P.I!AB7=P.I!$AB$4,1,0) -> 0 | AB8: =+IF(P.I!AC7=P.I!$AC$4,1,0) -> 0 | AC8: =+IF(P.I!AD7=P.I!$AD$4,1,0) -> 0 | AD8: =+IF(P.I!AE7=P.I!$AE$4,1,0) -> 0 | AE8: =+IF(P.I!AF7=P.I!$AF$4,1,0) -> 0 | AF8: =+IF(P.I!AG7=P.I!$AG$4,1,0) -> 0 | AG8: =+IF(P.I!AH7=P.I!$AH$4,1,0) -> 0 | AH8: =+IF(P.I!AI7=P.I!$AI$4,1,0) -> 0 | AI8: =+IF(P.I!AJ7=P.I!$AJ$4,1,0) -> 0 | AJ8: =+IF(P.I!AK7=P.I!$AK$4,1,0) -> 0 | AK8: =+IF(P.I!AL7=P.I!$AL$4,1,0) -> 0 | AL8: =+IF(P.I!AM7=P.I!$AM$4,1,0) -> 0 | AM8: =+IF(P.I!AN7=P.I!$AN$4,1,0) -> 0 | AN8: =+IF(P.I!AO7=P.I!$AO$4,1,0) -> 0 | AO8: =+IF(P.I!AP7=P.I!$AP$4,1,0) -> 0 | AP8: =+IF(P.I!AQ8=P.I!$AQ$4,1,0) -> 0 | AQ8: =+IF(P.I!AR8=P.I!$AR$4,1,0) -> 0 | AR8: =+IF(P.I!AS8=P.I!$AS$4,1,0) -> 1 | AS8: =+IF(P.I!AT8=P.I!$AT$4,1,0) -> 0 | AT8: =+IF(P.I!AU8=P.I!$AU$4,1,0) -> 1 | AU8: =+IF(P.I!AV8=P.I!$AV$4,1,0) -> 0 | AV8: =+IF(P.I!AW8=P.I!$AW$4,1,0) -> 1 | AW8: =+IF(P.I!AX8=P.I!$AX$4,1,0) -> 0 | AX8: =+IF(P.I!AY8=P.I!$AY$4,1,0) -> 0 | AY8: =+IF(P.I!AZ8=P.I!$AZ$4,1,0) -> 1 | AZ8: =+IF(P.I!BA8=P.I!$BA$4,1,0) -> 1 | BA8: =+IF(P.I!BB8=P.I!$BB$4,1,0) -> 0 | BB8: =+IF(P.I!BC8=P.I!$BC$4,1,0) -> 0 | BC8: =+IF(P.I!BD8=P.I!$BD$4,1,0) -> 0 | BD8: =+IF(P.I!BE8=P.I!$BE$4,1,0) -> 0 | BE8: =+IF(P.I!BF8=P.I!$BF$4,1,0) -> 0 | BF8: =+IF(P.I!BG8=P.I!$BG$4,1,0) -> 1 | BG8: =+IF(P.I!BH8=P.I!$BH$4,1,0) -> 0 | BH8: =+IF(P.I!BI8=P.I!$BI$4,1,0) -> 0 | BI8: =+IF(P.I!BJ8=P.I!$BJ$4,1,0) -> 0 | BJ8: =+IF(P.I!BK8=P.I!$BK$4,1,0) -> 0 | BK8: =+IF(P.I!BL8=P.I!$BL$4,1,0) -> 0 | BL8: =+IF(P.I!BM8=P.I!$BM$4,1,0) -> 0 | BM8: =+IF(P.I!BN8=P.I!$BN$4,1,0) -> 1 | BN8: =+IF(P.I!BO8=P.I!$BO$4,1,0) -> 0 | BO8: =+IF(P.I!BP8=P.I!$BP$4,1,0) -> 0 | BP8: =+IF(P.I!BQ8=P.I!$BQ$4,1,0) -> 0 | BQ8: =+IF(P.I!BR8=P.I!$BR$4,1,0) -> 0 | BR8: =+IF(P.I!BS8=P.I!$BS$4,1,0) -> 0 | BS8: =+IF(P.I!BT8=P.I!$BT$4,1,0) -> 0 | BT8: =+IF(P.I!BU8=P.I!$BU$4,1,0) -> 0 | BU8: =+IF(P.I!BV8=P.I!$BV$4,1,0) -> 0 | BV8: =+IF(P.I!BW8=P.I!$BW$4,1,0) -> 1 | BW8: =+IF(P.I!BX8=P.I!$BX$4,1,0) -> 0 | BX8: =+IF(P.I!BY8=P.I!$BY$4,1,0) -> 0 | BY8: =+IF(P.I!BZ8=P.I!$BZ$4,1,0) -> 0 | BZ8: =+IF(P.I!CA8=P.I!$CA$4,1,0) -> 0 | CA8: =+IF(P.I!CB8=P.I!$CB$4,1,0) -> 0 | CB8: =+IF(P.I!CC8=P.I!$CC$4,1,0) -> 1 | CC8: =+IF(P.I!CD8=P.I!$CD$4,1,0) -> 0 | CD8: =+IF(P.I!CE8=P.I!$CE$4,1,0) -> 0 | CE8: =+SUM(C8:AP8) -> 0 | CF8: =+CE8/$CF$3*100 -> 0 | CG8: =+CF8*5/100 -> 0 | CH8: =+SUM(AQ8:CD8) -> 9 | CI8: =+CH8/$CI$3*100 -> 23.684211 | CJ8: =+CI8*5/100 -> 1.1842105 | CK8: =+CE8+CH8 -> 9 | CL8: =+CK8/$CL$3*100 -> 11.688312 | CM8: =+CL8*5/100 -> 0.58441558
A9: 5 | B9: =P.I!#REF! -> #REF! | C9: =+IF(P.I!D8=P.I!$D$4,1,0) -> 0 | D9: =+IF(P.I!E8=P.I!$E$4,1,0) -> 0 | E9: =+IF(P.I!F8=P.I!$F$4,1,0) -> 0 | F9: =+IF(P.I!G8=P.I!$G$4,1,0) -> 0 | G9: =+IF(P.I!H8=P.I!$H$4,1,0) -> 0 | H9: =+IF(P.I!I8=P.I!$I$4,1,0) -> 0 | I9: =+IF(P.I!J8=P.I!$J$4,1,0) -> 0 | J9: =+IF(P.I!K8=P.I!$K$4,1,0) -> 0 | K9: =+IF(P.I!L8=P.I!$L$4,1,0) -> 0 | L9: =+IF(P.I!M8=P.I!$M$4,1,0) -> 0 | M9: =+IF(P.I!N8=P.I!$N$4,1,0) -> 0 | N9: =+IF(P.I!O8=P.I!$O$4,1,0) -> 0 | O9: =+IF(P.I!P8=P.I!$P$4,1,0) -> 0 | P9: =+IF(P.I!Q8=P.I!$Q$4,1,0) -> 0 | Q9: =+IF(P.I!R8=P.I!$R$4,1,0) -> 0 | R9: =+IF(P.I!S8=P.I!$S$4,1,0) -> 0 | S9: =+IF(P.I!T8=P.I!$T$4,1,0) -> 0 | T9: =+IF(P.I!U8=P.I!$U$4,1,0) -> 0 | U9: =+IF(P.I!V8=P.I!$V$4,1,0) -> 0 | V9: =+IF(P.I!W8=P.I!$W$4,1,0) -> 0 | W9: =+IF(P.I!X8=P.I!$X$4,1,0) -> 0 | X9: =+IF(P.I!Y8=P.I!$Y$4,1,0) -> 0 | Y9: =+IF(P.I!Z8=P.I!$Z$4,1,0) -> 0 | Z9: =+IF(P.I!AA8=P.I!$AA$4,1,0) -> 0 | AA9: =+IF(P.I!AB8=P.I!$AB$4,1,0) -> 0 | AB9: =+IF(P.I!AC8=P.I!$AC$4,1,0) -> 0 | AC9: =+IF(P.I!AD8=P.I!$AD$4,1,0) -> 0 | AD9: =+IF(P.I!AE8=P.I!$AE$4,1,0) -> 0 | AE9: =+IF(P.I!AF8=P.I!$AF$4,1,0) -> 0 | AF9: =+IF(P.I!AG8=P.I!$AG$4,1,0) -> 0 | AG9: =+IF(P.I!AH8=P.I!$AH$4,1,0) -> 0 | AH9: =+IF(P.I!AI8=P.I!$AI$4,1,0) -> 0 | AI9: =+IF(P.I!AJ8=P.I!$AJ$4,1,0) -> 0 | AJ9: =+IF(P.I!AK8=P.I!$AK$4,1,0) -> 0 | AK9: =+IF(P.I!AL8=P.I!$AL$4,1,0) -> 0 | AL9: =+IF(P.I!AM8=P.I!$AM$4,1,0) -> 0 | AM9: =+IF(P.I!AN8=P.I!$AN$4,1,0) -> 0 | AN9: =+IF(P.I!AO8=P.I!$AO$4,1,0) -> 0 | AO9: =+IF(P.I!AP8=P.I!$AP$4,1,0) -> 0 | AP9: =+IF(P.I!AQ9=P.I!$AQ$4,1,0) -> 0 | AQ9: =+IF(P.I!AR9=P.I!$AR$4,1,0) -> 1 | AR9: =+IF(P.I!AS9=P.I!$AS$4,1,0) -> 1 | AS9: =+IF(P.I!AT9=P.I!$AT$4,1,0) -> 0 | AT9: =+IF(P.I!AU9=P.I!$AU$4,1,0) -> 1 | AU9: =+IF(P.I!AV9=P.I!$AV$4,1,0) -> 0 | AV9: =+IF(P.I!AW9=P.I!$AW$4,1,0) -> 0 | AW9: =+IF(P.I!AX9=P.I!$AX$4,1,0) -> 0 | AX9: =+IF(P.I!AY9=P.I!$AY$4,1,0) -> 0 | AY9: =+IF(P.I!AZ9=P.I!$AZ$4,1,0) -> 1 | AZ9: =+IF(P.I!BA9=P.I!$BA$4,1,0) -> 0 | BA9: =+IF(P.I!BB9=P.I!$BB$4,1,0) -> 0 | BB9: =+IF(P.I!BC9=P.I!$BC$4,1,0) -> 0 | BC9: =+IF(P.I!BD9=P.I!$BD$4,1,0) -> 0 | BD9: =+IF(P.I!BE9=P.I!$BE$4,1,0) -> 0 | BE9: =+IF(P.I!BF9=P.I!$BF$4,1,0) -> 0 | BF9: =+IF(P.I!BG9=P.I!$BG$4,1,0) -> 0 | BG9: =+IF(P.I!BH9=P.I!$BH$4,1,0) -> 0 | BH9: =+IF(P.I!BI9=P.I!$BI$4,1,0) -> 0 | BI9: =+IF(P.I!BJ9=P.I!$BJ$4,1,0) -> 0 | BJ9: =+IF(P.I!BK9=P.I!$BK$4,1,0) -> 0 | BK9: =+IF(P.I!BL9=P.I!$BL$4,1,0) -> 0 | BL9: =+IF(P.I!BM9=P.I!$BM$4,1,0) -> 0 | BM9: =+IF(P.I!BN9=P.I!$BN$4,1,0) -> 0 | BN9: =+IF(P.I!BO9=P.I!$BO$4,1,0) -> 0 | BO9: =+IF(P.I!BP9=P.I!$BP$4,1,0) -> 1 | BP9: =+IF(P.I!BQ9=P.I!$BQ$4,1,0) -> 0 | BQ9: =+IF(P.I!BR9=P.I!$BR$4,1,0) -> 0 | BR9: =+IF(P.I!BS9=P.I!$BS$4,1,0) -> 1 | BS9: =+IF(P.I!BT9=P.I!$BT$4,1,0) -> 0 | BT9: =+IF(P.I!BU9=P.I!$BU$4,1,0) -> 1 | BU9: =+IF(P.I!BV9=P.I!$BV$4,1,0) -> 0 | BV9: =+IF(P.I!BW9=P.I!$BW$4,1,0) -> 1 | BW9: =+IF(P.I!BX9=P.I!$BX$4,1,0) -> 0 | BX9: =+IF(P.I!BY9=P.I!$BY$4,1,0) -> 0 | BY9: =+IF(P.I!BZ9=P.I!$BZ$4,1,0) -> 0 | BZ9: =+IF(P.I!CA9=P.I!$CA$4,1,0) -> 0 | CA9: =+IF(P.I!CB9=P.I!$CB$4,1,0) -> 1 | CB9: =+IF(P.I!CC9=P.I!$CC$4,1,0) -> 0 | CC9: =+IF(P.I!CD9=P.I!$CD$4,1,0) -> 0 | CD9: =+IF(P.I!CE9=P.I!$CE$4,1,0) -> 0 | CE9: =+SUM(C9:AP9) -> 0 | CF9: =+CE9/$CF$3*100 -> 0 | CG9: =+CF9*5/100 -> 0 | CH9: =+SUM(AQ9:CD9) -> 9 | CI9: =+CH9/$CI$3*100 -> 23.684211 | CJ9: =+CI9*5/100 -> 1.1842105 | CK9: =+CE9+CH9 -> 9 | CL9: =+CK9/$CL$3*100 -> 11.688312 | CM9: =+CL9*5/100 -> 0.58441558
A10: 6 | B10: =P.I!C9 -> ANDRÉS DAVID OSUNA ALVAREZ | C10: =+IF(P.I!D11=P.I!$D$4,1,0) -> 0 | D10: =+IF(P.I!E11=P.I!$E$4,1,0) -> 0 | E10: =+IF(P.I!F11=P.I!$F$4,1,0) -> 0 | F10: =+IF(P.I!G11=P.I!$G$4,1,0) -> 0 | G10: =+IF(P.I!H11=P.I!$H$4,1,0) -> 0 | H10: =+IF(P.I!I11=P.I!$I$4,1,0) -> 0 | I10: =+IF(P.I!J11=P.I!$J$4,1,0) -> 0 | J10: =+IF(P.I!K11=P.I!$K$4,1,0) -> 0 | K10: =+IF(P.I!L11=P.I!$L$4,1,0) -> 0 | L10: =+IF(P.I!M11=P.I!$M$4,1,0) -> 0 | M10: =+IF(P.I!N11=P.I!$N$4,1,0) -> 0 | N10: =+IF(P.I!O11=P.I!$O$4,1,0) -> 0 | O10: =+IF(P.I!P11=P.I!$P$4,1,0) -> 0 | P10: =+IF(P.I!Q11=P.I!$Q$4,1,0) -> 0 | Q10: =+IF(P.I!R11=P.I!$R$4,1,0) -> 0 | R10: =+IF(P.I!S11=P.I!$S$4,1,0) -> 0 | S10: =+IF(P.I!T11=P.I!$T$4,1,0) -> 0 | T10: =+IF(P.I!U11=P.I!$U$4,1,0) -> 0 | U10: =+IF(P.I!V11=P.I!$V$4,1,0) -> 0 | V10: =+IF(P.I!W11=P.I!$W$4,1,0) -> 0 | W10: =+IF(P.I!X11=P.I!$X$4,1,0) -> 0 | X10: =+IF(P.I!Y11=P.I!$Y$4,1,0) -> 0 | Y10: =+IF(P.I!Z11=P.I!$Z$4,1,0) -> 0 | Z10: =+IF(P.I!AA11=P.I!$AA$4,1,0) -> 0 | AA10: =+IF(P.I!AB11=P.I!$AB$4,1,0) -> 0 | AB10: =+IF(P.I!AC11=P.I!$AC$4,1,0) -> 0 | AC10: =+IF(P.I!AD11=P.I!$AD$4,1,0) -> 0 | AD10: =+IF(P.I!AE11=P.I!$AE$4,1,0) -> 0 | AE10: =+IF(P.I!AF11=P.I!$AF$4,1,0) -> 0 | AF10: =+IF(P.I!AG11=P.I!$AG$4,1,0) -> 0 | AG10: =+IF(P.I!AH11=P.I!$AH$4,1,0) -> 0 | AH10: =+IF(P.I!AI11=P.I!$AI$4,1,0) -> 0 | AI10: =+IF(P.I!AJ11=P.I!$AJ$4,1,0) -> 0 | AJ10: =+IF(P.I!AK11=P.I!$AK$4,1,0) -> 0 | AK10: =+IF(P.I!AL11=P.I!$AL$4,1,0) -> 0 | AL10: =+IF(P.I!AM11=P.I!$AM$4,1,0) -> 0 | AM10: =+IF(P.I!AN11=P.I!$AN$4,1,0) -> 0 | AN10: =+IF(P.I!AO11=P.I!$AO$4,1,0) -> 0 | AO10: =+IF(P.I!AP11=P.I!$AP$4,1,0) -> 0 | AP10: =+IF(P.I!AQ11=P.I!$AQ$4,1,0) -> 0 | AQ10: =+IF(P.I!AR11=P.I!$AR$4,1,0) -> 1 | AR10: =+IF(P.I!AS11=P.I!$AS$4,1,0) -> 0 | AS10: =+IF(P.I!AT11=P.I!$AT$4,1,0) -> 0 | AT10: =+IF(P.I!AU11=P.I!$AU$4,1,0) -> 0 | AU10: =+IF(P.I!AV11=P.I!$AV$4,1,0) -> 0 | AV10: =+IF(P.I!AW11=P.I!$AW$4,1,0) -> 1 | AW10: =+IF(P.I!AX11=P.I!$AX$4,1,0) -> 0 | AX10: =+IF(P.I!AY11=P.I!$AY$4,1,0) -> 0 | AY10: =+IF(P.I!AZ11=P.I!$AZ$4,1,0) -> 0 | AZ10: =+IF(P.I!BA11=P.I!$BA$4,1,0) -> 0 | BA10: =+IF(P.I!BB11=P.I!$BB$4,1,0) -> 0 | BB10: =+IF(P.I!BC11=P.I!$BC$4,1,0) -> 0 | BC10: =+IF(P.I!BD11=P.I!$BD$4,1,0) -> 1 | BD10: =+IF(P.I!BE11=P.I!$BE$4,1,0) -> 0 | BE10: =+IF(P.I!BF11=P.I!$BF$4,1,0) -> 1 | BF10: =+IF(P.I!BG11=P.I!$BG$4,1,0) -> 0 | BG10: =+IF(P.I!BH11=P.I!$BH$4,1,0) -> 0 | BH10: =+IF(P.I!BI11=P.I!$BI$4,1,0) -> 0 | BI10: =+IF(P.I!BJ11=P.I!$BJ$4,1,0) -> 1 | BJ10: =+IF(P.I!BK11=P.I!$BK$4,1,0) -> 0 | BK10: =+IF(P.I!BL11=P.I!$BL$4,1,0) -> 0 | BL10: =+IF(P.I!BM11=P.I!$BM$4,1,0) -> 0 | BM10: =+IF(P.I!BN11=P.I!$BN$4,1,0) -> 0 | BN10: =+IF(P.I!BO11=P.I!$BO$4,1,0) -> 0 | BO10: =+IF(P.I!BP11=P.I!$BP$4,1,0) -> 1 | BP10: =+IF(P.I!BQ11=P.I!$BQ$4,1,0) -> 0 | BQ10: =+IF(P.I!BR11=P.I!$BR$4,1,0) -> 0 | BR10: =+IF(P.I!BS11=P.I!$BS$4,1,0) -> 1 | BS10: =+IF(P.I!BT11=P.I!$BT$4,1,0) -> 0 | BT10: =+IF(P.I!BU11=P.I!$BU$4,1,0) -> 0 | BU10: =+IF(P.I!BV11=P.I!$BV$4,1,0) -> 0 | BV10: =+IF(P.I!BW11=P.I!$BW$4,1,0) -> 0 | BW10: =+IF(P.I!BX11=P.I!$BX$4,1,0) -> 0 | BX10: =+IF(P.I!BY11=P.I!$BY$4,1,0) -> 1 | BY10: =+IF(P.I!BZ11=P.I!$BZ$4,1,0) -> 0 | BZ10: =+IF(P.I!CA11=P.I!$CA$4,1,0) -> 0 | CA10: =+IF(P.I!CB11=P.I!$CB$4,1,0) -> 0 | CB10: =+IF(P.I!CC11=P.I!$CC$4,1,0) -> 1 | CC10: =+IF(P.I!CD11=P.I!$CD$4,1,0) -> 0 | CD10: =+IF(P.I!CE11=P.I!$CE$4,1,0) -> 0 | CE10: =+SUM(C10:AP10) -> 0 | CF10: =+CE10/$CF$3*100 -> 0 | CG10: =+CF10*5/100 -> 0 | CH10: =+SUM(AQ10:CD10) -> 9 | CI10: =+CH10/$CI$3*100 -> 23.684211 | CJ10: =+CI10*5/100 -> 1.1842105 | CK10: =+CE10+CH10 -> 9 | CL10: =+CK10/$CL$3*100 -> 11.688312 | CM10: =+CL10*5/100 -> 0.58441558
A11: 7 | B11: =P.I!#REF! -> #REF! | C11: =+IF(P.I!D12=P.I!$D$4,1,0) -> 0 | D11: =+IF(P.I!E12=P.I!$E$4,1,0) -> 0 | E11: =+IF(P.I!F12=P.I!$F$4,1,0) -> 0 | F11: =+IF(P.I!G12=P.I!$G$4,1,0) -> 0 | G11: =+IF(P.I!H12=P.I!$H$4,1,0) -> 0 | H11: =+IF(P.I!I12=P.I!$I$4,1,0) -> 0 | I11: =+IF(P.I!J12=P.I!$J$4,1,0) -> 0 | J11: =+IF(P.I!K12=P.I!$K$4,1,0) -> 0 | K11: =+IF(P.I!L12=P.I!$L$4,1,0) -> 0 | L11: =+IF(P.I!M12=P.I!$M$4,1,0) -> 0 | M11: =+IF(P.I!N12=P.I!$N$4,1,0) -> 0 | N11: =+IF(P.I!O12=P.I!$O$4,1,0) -> 0 | O11: =+IF(P.I!P12=P.I!$P$4,1,0) -> 0 | P11: =+IF(P.I!Q12=P.I!$Q$4,1,0) -> 0 | Q11: =+IF(P.I!R12=P.I!$R$4,1,0) -> 0 | R11: =+IF(P.I!S12=P.I!$S$4,1,0) -> 0 | S11: =+IF(P.I!T12=P.I!$T$4,1,0) -> 0 | T11: =+IF(P.I!U12=P.I!$U$4,1,0) -> 0 | U11: =+IF(P.I!V12=P.I!$V$4,1,0) -> 0 | V11: =+IF(P.I!W12=P.I!$W$4,1,0) -> 0 | W11: =+IF(P.I!X12=P.I!$X$4,1,0) -> 0 | X11: =+IF(P.I!Y12=P.I!$Y$4,1,0) -> 0 | Y11: =+IF(P.I!Z12=P.I!$Z$4,1,0) -> 0 | Z11: =+IF(P.I!AA12=P.I!$AA$4,1,0) -> 0 | AA11: =+IF(P.I!AB12=P.I!$AB$4,1,0) -> 0 | AB11: =+IF(P.I!AC12=P.I!$AC$4,1,0) -> 0 | AC11: =+IF(P.I!AD12=P.I!$AD$4,1,0) -> 0 | AD11: =+IF(P.I!AE12=P.I!$AE$4,1,0) -> 0 | AE11: =+IF(P.I!AF12=P.I!$AF$4,1,0) -> 0 | AF11: =+IF(P.I!AG12=P.I!$AG$4,1,0) -> 0 | AG11: =+IF(P.I!AH12=P.I!$AH$4,1,0) -> 0 | AH11: =+IF(P.I!AI12=P.I!$AI$4,1,0) -> 0 | AI11: =+IF(P.I!AJ12=P.I!$AJ$4,1,0) -> 0 | AJ11: =+IF(P.I!AK12=P.I!$AK$4,1,0) -> 0 | AK11: =+IF(P.I!AL12=P.I!$AL$4,1,0) -> 0 | AL11: =+IF(P.I!AM12=P.I!$AM$4,1,0) -> 0 | AM11: =+IF(P.I!AN12=P.I!$AN$4,1,0) -> 0 | AN11: =+IF(P.I!AO12=P.I!$AO$4,1,0) -> 0 | AO11: =+IF(P.I!AP12=P.I!$AP$4,1,0) -> 0 | AP11: =+IF(P.I!AQ12=P.I!$AQ$4,1,0) -> 0 | AQ11: =+IF(P.I!AR12=P.I!$AR$4,1,0) -> 1 | AR11: =+IF(P.I!AS12=P.I!$AS$4,1,0) -> 0 | AS11: =+IF(P.I!AT12=P.I!$AT$4,1,0) -> 0 | AT11: =+IF(P.I!AU12=P.I!$AU$4,1,0) -> 0 | AU11: =+IF(P.I!AV12=P.I!$AV$4,1,0) -> 0 | AV11: =+IF(P.I!AW12=P.I!$AW$4,1,0) -> 1 | AW11: =+IF(P.I!AX12=P.I!$AX$4,1,0) -> 0 | AX11: =+IF(P.I!AY12=P.I!$AY$4,1,0) -> 1 | AY11: =+IF(P.I!AZ12=P.I!$AZ$4,1,0) -> 0 | AZ11: =+IF(P.I!BA12=P.I!$BA$4,1,0) -> 0 | BA11: =+IF(P.I!BB12=P.I!$BB$4,1,0) -> 0 | BB11: =+IF(P.I!BC12=P.I!$BC$4,1,0) -> 0 | BC11: =+IF(P.I!BD12=P.I!$BD$4,1,0) -> 1 | BD11: =+IF(P.I!BE12=P.I!$BE$4,1,0) -> 0 | BE11: =+IF(P.I!BF12=P.I!$BF$4,1,0) -> 0 | BF11: =+IF(P.I!BG12=P.I!$BG$4,1,0) -> 0 | BG11: =+IF(P.I!BH12=P.I!$BH$4,1,0) -> 1 | BH11: =+IF(P.I!BI12=P.I!$BI$4,1,0) -> 1 | BI11: =+IF(P.I!BJ12=P.I!$BJ$4,1,0) -> 0 | BJ11: =+IF(P.I!BK12=P.I!$BK$4,1,0) -> 1 | BK11: =+IF(P.I!BL12=P.I!$BL$4,1,0) -> 1 | BL11: =+IF(P.I!BM12=P.I!$BM$4,1,0) -> 0 | BM11: =+IF(P.I!BN12=P.I!$BN$4,1,0) -> 0 | BN11: =+IF(P.I!BO12=P.I!$BO$4,1,0) -> 0 | BO11: =+IF(P.I!BP12=P.I!$BP$4,1,0) -> 0 | BP11: =+IF(P.I!BQ12=P.I!$BQ$4,1,0) -> 0 | BQ11: =+IF(P.I!BR12=P.I!$BR$4,1,0) -> 0 | BR11: =+IF(P.I!BS12=P.I!$BS$4,1,0) -> 0 | BS11: =+IF(P.I!BT12=P.I!$BT$4,1,0) -> 0 | BT11: =+IF(P.I!BU12=P.I!$BU$4,1,0) -> 0 | BU11: =+IF(P.I!BV12=P.I!$BV$4,1,0) -> 1 | BV11: =+IF(P.I!BW12=P.I!$BW$4,1,0) -> 0 | BW11: =+IF(P.I!BX12=P.I!$BX$4,1,0) -> 1 | BX11: =+IF(P.I!BY12=P.I!$BY$4,1,0) -> 1 | BY11: =+IF(P.I!BZ12=P.I!$BZ$4,1,0) -> 1 | BZ11: =+IF(P.I!CA12=P.I!$CA$4,1,0) -> 0 | CA11: =+IF(P.I!CB12=P.I!$CB$4,1,0) -> 0 | CB11: =+IF(P.I!CC12=P.I!$CC$4,1,0) -> 1 | CC11: =+IF(P.I!CD12=P.I!$CD$4,1,0) -> 0 | CD11: =+IF(P.I!CE12=P.I!$CE$4,1,0) -> 0 | CE11: =+SUM(C11:AP11) -> 0 | CF11: =+CE11/$CF$3*100 -> 0 | CG11: =+CF11*5/100 -> 0 | CH11: =+SUM(AQ11:CD11) -> 13 | CI11: =+CH11/$CI$3*100 -> 34.210526 | CJ11: =+CI11*5/100 -> 1.7105263 | CK11: =+CE11+CH11 -> 13 | CL11: =+CK11/$CL$3*100 -> 16.883117 | CM11: =+CL11*5/100 -> 0.84415584
A12: 8 | B12: =P.I!C13 -> CELENY LUZ ACOSTA MONTERROSA | C12: =+IF(P.I!D13=P.I!$D$4,1,0) -> 0 | D12: =+IF(P.I!E13=P.I!$E$4,1,0) -> 0 | E12: =+IF(P.I!F13=P.I!$F$4,1,0) -> 0 | F12: =+IF(P.I!G13=P.I!$G$4,1,0) -> 0 | G12: =+IF(P.I!H13=P.I!$H$4,1,0) -> 0 | H12: =+IF(P.I!I13=P.I!$I$4,1,0) -> 0 | I12: =+IF(P.I!J13=P.I!$J$4,1,0) -> 0 | J12: =+IF(P.I!K13=P.I!$K$4,1,0) -> 0 | K12: =+IF(P.I!L13=P.I!$L$4,1,0) -> 0 | L12: =+IF(P.I!M13=P.I!$M$4,1,0) -> 0 | M12: =+IF(P.I!N13=P.I!$N$4,1,0) -> 0 | N12: =+IF(P.I!O13=P.I!$O$4,1,0) -> 0 | O12: =+IF(P.I!P13=P.I!$P$4,1,0) -> 0 | P12: =+IF(P.I!Q13=P.I!$Q$4,1,0) -> 0 | Q12: =+IF(P.I!R13=P.I!$R$4,1,0) -> 0 | R12: =+IF(P.I!S13=P.I!$S$4,1,0) -> 0 | S12: =+IF(P.I!T13=P.I!$T$4,1,0) -> 0 | T12: =+IF(P.I!U13=P.I!$U$4,1,0) -> 0 | U12: =+IF(P.I!V13=P.I!$V$4,1,0) -> 0 | V12: =+IF(P.I!W13=P.I!$W$4,1,0) -> 0 | W12: =+IF(P.I!X13=P.I!$X$4,1,0) -> 0 | X12: =+IF(P.I!Y13=P.I!$Y$4,1,0) -> 0 | Y12: =+IF(P.I!Z13=P.I!$Z$4,1,0) -> 0 | Z12: =+IF(P.I!AA13=P.I!$AA$4,1,0) -> 0 | AA12: =+IF(P.I!AB13=P.I!$AB$4,1,0) -> 0 | AB12: =+IF(P.I!AC13=P.I!$AC$4,1,0) -> 0 | AC12: =+IF(P.I!AD13=P.I!$AD$4,1,0) -> 0 | AD12: =+IF(P.I!AE13=P.I!$AE$4,1,0) -> 0 | AE12: =+IF(P.I!AF13=P.I!$AF$4,1,0) -> 0 | AF12: =+IF(P.I!AG13=P.I!$AG$4,1,0) -> 0 | AG12: =+IF(P.I!AH13=P.I!$AH$4,1,0) -> 0 | AH12: =+IF(P.I!AI13=P.I!$AI$4,1,0) -> 0 | AI12: =+IF(P.I!AJ13=P.I!$AJ$4,1,0) -> 0 | AJ12: =+IF(P.I!AK13=P.I!$AK$4,1,0) -> 0 | AK12: =+IF(P.I!AL13=P.I!$AL$4,1,0) -> 0 | AL12: =+IF(P.I!AM13=P.I!$AM$4,1,0) -> 0 | AM12: =+IF(P.I!AN13=P.I!$AN$4,1,0) -> 0 | AN12: =+IF(P.I!AO13=P.I!$AO$4,1,0) -> 0 | AO12: =+IF(P.I!AP13=P.I!$AP$4,1,0) -> 0 | AP12: =+IF(P.I!AQ13=P.I!$AQ$4,1,0) -> 0 | AQ12: =+IF(P.I!AR41=P.I!$AR$4,1,0) -> 1 | AR12: =+IF(P.I!AS41=P.I!$AS$4,1,0) -> 0 | AS12: =+IF(P.I!AT41=P.I!$AT$4,1,0) -> 1 | AT12: =+IF(P.I!AU41=P.I!$AU$4,1,0) -> 0 | AU12: =+IF(P.I!AV41=P.I!$AV$4,1,0) -> 0 | AV12: =+IF(P.I!AW41=P.I!$AW$4,1,0) -> 1 | AW12: =+IF(P.I!AX41=P.I!$AX$4,1,0) -> 1 | AX12: =+IF(P.I!AY41=P.I!$AY$4,1,0) -> 0 | AY12: =+IF(P.I!AZ41=P.I!$AZ$4,1,0) -> 0 | AZ12: =+IF(P.I!BA41=P.I!$BA$4,1,0) -> 0 | BA12: =+IF(P.I!BB41=P.I!$BB$4,1,0) -> 0 | BB12: =+IF(P.I!BC41=P.I!$BC$4,1,0) -> 0 | BC12: =+IF(P.I!BD41=P.I!$BD$4,1,0) -> 1 | BD12: =+IF(P.I!BE41=P.I!$BE$4,1,0) -> 0 | BE12: =+IF(P.I!BF41=P.I!$BF$4,1,0) -> 0 | BF12: =+IF(P.I!BG41=P.I!$BG$4,1,0) -> 0 | BG12: =+IF(P.I!BH41=P.I!$BH$4,1,0) -> 0 | BH12: =+IF(P.I!BI41=P.I!$BI$4,1,0) -> 1 | BI12: =+IF(P.I!BJ41=P.I!$BJ$4,1,0) -> 0 | BJ12: =+IF(P.I!BK41=P.I!$BK$4,1,0) -> 0 | BK12: =+IF(P.I!BL41=P.I!$BL$4,1,0) -> 0 | BL12: =+IF(P.I!BM41=P.I!$BM$4,1,0) -> 0 | BM12: =+IF(P.I!BN41=P.I!$BN$4,1,0) -> 0 | BN12: =+IF(P.I!BO41=P.I!$BO$4,1,0) -> 0 | BO12: =+IF(P.I!BP41=P.I!$BP$4,1,0) -> 0 | BP12: =+IF(P.I!BQ41=P.I!$BQ$4,1,0) -> 0 | BQ12: =+IF(P.I!BR41=P.I!$BR$4,1,0) -> 0 | BR12: =+IF(P.I!BS41=P.I!$BS$4,1,0) -> 0 | BS12: =+IF(P.I!BT41=P.I!$BT$4,1,0) -> 0 | BT12: =+IF(P.I!BU41=P.I!$BU$4,1,0) -> 0 | BU12: =+IF(P.I!BV41=P.I!$BV$4,1,0) -> 1 | BV12: =+IF(P.I!BW41=P.I!$BW$4,1,0) -> 0 | BW12: =+IF(P.I!BX41=P.I!$BX$4,1,0) -> 0 | BX12: =+IF(P.I!BY41=P.I!$BY$4,1,0) -> 1 | BY12: =+IF(P.I!BZ41=P.I!$BZ$4,1,0) -> 1 | BZ12: =+IF(P.I!CA41=P.I!$CA$4,1,0) -> 0 | CA12: =+IF(P.I!CB41=P.I!$CB$4,1,0) -> 1 | CB12: =+IF(P.I!CC41=P.I!$CC$4,1,0) -> 1 | CC12: =+IF(P.I!CD13=P.I!$CD$4,1,0) -> 0 | CD12: =+IF(P.I!CE13=P.I!$CE$4,1,0) -> 0 | CE12: =+SUM(C12:AP12) -> 0 | CF12: =+CE12/$CF$3*100 -> 0 | CG12: =+CF12*5/100 -> 0 | CH12: =+SUM(AQ12:CD12) -> 11 | CI12: =+CH12/$CI$3*100 -> 28.947368 | CJ12: =+CI12*5/100 -> 1.4473684 | CK12: =+CE12+CH12 -> 11 | CL12: =+CK12/$CL$3*100 -> 14.285714 | CM12: =+CL12*5/100 -> 0.71428571
A13: 9 | B13: =P.I!C16 -> DEIVER DAVID FLORES LOPEZ | C13: =+IF(P.I!D16=P.I!$D$4,1,0) -> 0 | D13: =+IF(P.I!E16=P.I!$E$4,1,0) -> 0 | E13: =+IF(P.I!F16=P.I!$F$4,1,0) -> 0 | F13: =+IF(P.I!G16=P.I!$G$4,1,0) -> 0 | G13: =+IF(P.I!H16=P.I!$H$4,1,0) -> 0 | H13: =+IF(P.I!I16=P.I!$I$4,1,0) -> 0 | I13: =+IF(P.I!J16=P.I!$J$4,1,0) -> 0 | J13: =+IF(P.I!K16=P.I!$K$4,1,0) -> 0 | K13: =+IF(P.I!L16=P.I!$L$4,1,0) -> 0 | L13: =+IF(P.I!M16=P.I!$M$4,1,0) -> 0 | M13: =+IF(P.I!N16=P.I!$N$4,1,0) -> 0 | N13: =+IF(P.I!O16=P.I!$O$4,1,0) -> 0 | O13: =+IF(P.I!P16=P.I!$P$4,1,0) -> 0 | P13: =+IF(P.I!Q16=P.I!$Q$4,1,0) -> 0 | Q13: =+IF(P.I!R16=P.I!$R$4,1,0) -> 0 | R13: =+IF(P.I!S16=P.I!$S$4,1,0) -> 0 | S13: =+IF(P.I!T16=P.I!$T$4,1,0) -> 0 | T13: =+IF(P.I!U16=P.I!$U$4,1,0) -> 0 | U13: =+IF(P.I!V16=P.I!$V$4,1,0) -> 0 | V13: =+IF(P.I!W16=P.I!$W$4,1,0) -> 0 | W13: =+IF(P.I!X16=P.I!$X$4,1,0) -> 0 | X13: =+IF(P.I!Y16=P.I!$Y$4,1,0) -> 0 | Y13: =+IF(P.I!Z16=P.I!$Z$4,1,0) -> 0 | Z13: =+IF(P.I!AA16=P.I!$AA$4,1,0) -> 0 | AA13: =+IF(P.I!AB16=P.I!$AB$4,1,0) -> 0 | AB13: =+IF(P.I!AC16=P.I!$AC$4,1,0) -> 0 | AC13: =+IF(P.I!AD16=P.I!$AD$4,1,0) -> 0 | AD13: =+IF(P.I!AE16=P.I!$AE$4,1,0) -> 0 | AE13: =+IF(P.I!AF16=P.I!$AF$4,1,0) -> 0 | AF13: =+IF(P.I!AG16=P.I!$AG$4,1,0) -> 0 | AG13: =+IF(P.I!AH16=P.I!$AH$4,1,0) -> 0 | AH13: =+IF(P.I!AI16=P.I!$AI$4,1,0) -> 0 | AI13: =+IF(P.I!AJ16=P.I!$AJ$4,1,0) -> 0 | AJ13: =+IF(P.I!AK16=P.I!$AK$4,1,0) -> 0 | AK13: =+IF(P.I!AL16=P.I!$AL$4,1,0) -> 0 | AL13: =+IF(P.I!AM16=P.I!$AM$4,1,0) -> 0 | AM13: =+IF(P.I!AN16=P.I!$AN$4,1,0) -> 0 | AN13: =+IF(P.I!AO16=P.I!$AO$4,1,0) -> 0 | AO13: =+IF(P.I!AP16=P.I!$AP$4,1,0) -> 0 | AP13: =+IF(P.I!AQ16=P.I!$AQ$4,1,0) -> 0 | AQ13: =+IF(P.I!AR16=P.I!$AR$4,1,0) -> 0 | AR13: =+IF(P.I!AS16=P.I!$AS$4,1,0) -> 0 | AS13: =+IF(P.I!AT16=P.I!$AT$4,1,0) -> 0 | AT13: =+IF(P.I!AU16=P.I!$AU$4,1,0) -> 0 | AU13: =+IF(P.I!AV16=P.I!$AV$4,1,0) -> 0 | AV13: =+IF(P.I!AW16=P.I!$AW$4,1,0) -> 0 | AW13: =+IF(P.I!AX16=P.I!$AX$4,1,0) -> 1 | AX13: =+IF(P.I!AY16=P.I!$AY$4,1,0) -> 0 | AY13: =+IF(P.I!AZ16=P.I!$AZ$4,1,0) -> 1 | AZ13: =+IF(P.I!BA16=P.I!$BA$4,1,0) -> 0 | BA13: =+IF(P.I!BB16=P.I!$BB$4,1,0) -> 1 | BB13: =+IF(P.I!BC16=P.I!$BC$4,1,0) -> 0 | BC13: =+IF(P.I!BD16=P.I!$BD$4,1,0) -> 1 | BD13: =+IF(P.I!BE16=P.I!$BE$4,1,0) -> 1 | BE13: =+IF(P.I!BF16=P.I!$BF$4,1,0) -> 1 | BF13: =+IF(P.I!BG16=P.I!$BG$4,1,0) -> 0 | BG13: =+IF(P.I!BH16=P.I!$BH$4,1,0) -> 1 | BH13: =+IF(P.I!BI16=P.I!$BI$4,1,0) -> 0 | BI13: =+IF(P.I!BJ16=P.I!$BJ$4,1,0) -> 0 | BJ13: =+IF(P.I!BK16=P.I!$BK$4,1,0) -> 0 | BK13: =+IF(P.I!BL16=P.I!$BL$4,1,0) -> 0 | BL13: =+IF(P.I!BM16=P.I!$BM$4,1,0) -> 1 | BM13: =+IF(P.I!BN16=P.I!$BN$4,1,0) -> 0 | BN13: =+IF(P.I!BO16=P.I!$BO$4,1,0) -> 0 | BO13: =+IF(P.I!BP16=P.I!$BP$4,1,0) -> 0 | BP13: =+IF(P.I!BQ16=P.I!$BQ$4,1,0) -> 0 | BQ13: =+IF(P.I!BR16=P.I!$BR$4,1,0) -> 0 | BR13: =+IF(P.I!BS16=P.I!$BS$4,1,0) -> 0 | BS13: =+IF(P.I!BT16=P.I!$BT$4,1,0) -> 0 | BT13: =+IF(P.I!BU16=P.I!$BU$4,1,0) -> 0 | BU13: =+IF(P.I!BV16=P.I!$BV$4,1,0) -> 1 | BV13: =+IF(P.I!BW16=P.I!$BW$4,1,0) -> 0 | BW13: =+IF(P.I!BX16=P.I!$BX$4,1,0) -> 0 | BX13: =+IF(P.I!BY16=P.I!$BY$4,1,0) -> 1 | BY13: =+IF(P.I!BZ16=P.I!$BZ$4,1,0) -> 1 | BZ13: =+IF(P.I!CA16=P.I!$CA$4,1,0) -> 0 | CA13: =+IF(P.I!CB16=P.I!$CB$4,1,0) -> 0 | CB13: =+IF(P.I!CC16=P.I!$CC$4,1,0) -> 0 | CC13: =+IF(P.I!CD16=P.I!$CD$4,1,0) -> 0 | CD13: =+IF(P.I!CE16=P.I!$CE$4,1,0) -> 0 | CE13: =+SUM(C13:AP13) -> 0 | CF13: =+CE13/$CF$3*100 -> 0 | CG13: =+CF13*5/100 -> 0 | CH13: =+SUM(AQ13:CD13) -> 11 | CI13: =+CH13/$CI$3*100 -> 28.947368 | CJ13: =+CI13*5/100 -> 1.4473684 | CK13: =+CE13+CH13 -> 11 | CL13: =+CK13/$CL$3*100 -> 14.285714 | CM13: =+CL13*5/100 -> 0.71428571
A14: 10 | B14: =P.I!#REF! -> #REF! | C14: =+IF(P.I!#REF!=P.I!$D$4,1,0) -> #REF! | D14: =+IF(P.I!#REF!=P.I!$E$4,1,0) -> #REF! | E14: =+IF(P.I!#REF!=P.I!$F$4,1,0) -> #REF! | F14: =+IF(P.I!#REF!=P.I!$G$4,1,0) -> #REF! | G14: =+IF(P.I!#REF!=P.I!$H$4,1,0) -> #REF! | H14: =+IF(P.I!#REF!=P.I!$I$4,1,0) -> #REF! | I14: =+IF(P.I!#REF!=P.I!$J$4,1,0) -> #REF! | J14: =+IF(P.I!#REF!=P.I!$K$4,1,0) -> #REF! | K14: =+IF(P.I!#REF!=P.I!$L$4,1,0) -> #REF! | L14: =+IF(P.I!#REF!=P.I!$M$4,1,0) -> #REF! | M14: =+IF(P.I!#REF!=P.I!$N$4,1,0) -> #REF! | N14: =+IF(P.I!#REF!=P.I!$O$4,1,0) -> #REF! | O14: =+IF(P.I!#REF!=P.I!$P$4,1,0) -> #REF! | P14: =+IF(P.I!#REF!=P.I!$Q$4,1,0) -> #REF! | Q14: =+IF(P.I!#REF!=P.I!$R$4,1,0) -> #REF! | R14: =+IF(P.I!#REF!=P.I!$S$4,1,0) -> #REF! | S14: =+IF(P.I!#REF!=P.I!$T$4,1,0) -> #REF! | T14: =+IF(P.I!#REF!=P.I!$U$4,1,0) -> #REF! | U14: =+IF(P.I!#REF!=P.I!$V$4,1,0) -> #REF! | V14: =+IF(P.I!#REF!=P.I!$W$4,1,0) -> #REF! | W14: =+IF(P.I!#REF!=P.I!$X$4,1,0) -> #REF! | X14: =+IF(P.I!#REF!=P.I!$Y$4,1,0) -> #REF! | Y14: =+IF(P.I!#REF!=P.I!$Z$4,1,0) -> #REF! | Z14: =+IF(P.I!#REF!=P.I!$AA$4,1,0) -> #REF! | AA14: =+IF(P.I!#REF!=P.I!$AB$4,1,0) -> #REF! | AB14: =+IF(P.I!#REF!=P.I!$AC$4,1,0) -> #REF! | AC14: =+IF(P.I!#REF!=P.I!$AD$4,1,0) -> #REF! | AD14: =+IF(P.I!#REF!=P.I!$AE$4,1,0) -> #REF! | AE14: =+IF(P.I!#REF!=P.I!$AF$4,1,0) -> #REF! | AF14: =+IF(P.I!#REF!=P.I!$AG$4,1,0) -> #REF! | AG14: =+IF(P.I!#REF!=P.I!$AH$4,1,0) -> #REF! | AH14: =+IF(P.I!#REF!=P.I!$AI$4,1,0) -> #REF! | AI14: =+IF(P.I!#REF!=P.I!$AJ$4,1,0) -> #REF! | AJ14: =+IF(P.I!#REF!=P.I!$AK$4,1,0) -> #REF! | AK14: =+IF(P.I!#REF!=P.I!$AL$4,1,0) -> #REF! | AL14: =+IF(P.I!#REF!=P.I!$AM$4,1,0) -> #REF! | AM14: =+IF(P.I!#REF!=P.I!$AN$4,1,0) -> #REF! | AN14: =+IF(P.I!#REF!=P.I!$AO$4,1,0) -> #REF! | AO14: =+IF(P.I!#REF!=P.I!$AP$4,1,0) -> #REF! | AP14: =+IF(P.I!#REF!=P.I!$AQ$4,1,0) -> #REF! | AQ14: =+IF(P.I!#REF!=P.I!$AR$4,1,0) -> #REF! | AR14: =+IF(P.I!#REF!=P.I!$AS$4,1,0) -> #REF! | AS14: =+IF(P.I!#REF!=P.I!$AT$4,1,0) -> #REF! | AT14: =+IF(P.I!#REF!=P.I!$AU$4,1,0) -> #REF! | AU14: =+IF(P.I!#REF!=P.I!$AV$4,1,0) -> #REF! | AV14: =+IF(P.I!#REF!=P.I!$AW$4,1,0) -> #REF! | AW14: =+IF(P.I!#REF!=P.I!$AX$4,1,0) -> #REF! | AX14: =+IF(P.I!#REF!=P.I!$AY$4,1,0) -> #REF! | AY14: =+IF(P.I!#REF!=P.I!$AZ$4,1,0) -> #REF! | AZ14: =+IF(P.I!#REF!=P.I!$BA$4,1,0) -> #REF! | BA14: =+IF(P.I!#REF!=P.I!$BB$4,1,0) -> #REF! | BB14: =+IF(P.I!#REF!=P.I!$BC$4,1,0) -> #REF! | BC14: =+IF(P.I!#REF!=P.I!$BD$4,1,0) -> #REF! | BD14: =+IF(P.I!#REF!=P.I!$BE$4,1,0) -> #REF! | BE14: =+IF(P.I!#REF!=P.I!$BF$4,1,0) -> #REF! | BF14: =+IF(P.I!#REF!=P.I!$BG$4,1,0) -> #REF! | BG14: =+IF(P.I!#REF!=P.I!$BH$4,1,0) -> #REF! | BH14: =+IF(P.I!#REF!=P.I!$BI$4,1,0) -> #REF! | BI14: =+IF(P.I!#REF!=P.I!$BJ$4,1,0) -> #REF! | BJ14: =+IF(P.I!#REF!=P.I!$BK$4,1,0) -> #REF! | BK14: =+IF(P.I!#REF!=P.I!$BL$4,1,0) -> #REF! | BL14: =+IF(P.I!#REF!=P.I!$BM$4,1,0) -> #REF! | BM14: =+IF(P.I!#REF!=P.I!$BN$4,1,0) -> #REF! | BN14: =+IF(P.I!#REF!=P.I!$BO$4,1,0) -> #REF! | BO14: =+IF(P.I!#REF!=P.I!$BP$4,1,0) -> #REF! | BP14: =+IF(P.I!#REF!=P.I!$BQ$4,1,0) -> #REF! | BQ14: =+IF(P.I!#REF!=P.I!$BR$4,1,0) -> #REF! | BR14: =+IF(P.I!#REF!=P.I!$BS$4,1,0) -> #REF! | BS14: =+IF(P.I!#REF!=P.I!$BT$4,1,0) -> #REF! | BT14: =+IF(P.I!#REF!=P.I!$BU$4,1,0) -> #REF! | BU14: =+IF(P.I!#REF!=P.I!$BV$4,1,0) -> #REF! | BV14: =+IF(P.I!#REF!=P.I!$BW$4,1,0) -> #REF! | BW14: =+IF(P.I!#REF!=P.I!$BX$4,1,0) -> #REF! | BX14: =+IF(P.I!#REF!=P.I!$BY$4,1,0) -> #REF! | BY14: =+IF(P.I!#REF!=P.I!$BZ$4,1,0) -> #REF! | BZ14: =+IF(P.I!#REF!=P.I!$CA$4,1,0) -> #REF! | CA14: =+IF(P.I!#REF!=P.I!$CB$4,1,0) -> #REF! | CB14: =+IF(P.I!#REF!=P.I!$CC$4,1,0) -> #REF! | CC14: =+IF(P.I!#REF!=P.I!$CD$4,1,0) -> #REF! | CD14: =+IF(P.I!#REF!=P.I!$CE$4,1,0) -> #REF! | CE14: =+SUM(C14:AP14) -> #REF! | CF14: =+CE14/$CF$3*100 -> #REF! | CG14: =+CF14*5/100 -> #REF! | CH14: =+SUM(AQ14:CD14) -> #REF! | CI14: =+CH14/$CI$3*100 -> #REF! | CJ14: =+CI14*5/100 -> #REF! | CK14: =+CE14+CH14 -> #REF! | CL14: =+CK14/$CL$3*100 -> #REF! | CM14: =+CL14*5/100 -> #REF!
A15: 11 | B15: =P.I!C27 -> JUNIOR ANDRES CALLE SAMARRA | C15: =+IF(P.I!D27=P.I!$D$4,1,0) -> 0 | D15: =+IF(P.I!E27=P.I!$E$4,1,0) -> 0 | E15: =+IF(P.I!F27=P.I!$F$4,1,0) -> 0 | F15: =+IF(P.I!G27=P.I!$G$4,1,0) -> 0 | G15: =+IF(P.I!H27=P.I!$H$4,1,0) -> 0 | H15: =+IF(P.I!I27=P.I!$I$4,1,0) -> 0 | I15: =+IF(P.I!J27=P.I!$J$4,1,0) -> 0 | J15: =+IF(P.I!K27=P.I!$K$4,1,0) -> 0 | K15: =+IF(P.I!L27=P.I!$L$4,1,0) -> 0 | L15: =+IF(P.I!M27=P.I!$M$4,1,0) -> 0 | M15: =+IF(P.I!N27=P.I!$N$4,1,0) -> 0 | N15: =+IF(P.I!O27=P.I!$O$4,1,0) -> 0 | O15: =+IF(P.I!P27=P.I!$P$4,1,0) -> 0 | P15: =+IF(P.I!Q27=P.I!$Q$4,1,0) -> 0 | Q15: =+IF(P.I!R27=P.I!$R$4,1,0) -> 0 | R15: =+IF(P.I!S27=P.I!$S$4,1,0) -> 0 | S15: =+IF(P.I!T27=P.I!$T$4,1,0) -> 0 | T15: =+IF(P.I!U27=P.I!$U$4,1,0) -> 0 | U15: =+IF(P.I!V27=P.I!$V$4,1,0) -> 0 | V15: =+IF(P.I!W27=P.I!$W$4,1,0) -> 0 | W15: =+IF(P.I!X27=P.I!$X$4,1,0) -> 0 | X15: =+IF(P.I!Y27=P.I!$Y$4,1,0) -> 0 | Y15: =+IF(P.I!Z27=P.I!$Z$4,1,0) -> 0 | Z15: =+IF(P.I!AA27=P.I!$AA$4,1,0) -> 0 | AA15: =+IF(P.I!AB27=P.I!$AB$4,1,0) -> 0 | AB15: =+IF(P.I!AC27=P.I!$AC$4,1,0) -> 0 | AC15: =+IF(P.I!AD27=P.I!$AD$4,1,0) -> 0 | AD15: =+IF(P.I!AE27=P.I!$AE$4,1,0) -> 0 | AE15: =+IF(P.I!AF27=P.I!$AF$4,1,0) -> 0 | AF15: =+IF(P.I!AG27=P.I!$AG$4,1,0) -> 0 | AG15: =+IF(P.I!AH27=P.I!$AH$4,1,0) -> 0 | AH15: =+IF(P.I!AI27=P.I!$AI$4,1,0) -> 0 | AI15: =+IF(P.I!AJ27=P.I!$AJ$4,1,0) -> 0 | AJ15: =+IF(P.I!AK27=P.I!$AK$4,1,0) -> 0 | AK15: =+IF(P.I!AL27=P.I!$AL$4,1,0) -> 0 | AL15: =+IF(P.I!AM27=P.I!$AM$4,1,0) -> 0 | AM15: =+IF(P.I!AN27=P.I!$AN$4,1,0) -> 0 | AN15: =+IF(P.I!AO27=P.I!$AO$4,1,0) -> 0 | AO15: =+IF(P.I!AP27=P.I!$AP$4,1,0) -> 0 | AP15: =+IF(P.I!AQ27=P.I!$AQ$4,1,0) -> 0 | AQ15: =+IF(P.I!AR27=P.I!$AR$4,1,0) -> 0 | AR15: =+IF(P.I!AS27=P.I!$AS$4,1,0) -> 0 | AS15: =+IF(P.I!AT27=P.I!$AT$4,1,0) -> 1 | AT15: =+IF(P.I!AU27=P.I!$AU$4,1,0) -> 0 | AU15: =+IF(P.I!AV27=P.I!$AV$4,1,0) -> 0 | AV15: =+IF(P.I!AW27=P.I!$AW$4,1,0) -> 0 | AW15: =+IF(P.I!AX27=P.I!$AX$4,1,0) -> 0 | AX15: =+IF(P.I!AY27=P.I!$AY$4,1,0) -> 1 | AY15: =+IF(P.I!AZ27=P.I!$AZ$4,1,0) -> 1 | AZ15: =+IF(P.I!BA27=P.I!$BA$4,1,0) -> 1 | BA15: =+IF(P.I!BB27=P.I!$BB$4,1,0) -> 0 | BB15: =+IF(P.I!BC27=P.I!$BC$4,1,0) -> 1 | BC15: =+IF(P.I!BD27=P.I!$BD$4,1,0) -> 0 | BD15: =+IF(P.I!BE27=P.I!$BE$4,1,0) -> 1 | BE15: =+IF(P.I!BF27=P.I!$BF$4,1,0) -> 0 | BF15: =+IF(P.I!BG27=P.I!$BG$4,1,0) -> 0 | BG15: =+IF(P.I!BH27=P.I!$BH$4,1,0) -> 0 | BH15: =+IF(P.I!BI27=P.I!$BI$4,1,0) -> 1 | BI15: =+IF(P.I!BJ27=P.I!$BJ$4,1,0) -> 0 | BJ15: =+IF(P.I!BK27=P.I!$BK$4,1,0) -> 1 | BK15: =+IF(P.I!BL27=P.I!$BL$4,1,0) -> 0 | BL15: =+IF(P.I!BM27=P.I!$BM$4,1,0) -> 1 | BM15: =+IF(P.I!BN27=P.I!$BN$4,1,0) -> 0 | BN15: =+IF(P.I!BO27=P.I!$BO$4,1,0) -> 0 | BO15: =+IF(P.I!BP27=P.I!$BP$4,1,0) -> 0 | BP15: =+IF(P.I!BQ27=P.I!$BQ$4,1,0) -> 1 | BQ15: =+IF(P.I!BR27=P.I!$BR$4,1,0) -> 0 | BR15: =+IF(P.I!BS27=P.I!$BS$4,1,0) -> 0 | BS15: =+IF(P.I!BT27=P.I!$BT$4,1,0) -> 0 | BT15: =+IF(P.I!BU27=P.I!$BU$4,1,0) -> 0 | BU15: =+IF(P.I!BV27=P.I!$BV$4,1,0) -> 0 | BV15: =+IF(P.I!BW27=P.I!$BW$4,1,0) -> 0 | BW15: =+IF(P.I!BX27=P.I!$BX$4,1,0) -> 0 | BX15: =+IF(P.I!BY27=P.I!$BY$4,1,0) -> 1 | BY15: =+IF(P.I!BZ27=P.I!$BZ$4,1,0) -> 0 | BZ15: =+IF(P.I!CA27=P.I!$CA$4,1,0) -> 0 | CA15: =+IF(P.I!CB27=P.I!$CB$4,1,0) -> 0 | CB15: =+IF(P.I!CC27=P.I!$CC$4,1,0) -> 1 | CC15: =+IF(P.I!CD27=P.I!$CD$4,1,0) -> 0 | CD15: =+IF(P.I!CE27=P.I!$CE$4,1,0) -> 0 | CE15: =+SUM(C15:AP15) -> 0 | CF15: =+CE15/$CF$3*100 -> 0 | CG15: =+CF15*5/100 -> 0 | CH15: =+SUM(AQ15:CD15) -> 12 | CI15: =+CH15/$CI$3*100 -> 31.578947 | CJ15: =+CI15*5/100 -> 1.5789474 | CK15: =+CE15+CH15 -> 12 | CL15: =+CK15/$CL$3*100 -> 15.584416 | CM15: =+CL15*5/100 -> 0.77922078
A16: 12 | B16: =P.I!C28 -> KAREN NOEMITH NIETO DE AGUAS | C16: =+IF(P.I!D28=P.I!$D$4,1,0) -> 0 | D16: =+IF(P.I!E28=P.I!$E$4,1,0) -> 0 | E16: =+IF(P.I!F28=P.I!$F$4,1,0) -> 0 | F16: =+IF(P.I!G28=P.I!$G$4,1,0) -> 0 | G16: =+IF(P.I!H28=P.I!$H$4,1,0) -> 0 | H16: =+IF(P.I!I28=P.I!$I$4,1,0) -> 0 | I16: =+IF(P.I!J28=P.I!$J$4,1,0) -> 0 | J16: =+IF(P.I!K28=P.I!$K$4,1,0) -> 0 | K16: =+IF(P.I!L28=P.I!$L$4,1,0) -> 0 | L16: =+IF(P.I!M28=P.I!$M$4,1,0) -> 0 | M16: =+IF(P.I!N28=P.I!$N$4,1,0) -> 0 | N16: =+IF(P.I!O28=P.I!$O$4,1,0) -> 0 | O16: =+IF(P.I!P28=P.I!$P$4,1,0) -> 0 | P16: =+IF(P.I!Q28=P.I!$Q$4,1,0) -> 0 | Q16: =+IF(P.I!R28=P.I!$R$4,1,0) -> 0 | R16: =+IF(P.I!S28=P.I!$S$4,1,0) -> 0 | S16: =+IF(P.I!T28=P.I!$T$4,1,0) -> 0 | T16: =+IF(P.I!U28=P.I!$U$4,1,0) -> 0 | U16: =+IF(P.I!V28=P.I!$V$4,1,0) -> 0 | V16: =+IF(P.I!W28=P.I!$W$4,1,0) -> 0 | W16: =+IF(P.I!X28=P.I!$X$4,1,0) -> 0 | X16: =+IF(P.I!Y28=P.I!$Y$4,1,0) -> 0 | Y16: =+IF(P.I!Z28=P.I!$Z$4,1,0) -> 0 | Z16: =+IF(P.I!AA28=P.I!$AA$4,1,0) -> 0 | AA16: =+IF(P.I!AB28=P.I!$AB$4,1,0) -> 0 | AB16: =+IF(P.I!AC28=P.I!$AC$4,1,0) -> 0 | AC16: =+IF(P.I!AD28=P.I!$AD$4,1,0) -> 0 | AD16: =+IF(P.I!AE28=P.I!$AE$4,1,0) -> 0 | AE16: =+IF(P.I!AF28=P.I!$AF$4,1,0) -> 0 | AF16: =+IF(P.I!AG28=P.I!$AG$4,1,0) -> 0 | AG16: =+IF(P.I!AH28=P.I!$AH$4,1,0) -> 0 | AH16: =+IF(P.I!AI28=P.I!$AI$4,1,0) -> 0 | AI16: =+IF(P.I!AJ28=P.I!$AJ$4,1,0) -> 0 | AJ16: =+IF(P.I!AK28=P.I!$AK$4,1,0) -> 0 | AK16: =+IF(P.I!AL28=P.I!$AL$4,1,0) -> 0 | AL16: =+IF(P.I!AM28=P.I!$AM$4,1,0) -> 0 | AM16: =+IF(P.I!AN28=P.I!$AN$4,1,0) -> 0 | AN16: =+IF(P.I!AO28=P.I!$AO$4,1,0) -> 0 | AO16: =+IF(P.I!AP28=P.I!$AP$4,1,0) -> 0 | AP16: =+IF(P.I!AQ28=P.I!$AQ$4,1,0) -> 0 | AQ16: =+IF(P.I!AR28=P.I!$AR$4,1,0) -> 1 | AR16: =+IF(P.I!AS28=P.I!$AS$4,1,0) -> 0 | AS16: =+IF(P.I!AT28=P.I!$AT$4,1,0) -> 0 | AT16: =+IF(P.I!AU28=P.I!$AU$4,1,0) -> 0 | AU16: =+IF(P.I!AV28=P.I!$AV$4,1,0) -> 0 | AV16: =+IF(P.I!AW28=P.I!$AW$4,1,0) -> 1 | AW16: =+IF(P.I!AX28=P.I!$AX$4,1,0) -> 1 | AX16: =+IF(P.I!AY28=P.I!$AY$4,1,0) -> 1 | AY16: =+IF(P.I!AZ28=P.I!$AZ$4,1,0) -> 0 | AZ16: =+IF(P.I!BA28=P.I!$BA$4,1,0) -> 0 | BA16: =+IF(P.I!BB28=P.I!$BB$4,1,0) -> 0 | BB16: =+IF(P.I!BC28=P.I!$BC$4,1,0) -> 0 | BC16: =+IF(P.I!BD28=P.I!$BD$4,1,0) -> 1 | BD16: =+IF(P.I!BE28=P.I!$BE$4,1,0) -> 0 | BE16: =+IF(P.I!BF28=P.I!$BF$4,1,0) -> 0 | BF16: =+IF(P.I!BG28=P.I!$BG$4,1,0) -> 0 | BG16: =+IF(P.I!BH28=P.I!$BH$4,1,0) -> 1 | BH16: =+IF(P.I!BI28=P.I!$BI$4,1,0) -> 1 | BI16: =+IF(P.I!BJ28=P.I!$BJ$4,1,0) -> 0 | BJ16: =+IF(P.I!BK28=P.I!$BK$4,1,0) -> 1 | BK16: =+IF(P.I!BL28=P.I!$BL$4,1,0) -> 1 | BL16: =+IF(P.I!BM28=P.I!$BM$4,1,0) -> 0 | BM16: =+IF(P.I!BN28=P.I!$BN$4,1,0) -> 0 | BN16: =+IF(P.I!BO28=P.I!$BO$4,1,0) -> 0 | BO16: =+IF(P.I!BP28=P.I!$BP$4,1,0) -> 0 | BP16: =+IF(P.I!BQ28=P.I!$BQ$4,1,0) -> 0 | BQ16: =+IF(P.I!BR28=P.I!$BR$4,1,0) -> 0 | BR16: =+IF(P.I!BS28=P.I!$BS$4,1,0) -> 1 | BS16: =+IF(P.I!BT28=P.I!$BT$4,1,0) -> 0 | BT16: =+IF(P.I!BU28=P.I!$BU$4,1,0) -> 0 | BU16: =+IF(P.I!BV28=P.I!$BV$4,1,0) -> 1 | BV16: =+IF(P.I!BW28=P.I!$BW$4,1,0) -> 0 | BW16: =+IF(P.I!BX28=P.I!$BX$4,1,0) -> 0 | BX16: =+IF(P.I!BY28=P.I!$BY$4,1,0) -> 1 | BY16: =+IF(P.I!BZ28=P.I!$BZ$4,1,0) -> 1 | BZ16: =+IF(P.I!CA28=P.I!$CA$4,1,0) -> 0 | CA16: =+IF(P.I!CB28=P.I!$CB$4,1,0) -> 1 | CB16: =+IF(P.I!CC28=P.I!$CC$4,1,0) -> 1 | CC16: =+IF(P.I!CD28=P.I!$CD$4,1,0) -> 0 | CD16: =+IF(P.I!CE28=P.I!$CE$4,1,0) -> 0 | CE16: =+SUM(C16:AP16) -> 0 | CF16: =+CE16/$CF$3*100 -> 0 | CG16: =+CF16*5/100 -> 0 | CH16: =+SUM(AQ16:CD16) -> 15 | CI16: =+CH16/$CI$3*100 -> 39.473684 | CJ16: =+CI16*5/100 -> 1.9736842 | CK16: =+CE16+CH16 -> 15 | CL16: =+CK16/$CL$3*100 -> 19.480519 | CM16: =+CL16*5/100 -> 0.97402597
A17: 13 | B17: =P.I!C29 -> KATERINE HOLGUIN BENAVIDES | C17: =+IF(P.I!D29=P.I!$D$4,1,0) -> 0 | D17: =+IF(P.I!E29=P.I!$E$4,1,0) -> 0 | E17: =+IF(P.I!F29=P.I!$F$4,1,0) -> 0 | F17: =+IF(P.I!G29=P.I!$G$4,1,0) -> 0 | G17: =+IF(P.I!H29=P.I!$H$4,1,0) -> 0 | H17: =+IF(P.I!I29=P.I!$I$4,1,0) -> 0 | I17: =+IF(P.I!J29=P.I!$J$4,1,0) -> 0 | J17: =+IF(P.I!K29=P.I!$K$4,1,0) -> 0 | K17: =+IF(P.I!L29=P.I!$L$4,1,0) -> 0 | L17: =+IF(P.I!M29=P.I!$M$4,1,0) -> 0 | M17: =+IF(P.I!N29=P.I!$N$4,1,0) -> 0 | N17: =+IF(P.I!O29=P.I!$O$4,1,0) -> 0 | O17: =+IF(P.I!P29=P.I!$P$4,1,0) -> 0 | P17: =+IF(P.I!Q29=P.I!$Q$4,1,0) -> 0 | Q17: =+IF(P.I!R29=P.I!$R$4,1,0) -> 0 | R17: =+IF(P.I!S29=P.I!$S$4,1,0) -> 0 | S17: =+IF(P.I!T29=P.I!$T$4,1,0) -> 0 | T17: =+IF(P.I!U29=P.I!$U$4,1,0) -> 0 | U17: =+IF(P.I!V29=P.I!$V$4,1,0) -> 0 | V17: =+IF(P.I!W29=P.I!$W$4,1,0) -> 0 | W17: =+IF(P.I!X29=P.I!$X$4,1,0) -> 0 | X17: =+IF(P.I!Y29=P.I!$Y$4,1,0) -> 0 | Y17: =+IF(P.I!Z29=P.I!$Z$4,1,0) -> 0 | Z17: =+IF(P.I!AA29=P.I!$AA$4,1,0) -> 0 | AA17: =+IF(P.I!AB29=P.I!$AB$4,1,0) -> 0 | AB17: =+IF(P.I!AC29=P.I!$AC$4,1,0) -> 0 | AC17: =+IF(P.I!AD29=P.I!$AD$4,1,0) -> 0 | AD17: =+IF(P.I!AE29=P.I!$AE$4,1,0) -> 0 | AE17: =+IF(P.I!AF29=P.I!$AF$4,1,0) -> 0 | AF17: =+IF(P.I!AG29=P.I!$AG$4,1,0) -> 0 | AG17: =+IF(P.I!AH29=P.I!$AH$4,1,0) -> 0 | AH17: =+IF(P.I!AI29=P.I!$AI$4,1,0) -> 0 | AI17: =+IF(P.I!AJ29=P.I!$AJ$4,1,0) -> 0 | AJ17: =+IF(P.I!AK29=P.I!$AK$4,1,0) -> 0 | AK17: =+IF(P.I!AL29=P.I!$AL$4,1,0) -> 0 | AL17: =+IF(P.I!AM29=P.I!$AM$4,1,0) -> 0 | AM17: =+IF(P.I!AN29=P.I!$AN$4,1,0) -> 0 | AN17: =+IF(P.I!AO29=P.I!$AO$4,1,0) -> 0 | AO17: =+IF(P.I!AP29=P.I!$AP$4,1,0) -> 0 | AP17: =+IF(P.I!AQ29=P.I!$AQ$4,1,0) -> 0 | AQ17: =+IF(P.I!AR29=P.I!$AR$4,1,0) -> 1 | AR17: =+IF(P.I!AS29=P.I!$AS$4,1,0) -> 0 | AS17: =+IF(P.I!AT29=P.I!$AT$4,1,0) -> 0 | AT17: =+IF(P.I!AU29=P.I!$AU$4,1,0) -> 0 | AU17: =+IF(P.I!AV29=P.I!$AV$4,1,0) -> 0 | AV17: =+IF(P.I!AW29=P.I!$AW$4,1,0) -> 1 | AW17: =+IF(P.I!AX29=P.I!$AX$4,1,0) -> 1 | AX17: =+IF(P.I!AY29=P.I!$AY$4,1,0) -> 1 | AY17: =+IF(P.I!AZ29=P.I!$AZ$4,1,0) -> 0 | AZ17: =+IF(P.I!BA29=P.I!$BA$4,1,0) -> 0 | BA17: =+IF(P.I!BB29=P.I!$BB$4,1,0) -> 0 | BB17: =+IF(P.I!BC29=P.I!$BC$4,1,0) -> 0 | BC17: =+IF(P.I!BD29=P.I!$BD$4,1,0) -> 1 | BD17: =+IF(P.I!BE29=P.I!$BE$4,1,0) -> 0 | BE17: =+IF(P.I!BF29=P.I!$BF$4,1,0) -> 0 | BF17: =+IF(P.I!BG29=P.I!$BG$4,1,0) -> 0 | BG17: =+IF(P.I!BH29=P.I!$BH$4,1,0) -> 1 | BH17: =+IF(P.I!BI29=P.I!$BI$4,1,0) -> 1 | BI17: =+IF(P.I!BJ29=P.I!$BJ$4,1,0) -> 0 | BJ17: =+IF(P.I!BK29=P.I!$BK$4,1,0) -> 1 | BK17: =+IF(P.I!BL29=P.I!$BL$4,1,0) -> 1 | BL17: =+IF(P.I!BM29=P.I!$BM$4,1,0) -> 0 | BM17: =+IF(P.I!BN29=P.I!$BN$4,1,0) -> 0 | BN17: =+IF(P.I!BO29=P.I!$BO$4,1,0) -> 0 | BO17: =+IF(P.I!BP29=P.I!$BP$4,1,0) -> 0 | BP17: =+IF(P.I!BQ29=P.I!$BQ$4,1,0) -> 1 | BQ17: =+IF(P.I!BR29=P.I!$BR$4,1,0) -> 0 | BR17: =+IF(P.I!BS29=P.I!$BS$4,1,0) -> 0 | BS17: =+IF(P.I!BT29=P.I!$BT$4,1,0) -> 0 | BT17: =+IF(P.I!BU29=P.I!$BU$4,1,0) -> 0 | BU17: =+IF(P.I!BV29=P.I!$BV$4,1,0) -> 1 | BV17: =+IF(P.I!BW29=P.I!$BW$4,1,0) -> 1 | BW17: =+IF(P.I!BX29=P.I!$BX$4,1,0) -> 0 | BX17: =+IF(P.I!BY29=P.I!$BY$4,1,0) -> 0 | BY17: =+IF(P.I!BZ29=P.I!$BZ$4,1,0) -> 1 | BZ17: =+IF(P.I!CA29=P.I!$CA$4,1,0) -> 0 | CA17: =+IF(P.I!CB29=P.I!$CB$4,1,0) -> 1 | CB17: =+IF(P.I!CC29=P.I!$CC$4,1,0) -> 1 | CC17: =+IF(P.I!CD29=P.I!$CD$4,1,0) -> 0 | CD17: =+IF(P.I!CE29=P.I!$CE$4,1,0) -> 0 | CE17: =+SUM(C17:AP17) -> 0 | CF17: =+CE17/$CF$3*100 -> 0 | CG17: =+CF17*5/100 -> 0 | CH17: =+SUM(AQ17:CD17) -> 15 | CI17: =+CH17/$CI$3*100 -> 39.473684 | CJ17: =+CI17*5/100 -> 1.9736842 | CK17: =+CE17+CH17 -> 15 | CL17: =+CK17/$CL$3*100 -> 19.480519 | CM17: =+CL17*5/100 -> 0.97402597
A18: 14 | B18: =P.I!C33 -> KENDIS ESTER MONTIEL VILLALOBOS | C18: =+IF(P.I!D33=P.I!$D$4,1,0) -> 0 | D18: =+IF(P.I!E33=P.I!$E$4,1,0) -> 0 | E18: =+IF(P.I!F33=P.I!$F$4,1,0) -> 0 | F18: =+IF(P.I!G33=P.I!$G$4,1,0) -> 0 | G18: =+IF(P.I!H33=P.I!$H$4,1,0) -> 0 | H18: =+IF(P.I!I33=P.I!$I$4,1,0) -> 0 | I18: =+IF(P.I!J33=P.I!$J$4,1,0) -> 0 | J18: =+IF(P.I!K33=P.I!$K$4,1,0) -> 0 | K18: =+IF(P.I!L33=P.I!$L$4,1,0) -> 0 | L18: =+IF(P.I!M33=P.I!$M$4,1,0) -> 0 | M18: =+IF(P.I!N33=P.I!$N$4,1,0) -> 0 | N18: =+IF(P.I!O33=P.I!$O$4,1,0) -> 0 | O18: =+IF(P.I!P33=P.I!$P$4,1,0) -> 0 | P18: =+IF(P.I!Q33=P.I!$Q$4,1,0) -> 0 | Q18: =+IF(P.I!R33=P.I!$R$4,1,0) -> 0 | R18: =+IF(P.I!S33=P.I!$S$4,1,0) -> 0 | S18: =+IF(P.I!T33=P.I!$T$4,1,0) -> 0 | T18: =+IF(P.I!U33=P.I!$U$4,1,0) -> 0 | U18: =+IF(P.I!V33=P.I!$V$4,1,0) -> 0 | V18: =+IF(P.I!W33=P.I!$W$4,1,0) -> 0 | W18: =+IF(P.I!X33=P.I!$X$4,1,0) -> 0 | X18: =+IF(P.I!Y33=P.I!$Y$4,1,0) -> 0 | Y18: =+IF(P.I!Z33=P.I!$Z$4,1,0) -> 0 | Z18: =+IF(P.I!AA33=P.I!$AA$4,1,0) -> 0 | AA18: =+IF(P.I!AB33=P.I!$AB$4,1,0) -> 0 | AB18: =+IF(P.I!AC33=P.I!$AC$4,1,0) -> 0 | AC18: =+IF(P.I!AD33=P.I!$AD$4,1,0) -> 0 | AD18: =+IF(P.I!AE33=P.I!$AE$4,1,0) -> 0 | AE18: =+IF(P.I!AF33=P.I!$AF$4,1,0) -> 0 | AF18: =+IF(P.I!AG33=P.I!$AG$4,1,0) -> 0 | AG18: =+IF(P.I!AH33=P.I!$AH$4,1,0) -> 0 | AH18: =+IF(P.I!AI33=P.I!$AI$4,1,0) -> 0 | AI18: =+IF(P.I!AJ33=P.I!$AJ$4,1,0) -> 0 | AJ18: =+IF(P.I!AK33=P.I!$AK$4,1,0) -> 0 | AK18: =+IF(P.I!AL33=P.I!$AL$4,1,0) -> 0 | AL18: =+IF(P.I!AM33=P.I!$AM$4,1,0) -> 0 | AM18: =+IF(P.I!AN33=P.I!$AN$4,1,0) -> 0 | AN18: =+IF(P.I!AO33=P.I!$AO$4,1,0) -> 0 | AO18: =+IF(P.I!AP33=P.I!$AP$4,1,0) -> 0 | AP18: =+IF(P.I!AQ33=P.I!$AQ$4,1,0) -> 0 | AQ18: =+IF(P.I!AR33=P.I!$AR$4,1,0) -> 1 | AR18: =+IF(P.I!AS33=P.I!$AS$4,1,0) -> 1 | AS18: =+IF(P.I!AT33=P.I!$AT$4,1,0) -> 0 | AT18: =+IF(P.I!AU33=P.I!$AU$4,1,0) -> 1 | AU18: =+IF(P.I!AV33=P.I!$AV$4,1,0) -> 1 | AV18: =+IF(P.I!AW33=P.I!$AW$4,1,0) -> 0 | AW18: =+IF(P.I!AX33=P.I!$AX$4,1,0) -> 1 | AX18: =+IF(P.I!AY33=P.I!$AY$4,1,0) -> 1 | AY18: =+IF(P.I!AZ33=P.I!$AZ$4,1,0) -> 1 | AZ18: =+IF(P.I!BA33=P.I!$BA$4,1,0) -> 1 | BA18: =+IF(P.I!BB33=P.I!$BB$4,1,0) -> 1 | BB18: =+IF(P.I!BC33=P.I!$BC$4,1,0) -> 0 | BC18: =+IF(P.I!BD33=P.I!$BD$4,1,0) -> 1 | BD18: =+IF(P.I!BE33=P.I!$BE$4,1,0) -> 1 | BE18: =+IF(P.I!BF33=P.I!$BF$4,1,0) -> 1 | BF18: =+IF(P.I!BG33=P.I!$BG$4,1,0) -> 1 | BG18: =+IF(P.I!BH33=P.I!$BH$4,1,0) -> 0 | BH18: =+IF(P.I!BI33=P.I!$BI$4,1,0) -> 1 | BI18: =+IF(P.I!BJ33=P.I!$BJ$4,1,0) -> 1 | BJ18: =+IF(P.I!BK33=P.I!$BK$4,1,0) -> 0 | BK18: =+IF(P.I!BL33=P.I!$BL$4,1,0) -> 0 | BL18: =+IF(P.I!BM33=P.I!$BM$4,1,0) -> 0 | BM18: =+IF(P.I!BN33=P.I!$BN$4,1,0) -> 1 | BN18: =+IF(P.I!BO33=P.I!$BO$4,1,0) -> 1 | BO18: =+IF(P.I!BP33=P.I!$BP$4,1,0) -> 0 | BP18: =+IF(P.I!BQ33=P.I!$BQ$4,1,0) -> 0 | BQ18: =+IF(P.I!BR33=P.I!$BR$4,1,0) -> 0 | BR18: =+IF(P.I!BS33=P.I!$BS$4,1,0) -> 0 | BS18: =+IF(P.I!BT33=P.I!$BT$4,1,0) -> 1 | BT18: =+IF(P.I!BU33=P.I!$BU$4,1,0) -> 0 | BU18: =+IF(P.I!BV33=P.I!$BV$4,1,0) -> 1 | BV18: =+IF(P.I!BW33=P.I!$BW$4,1,0) -> 0 | BW18: =+IF(P.I!BX33=P.I!$BX$4,1,0) -> 0 | BX18: =+IF(P.I!BY33=P.I!$BY$4,1,0) -> 0 | BY18: =+IF(P.I!BZ33=P.I!$BZ$4,1,0) -> 1 | BZ18: =+IF(P.I!CA33=P.I!$CA$4,1,0) -> 0 | CA18: =+IF(P.I!CB33=P.I!$CB$4,1,0) -> 1 | CB18: =+IF(P.I!CC33=P.I!$CC$4,1,0) -> 1 | CC18: =+IF(P.I!CD33=P.I!$CD$4,1,0) -> 0 | CD18: =+IF(P.I!CE33=P.I!$CE$4,1,0) -> 0 | CE18: =+SUM(C18:AP18) -> 0 | CF18: =+CE18/$CF$3*100 -> 0 | CG18: =+CF18*5/100 -> 0 | CH18: =+SUM(AQ18:CD18) -> 22 | CI18: =+CH18/$CI$3*100 -> 57.894737 | CJ18: =+CI18*5/100 -> 2.8947368 | CK18: =+CE18+CH18 -> 22 | CL18: =+CK18/$CL$3*100 -> 28.571429 | CM18: =+CL18*5/100 -> 1.4285714
A19: 15 | B19: =P.I!C34 -> KEVIN DAVID ACOSTA RAMOS | C19: =+IF(P.I!D34=P.I!$D$4,1,0) -> 0 | D19: =+IF(P.I!E34=P.I!$E$4,1,0) -> 0 | E19: =+IF(P.I!F34=P.I!$F$4,1,0) -> 0 | F19: =+IF(P.I!G34=P.I!$G$4,1,0) -> 0 | G19: =+IF(P.I!H34=P.I!$H$4,1,0) -> 0 | H19: =+IF(P.I!I34=P.I!$I$4,1,0) -> 0 | I19: =+IF(P.I!J34=P.I!$J$4,1,0) -> 0 | J19: =+IF(P.I!K34=P.I!$K$4,1,0) -> 0 | K19: =+IF(P.I!L34=P.I!$L$4,1,0) -> 0 | L19: =+IF(P.I!M34=P.I!$M$4,1,0) -> 0 | M19: =+IF(P.I!N34=P.I!$N$4,1,0) -> 0 | N19: =+IF(P.I!O34=P.I!$O$4,1,0) -> 0 | O19: =+IF(P.I!P34=P.I!$P$4,1,0) -> 0 | P19: =+IF(P.I!Q34=P.I!$Q$4,1,0) -> 0 | Q19: =+IF(P.I!R34=P.I!$R$4,1,0) -> 0 | R19: =+IF(P.I!S34=P.I!$S$4,1,0) -> 0 | S19: =+IF(P.I!T34=P.I!$T$4,1,0) -> 0 | T19: =+IF(P.I!U34=P.I!$U$4,1,0) -> 0 | U19: =+IF(P.I!V34=P.I!$V$4,1,0) -> 0 | V19: =+IF(P.I!W34=P.I!$W$4,1,0) -> 0 | W19: =+IF(P.I!X34=P.I!$X$4,1,0) -> 0 | X19: =+IF(P.I!Y34=P.I!$Y$4,1,0) -> 0 | Y19: =+IF(P.I!Z34=P.I!$Z$4,1,0) -> 0 | Z19: =+IF(P.I!AA34=P.I!$AA$4,1,0) -> 0 | AA19: =+IF(P.I!AB34=P.I!$AB$4,1,0) -> 0 | AB19: =+IF(P.I!AC34=P.I!$AC$4,1,0) -> 0 | AC19: =+IF(P.I!AD34=P.I!$AD$4,1,0) -> 0 | AD19: =+IF(P.I!AE34=P.I!$AE$4,1,0) -> 0 | AE19: =+IF(P.I!AF34=P.I!$AF$4,1,0) -> 0 | AF19: =+IF(P.I!AG34=P.I!$AG$4,1,0) -> 0 | AG19: =+IF(P.I!AH34=P.I!$AH$4,1,0) -> 0 | AH19: =+IF(P.I!AI34=P.I!$AI$4,1,0) -> 0 | AI19: =+IF(P.I!AJ34=P.I!$AJ$4,1,0) -> 0 | AJ19: =+IF(P.I!AK34=P.I!$AK$4,1,0) -> 0 | AK19: =+IF(P.I!AL34=P.I!$AL$4,1,0) -> 0 | AL19: =+IF(P.I!AM34=P.I!$AM$4,1,0) -> 0 | AM19: =+IF(P.I!AN34=P.I!$AN$4,1,0) -> 0 | AN19: =+IF(P.I!AO34=P.I!$AO$4,1,0) -> 0 | AO19: =+IF(P.I!AP34=P.I!$AP$4,1,0) -> 0 | AP19: =+IF(P.I!AQ34=P.I!$AQ$4,1,0) -> 0 | AQ19: =+IF(P.I!AR34=P.I!$AR$4,1,0) -> 0 | AR19: =+IF(P.I!AS34=P.I!$AS$4,1,0) -> 0 | AS19: =+IF(P.I!AT34=P.I!$AT$4,1,0) -> 0 | AT19: =+IF(P.I!AU34=P.I!$AU$4,1,0) -> 0 | AU19: =+IF(P.I!AV34=P.I!$AV$4,1,0) -> 1 | AV19: =+IF(P.I!AW34=P.I!$AW$4,1,0) -> 0 | AW19: =+IF(P.I!AX34=P.I!$AX$4,1,0) -> 1 | AX19: =+IF(P.I!AY34=P.I!$AY$4,1,0) -> 0 | AY19: =+IF(P.I!AZ34=P.I!$AZ$4,1,0) -> 1 | AZ19: =+IF(P.I!BA34=P.I!$BA$4,1,0) -> 0 | BA19: =+IF(P.I!BB34=P.I!$BB$4,1,0) -> 0 | BB19: =+IF(P.I!BC34=P.I!$BC$4,1,0) -> 0 | BC19: =+IF(P.I!BD34=P.I!$BD$4,1,0) -> 1 | BD19: =+IF(P.I!BE34=P.I!$BE$4,1,0) -> 0 | BE19: =+IF(P.I!BF34=P.I!$BF$4,1,0) -> 1 | BF19: =+IF(P.I!BG34=P.I!$BG$4,1,0) -> 0 | BG19: =+IF(P.I!BH34=P.I!$BH$4,1,0) -> 0 | BH19: =+IF(P.I!BI34=P.I!$BI$4,1,0) -> 0 | BI19: =+IF(P.I!BJ34=P.I!$BJ$4,1,0) -> 0 | BJ19: =+IF(P.I!BK34=P.I!$BK$4,1,0) -> 0 | BK19: =+IF(P.I!BL34=P.I!$BL$4,1,0) -> 1 | BL19: =+IF(P.I!BM34=P.I!$BM$4,1,0) -> 1 | BM19: =+IF(P.I!BN34=P.I!$BN$4,1,0) -> 1 | BN19: =+IF(P.I!BO34=P.I!$BO$4,1,0) -> 0 | BO19: =+IF(P.I!BP34=P.I!$BP$4,1,0) -> 0 | BP19: =+IF(P.I!BQ34=P.I!$BQ$4,1,0) -> 0 | BQ19: =+IF(P.I!BR34=P.I!$BR$4,1,0) -> 1 | BR19: =+IF(P.I!BS34=P.I!$BS$4,1,0) -> 0 | BS19: =+IF(P.I!BT34=P.I!$BT$4,1,0) -> 0 | BT19: =+IF(P.I!BU34=P.I!$BU$4,1,0) -> 0 | BU19: =+IF(P.I!BV34=P.I!$BV$4,1,0) -> 1 | BV19: =+IF(P.I!BW34=P.I!$BW$4,1,0) -> 1 | BW19: =+IF(P.I!BX34=P.I!$BX$4,1,0) -> 0 | BX19: =+IF(P.I!BY34=P.I!$BY$4,1,0) -> 0 | BY19: =+IF(P.I!BZ34=P.I!$BZ$4,1,0) -> 1 | BZ19: =+IF(P.I!CA34=P.I!$CA$4,1,0) -> 0 | CA19: =+IF(P.I!CB34=P.I!$CB$4,1,0) -> 0 | CB19: =+IF(P.I!CC34=P.I!$CC$4,1,0) -> 0 | CC19: =+IF(P.I!CD34=P.I!$CD$4,1,0) -> 0 | CD19: =+IF(P.I!CE34=P.I!$CE$4,1,0) -> 0 | CE19: =+SUM(C19:AP19) -> 0 | CF19: =+CE19/$CF$3*100 -> 0 | CG19: =+CF19*5/100 -> 0 | CH19: =+SUM(AQ19:CD19) -> 12 | CI19: =+CH19/$CI$3*100 -> 31.578947 | CJ19: =+CI19*5/100 -> 1.5789474 | CK19: =+CE19+CH19 -> 12 | CL19: =+CK19/$CL$3*100 -> 15.584416 | CM19: =+CL19*5/100 -> 0.77922078
A20: 16 | B20: =P.I!C35 -> LENIS ENITH ORTEGA FUENTES | C20: =+IF(P.I!D35=P.I!$D$4,1,0) -> 0 | D20: =+IF(P.I!E35=P.I!$E$4,1,0) -> 0 | E20: =+IF(P.I!F35=P.I!$F$4,1,0) -> 0 | F20: =+IF(P.I!G35=P.I!$G$4,1,0) -> 0 | G20: =+IF(P.I!H35=P.I!$H$4,1,0) -> 0 | H20: =+IF(P.I!I35=P.I!$I$4,1,0) -> 0 | I20: =+IF(P.I!J35=P.I!$J$4,1,0) -> 0 | J20: =+IF(P.I!K35=P.I!$K$4,1,0) -> 0 | K20: =+IF(P.I!L35=P.I!$L$4,1,0) -> 0 | L20: =+IF(P.I!M35=P.I!$M$4,1,0) -> 0 | M20: =+IF(P.I!N35=P.I!$N$4,1,0) -> 0 | N20: =+IF(P.I!O35=P.I!$O$4,1,0) -> 0 | O20: =+IF(P.I!P35=P.I!$P$4,1,0) -> 0 | P20: =+IF(P.I!Q35=P.I!$Q$4,1,0) -> 0 | Q20: =+IF(P.I!R35=P.I!$R$4,1,0) -> 0 | R20: =+IF(P.I!S35=P.I!$S$4,1,0) -> 0 | S20: =+IF(P.I!T35=P.I!$T$4,1,0) -> 0 | T20: =+IF(P.I!U35=P.I!$U$4,1,0) -> 0 | U20: =+IF(P.I!V35=P.I!$V$4,1,0) -> 0 | V20: =+IF(P.I!W35=P.I!$W$4,1,0) -> 0 | W20: =+IF(P.I!X35=P.I!$X$4,1,0) -> 0 | X20: =+IF(P.I!Y35=P.I!$Y$4,1,0) -> 0 | Y20: =+IF(P.I!Z35=P.I!$Z$4,1,0) -> 0 | Z20: =+IF(P.I!AA35=P.I!$AA$4,1,0) -> 0 | AA20: =+IF(P.I!AB35=P.I!$AB$4,1,0) -> 0 | AB20: =+IF(P.I!AC35=P.I!$AC$4,1,0) -> 0 | AC20: =+IF(P.I!AD35=P.I!$AD$4,1,0) -> 0 | AD20: =+IF(P.I!AE35=P.I!$AE$4,1,0) -> 0 | AE20: =+IF(P.I!AF35=P.I!$AF$4,1,0) -> 0 | AF20: =+IF(P.I!AG35=P.I!$AG$4,1,0) -> 0 | AG20: =+IF(P.I!AH35=P.I!$AH$4,1,0) -> 0 | AH20: =+IF(P.I!AI35=P.I!$AI$4,1,0) -> 0 | AI20: =+IF(P.I!AJ35=P.I!$AJ$4,1,0) -> 0 | AJ20: =+IF(P.I!AK35=P.I!$AK$4,1,0) -> 0 | AK20: =+IF(P.I!AL35=P.I!$AL$4,1,0) -> 0 | AL20: =+IF(P.I!AM35=P.I!$AM$4,1,0) -> 0 | AM20: =+IF(P.I!AN35=P.I!$AN$4,1,0) -> 0 | AN20: =+IF(P.I!AO35=P.I!$AO$4,1,0) -> 0 | AO20: =+IF(P.I!AP35=P.I!$AP$4,1,0) -> 0 | AP20: =+IF(P.I!AQ35=P.I!$AQ$4,1,0) -> 0 | AQ20: =+IF(P.I!AR35=P.I!$AR$4,1,0) -> 0 | AR20: =+IF(P.I!AS35=P.I!$AS$4,1,0) -> 0 | AS20: =+IF(P.I!AT35=P.I!$AT$4,1,0) -> 0 | AT20: =+IF(P.I!AU35=P.I!$AU$4,1,0) -> 0 | AU20: =+IF(P.I!AV35=P.I!$AV$4,1,0) -> 0 | AV20: =+IF(P.I!AW35=P.I!$AW$4,1,0) -> 0 | AW20: =+IF(P.I!AX35=P.I!$AX$4,1,0) -> 0 | AX20: =+IF(P.I!AY35=P.I!$AY$4,1,0) -> 0 | AY20: =+IF(P.I!AZ35=P.I!$AZ$4,1,0) -> 0 | AZ20: =+IF(P.I!BA35=P.I!$BA$4,1,0) -> 0 | BA20: =+IF(P.I!BB35=P.I!$BB$4,1,0) -> 0 | BB20: =+IF(P.I!BC35=P.I!$BC$4,1,0) -> 0 | BC20: =+IF(P.I!BD35=P.I!$BD$4,1,0) -> 0 | BD20: =+IF(P.I!BE35=P.I!$BE$4,1,0) -> 0 | BE20: =+IF(P.I!BF35=P.I!$BF$4,1,0) -> 0 | BF20: =+IF(P.I!BG35=P.I!$BG$4,1,0) -> 0 | BG20: =+IF(P.I!BH35=P.I!$BH$4,1,0) -> 0 | BH20: =+IF(P.I!BI35=P.I!$BI$4,1,0) -> 0 | BI20: =+IF(P.I!BJ35=P.I!$BJ$4,1,0) -> 0 | BJ20: =+IF(P.I!BK35=P.I!$BK$4,1,0) -> 0 | BK20: =+IF(P.I!BL35=P.I!$BL$4,1,0) -> 0 | BL20: =+IF(P.I!BM35=P.I!$BM$4,1,0) -> 0 | BM20: =+IF(P.I!BN35=P.I!$BN$4,1,0) -> 0 | BN20: =+IF(P.I!BO35=P.I!$BO$4,1,0) -> 0 | BO20: =+IF(P.I!BP35=P.I!$BP$4,1,0) -> 0 | BP20: =+IF(P.I!BQ35=P.I!$BQ$4,1,0) -> 0 | BQ20: =+IF(P.I!BR35=P.I!$BR$4,1,0) -> 0 | BR20: =+IF(P.I!BS35=P.I!$BS$4,1,0) -> 0 | BS20: =+IF(P.I!BT35=P.I!$BT$4,1,0) -> 0 | BT20: =+IF(P.I!BU35=P.I!$BU$4,1,0) -> 0 | BU20: =+IF(P.I!BV35=P.I!$BV$4,1,0) -> 0 | BV20: =+IF(P.I!BW35=P.I!$BW$4,1,0) -> 0 | BW20: =+IF(P.I!BX35=P.I!$BX$4,1,0) -> 0 | BX20: =+IF(P.I!BY35=P.I!$BY$4,1,0) -> 0 | BY20: =+IF(P.I!BZ35=P.I!$BZ$4,1,0) -> 0 | BZ20: =+IF(P.I!CA35=P.I!$CA$4,1,0) -> 0 | CA20: =+IF(P.I!CB35=P.I!$CB$4,1,0) -> 0 | CB20: =+IF(P.I!CC35=P.I!$CC$4,1,0) -> 0 | CC20: =+IF(P.I!CD35=P.I!$CD$4,1,0) -> 0 | CD20: =+IF(P.I!CE35=P.I!$CE$4,1,0) -> 0 | CE20: =+SUM(C20:AP20) -> 0 | CF20: =+CE20/$CF$3*100 -> 0 | CG20: =+CF20*5/100 -> 0 | CH20: =+SUM(AQ20:CD20) -> 0 | CI20: =+CH20/$CI$3*100 -> 0 | CJ20: =+CI20*5/100 -> 0 | CK20: =+CE20+CH20 -> 0 | CL20: =+CK20/$CL$3*100 -> 0 | CM20: =+CL20*5/100 -> 0
A21: 17 | B21: =P.I!C36 -> LILIANA ÁLVAREZ FLÓREZ | C21: =+IF(P.I!D36=P.I!$D$4,1,0) -> 0 | D21: =+IF(P.I!E36=P.I!$E$4,1,0) -> 0 | E21: =+IF(P.I!F36=P.I!$F$4,1,0) -> 0 | F21: =+IF(P.I!G36=P.I!$G$4,1,0) -> 0 | G21: =+IF(P.I!H36=P.I!$H$4,1,0) -> 0 | H21: =+IF(P.I!I36=P.I!$I$4,1,0) -> 0 | I21: =+IF(P.I!J36=P.I!$J$4,1,0) -> 0 | J21: =+IF(P.I!K36=P.I!$K$4,1,0) -> 0 | K21: =+IF(P.I!L36=P.I!$L$4,1,0) -> 0 | L21: =+IF(P.I!M36=P.I!$M$4,1,0) -> 0 | M21: =+IF(P.I!N36=P.I!$N$4,1,0) -> 0 | N21: =+IF(P.I!O36=P.I!$O$4,1,0) -> 0 | O21: =+IF(P.I!P36=P.I!$P$4,1,0) -> 0 | P21: =+IF(P.I!Q36=P.I!$Q$4,1,0) -> 0 | Q21: =+IF(P.I!R36=P.I!$R$4,1,0) -> 0 | R21: =+IF(P.I!S36=P.I!$S$4,1,0) -> 0 | S21: =+IF(P.I!T36=P.I!$T$4,1,0) -> 0 | T21: =+IF(P.I!U36=P.I!$U$4,1,0) -> 0 | U21: =+IF(P.I!V36=P.I!$V$4,1,0) -> 0 | V21: =+IF(P.I!W36=P.I!$W$4,1,0) -> 0 | W21: =+IF(P.I!X36=P.I!$X$4,1,0) -> 0 | X21: =+IF(P.I!Y36=P.I!$Y$4,1,0) -> 0 | Y21: =+IF(P.I!Z36=P.I!$Z$4,1,0) -> 0 | Z21: =+IF(P.I!AA36=P.I!$AA$4,1,0) -> 0 | AA21: =+IF(P.I!AB36=P.I!$AB$4,1,0) -> 0 | AB21: =+IF(P.I!AC36=P.I!$AC$4,1,0) -> 0 | AC21: =+IF(P.I!AD36=P.I!$AD$4,1,0) -> 0 | AD21: =+IF(P.I!AE36=P.I!$AE$4,1,0) -> 0 | AE21: =+IF(P.I!AF36=P.I!$AF$4,1,0) -> 0 | AF21: =+IF(P.I!AG36=P.I!$AG$4,1,0) -> 0 | AG21: =+IF(P.I!AH36=P.I!$AH$4,1,0) -> 0 | AH21: =+IF(P.I!AI36=P.I!$AI$4,1,0) -> 0 | AI21: =+IF(P.I!AJ36=P.I!$AJ$4,1,0) -> 0 | AJ21: =+IF(P.I!AK36=P.I!$AK$4,1,0) -> 0 | AK21: =+IF(P.I!AL36=P.I!$AL$4,1,0) -> 0 | AL21: =+IF(P.I!AM36=P.I!$AM$4,1,0) -> 0 | AM21: =+IF(P.I!AN36=P.I!$AN$4,1,0) -> 0 | AN21: =+IF(P.I!AO36=P.I!$AO$4,1,0) -> 0 | AO21: =+IF(P.I!AP36=P.I!$AP$4,1,0) -> 0 | AP21: =+IF(P.I!AQ36=P.I!$AQ$4,1,0) -> 0 | AQ21: =+IF(P.I!AR36=P.I!$AR$4,1,0) -> 0 | AR21: =+IF(P.I!AS36=P.I!$AS$4,1,0) -> 1 | AS21: =+IF(P.I!AT36=P.I!$AT$4,1,0) -> 1 | AT21: =+IF(P.I!AU36=P.I!$AU$4,1,0) -> 1 | AU21: =+IF(P.I!AV36=P.I!$AV$4,1,0) -> 0 | AV21: =+IF(P.I!AW36=P.I!$AW$4,1,0) -> 0 | AW21: =+IF(P.I!AX36=P.I!$AX$4,1,0) -> 1 | AX21: =+IF(P.I!AY36=P.I!$AY$4,1,0) -> 0 | AY21: =+IF(P.I!AZ36=P.I!$AZ$4,1,0) -> 0 | AZ21: =+IF(P.I!BA36=P.I!$BA$4,1,0) -> 1 | BA21: =+IF(P.I!BB36=P.I!$BB$4,1,0) -> 0 | BB21: =+IF(P.I!BC36=P.I!$BC$4,1,0) -> 0 | BC21: =+IF(P.I!BD36=P.I!$BD$4,1,0) -> 1 | BD21: =+IF(P.I!BE36=P.I!$BE$4,1,0) -> 1 | BE21: =+IF(P.I!BF36=P.I!$BF$4,1,0) -> 1 | BF21: =+IF(P.I!BG36=P.I!$BG$4,1,0) -> 0 | BG21: =+IF(P.I!BH36=P.I!$BH$4,1,0) -> 1 | BH21: =+IF(P.I!BI36=P.I!$BI$4,1,0) -> 1 | BI21: =+IF(P.I!BJ36=P.I!$BJ$4,1,0) -> 0 | BJ21: =+IF(P.I!BK36=P.I!$BK$4,1,0) -> 0 | BK21: =+IF(P.I!BL36=P.I!$BL$4,1,0) -> 0 | BL21: =+IF(P.I!BM36=P.I!$BM$4,1,0) -> 1 | BM21: =+IF(P.I!BN36=P.I!$BN$4,1,0) -> 0 | BN21: =+IF(P.I!BO36=P.I!$BO$4,1,0) -> 0 | BO21: =+IF(P.I!BP36=P.I!$BP$4,1,0) -> 0 | BP21: =+IF(P.I!BQ36=P.I!$BQ$4,1,0) -> 0 | BQ21: =+IF(P.I!BR36=P.I!$BR$4,1,0) -> 0 | BR21: =+IF(P.I!BS36=P.I!$BS$4,1,0) -> 0 | BS21: =+IF(P.I!BT36=P.I!$BT$4,1,0) -> 1 | BT21: =+IF(P.I!BU36=P.I!$BU$4,1,0) -> 1 | BU21: =+IF(P.I!BV36=P.I!$BV$4,1,0) -> 0 | BV21: =+IF(P.I!BW36=P.I!$BW$4,1,0) -> 0 | BW21: =+IF(P.I!BX36=P.I!$BX$4,1,0) -> 0 | BX21: =+IF(P.I!BY36=P.I!$BY$4,1,0) -> 0 | BY21: =+IF(P.I!BZ36=P.I!$BZ$4,1,0) -> 1 | BZ21: =+IF(P.I!CA36=P.I!$CA$4,1,0) -> 0 | CA21: =+IF(P.I!CB36=P.I!$CB$4,1,0) -> 0 | CB21: =+IF(P.I!CC36=P.I!$CC$4,1,0) -> 0 | CC21: =+IF(P.I!CD36=P.I!$CD$4,1,0) -> 0 | CD21: =+IF(P.I!CE36=P.I!$CE$4,1,0) -> 0 | CE21: =+SUM(C21:AP21) -> 0 | CF21: =+CE21/$CF$3*100 -> 0 | CG21: =+CF21*5/100 -> 0 | CH21: =+SUM(AQ21:CD21) -> 14 | CI21: =+CH21/$CI$3*100 -> 36.842105 | CJ21: =+CI21*5/100 -> 1.8421053 | CK21: =+CE21+CH21 -> 14 | CL21: =+CK21/$CL$3*100 -> 18.181818 | CM21: =+CL21*5/100 -> 0.90909091
A22: 18 | B22: =P.I!C37 -> LUISA FERNANDA VILORIA VASQUEZ | C22: =+IF(P.I!D37=P.I!$D$4,1,0) -> 0 | D22: =+IF(P.I!E37=P.I!$E$4,1,0) -> 0 | E22: =+IF(P.I!F37=P.I!$F$4,1,0) -> 0 | F22: =+IF(P.I!G37=P.I!$G$4,1,0) -> 0 | G22: =+IF(P.I!H37=P.I!$H$4,1,0) -> 0 | H22: =+IF(P.I!I37=P.I!$I$4,1,0) -> 0 | I22: =+IF(P.I!J37=P.I!$J$4,1,0) -> 0 | J22: =+IF(P.I!K37=P.I!$K$4,1,0) -> 0 | K22: =+IF(P.I!L37=P.I!$L$4,1,0) -> 0 | L22: =+IF(P.I!M37=P.I!$M$4,1,0) -> 0 | M22: =+IF(P.I!N37=P.I!$N$4,1,0) -> 0 | N22: =+IF(P.I!O37=P.I!$O$4,1,0) -> 0 | O22: =+IF(P.I!P37=P.I!$P$4,1,0) -> 0 | P22: =+IF(P.I!Q37=P.I!$Q$4,1,0) -> 0 | Q22: =+IF(P.I!R37=P.I!$R$4,1,0) -> 0 | R22: =+IF(P.I!S37=P.I!$S$4,1,0) -> 0 | S22: =+IF(P.I!T37=P.I!$T$4,1,0) -> 0 | T22: =+IF(P.I!U37=P.I!$U$4,1,0) -> 0 | U22: =+IF(P.I!V37=P.I!$V$4,1,0) -> 0 | V22: =+IF(P.I!W37=P.I!$W$4,1,0) -> 0 | W22: =+IF(P.I!X37=P.I!$X$4,1,0) -> 0 | X22: =+IF(P.I!Y37=P.I!$Y$4,1,0) -> 0 | Y22: =+IF(P.I!Z37=P.I!$Z$4,1,0) -> 0 | Z22: =+IF(P.I!AA37=P.I!$AA$4,1,0) -> 0 | AA22: =+IF(P.I!AB37=P.I!$AB$4,1,0) -> 0 | AB22: =+IF(P.I!AC37=P.I!$AC$4,1,0) -> 0 | AC22: =+IF(P.I!AD37=P.I!$AD$4,1,0) -> 0 | AD22: =+IF(P.I!AE37=P.I!$AE$4,1,0) -> 0 | AE22: =+IF(P.I!AF37=P.I!$AF$4,1,0) -> 0 | AF22: =+IF(P.I!AG37=P.I!$AG$4,1,0) -> 0 | AG22: =+IF(P.I!AH37=P.I!$AH$4,1,0) -> 0 | AH22: =+IF(P.I!AI37=P.I!$AI$4,1,0) -> 0 | AI22: =+IF(P.I!AJ37=P.I!$AJ$4,1,0) -> 0 | AJ22: =+IF(P.I!AK37=P.I!$AK$4,1,0) -> 0 | AK22: =+IF(P.I!AL37=P.I!$AL$4,1,0) -> 0 | AL22: =+IF(P.I!AM37=P.I!$AM$4,1,0) -> 0 | AM22: =+IF(P.I!AN37=P.I!$AN$4,1,0) -> 0 | AN22: =+IF(P.I!AO37=P.I!$AO$4,1,0) -> 0 | AO22: =+IF(P.I!AP37=P.I!$AP$4,1,0) -> 0 | AP22: =+IF(P.I!AQ37=P.I!$AQ$4,1,0) -> 0 | AQ22: =+IF(P.I!AR37=P.I!$AR$4,1,0) -> 1 | AR22: =+IF(P.I!AS37=P.I!$AS$4,1,0) -> 0 | AS22: =+IF(P.I!AT37=P.I!$AT$4,1,0) -> 0 | AT22: =+IF(P.I!AU37=P.I!$AU$4,1,0) -> 0 | AU22: =+IF(P.I!AV37=P.I!$AV$4,1,0) -> 0 | AV22: =+IF(P.I!AW37=P.I!$AW$4,1,0) -> 0 | AW22: =+IF(P.I!AX37=P.I!$AX$4,1,0) -> 0 | AX22: =+IF(P.I!AY37=P.I!$AY$4,1,0) -> 0 | AY22: =+IF(P.I!AZ37=P.I!$AZ$4,1,0) -> 0 | AZ22: =+IF(P.I!BA37=P.I!$BA$4,1,0) -> 1 | BA22: =+IF(P.I!BB37=P.I!$BB$4,1,0) -> 1 | BB22: =+IF(P.I!BC37=P.I!$BC$4,1,0) -> 0 | BC22: =+IF(P.I!BD37=P.I!$BD$4,1,0) -> 1 | BD22: =+IF(P.I!BE37=P.I!$BE$4,1,0) -> 0 | BE22: =+IF(P.I!BF37=P.I!$BF$4,1,0) -> 0 | BF22: =+IF(P.I!BG37=P.I!$BG$4,1,0) -> 0 | BG22: =+IF(P.I!BH37=P.I!$BH$4,1,0) -> 0 | BH22: =+IF(P.I!BI37=P.I!$BI$4,1,0) -> 1 | BI22: =+IF(P.I!BJ37=P.I!$BJ$4,1,0) -> 0 | BJ22: =+IF(P.I!BK37=P.I!$BK$4,1,0) -> 0 | BK22: =+IF(P.I!BL37=P.I!$BL$4,1,0) -> 0 | BL22: =+IF(P.I!BM37=P.I!$BM$4,1,0) -> 1 | BM22: =+IF(P.I!BN37=P.I!$BN$4,1,0) -> 1 | BN22: =+IF(P.I!BO37=P.I!$BO$4,1,0) -> 0 | BO22: =+IF(P.I!BP37=P.I!$BP$4,1,0) -> 0 | BP22: =+IF(P.I!BQ37=P.I!$BQ$4,1,0) -> 0 | BQ22: =+IF(P.I!BR37=P.I!$BR$4,1,0) -> 0 | BR22: =+IF(P.I!BS37=P.I!$BS$4,1,0) -> 0 | BS22: =+IF(P.I!BT37=P.I!$BT$4,1,0) -> 0 | BT22: =+IF(P.I!BU37=P.I!$BU$4,1,0) -> 0 | BU22: =+IF(P.I!BV37=P.I!$BV$4,1,0) -> 0 | BV22: =+IF(P.I!BW37=P.I!$BW$4,1,0) -> 0 | BW22: =+IF(P.I!BX37=P.I!$BX$4,1,0) -> 0 | BX22: =+IF(P.I!BY37=P.I!$BY$4,1,0) -> 1 | BY22: =+IF(P.I!BZ37=P.I!$BZ$4,1,0) -> 0 | BZ22: =+IF(P.I!CA37=P.I!$CA$4,1,0) -> 0 | CA22: =+IF(P.I!CB37=P.I!$CB$4,1,0) -> 0 | CB22: =+IF(P.I!CC37=P.I!$CC$4,1,0) -> 0 | CC22: =+IF(P.I!CD37=P.I!$CD$4,1,0) -> 0 | CD22: =+IF(P.I!CE37=P.I!$CE$4,1,0) -> 0 | CE22: =+SUM(C22:AP22) -> 0 | CF22: =+CE22/$CF$3*100 -> 0 | CG22: =+CF22*5/100 -> 0 | CH22: =+SUM(AQ22:CD22) -> 8 | CI22: =+CH22/$CI$3*100 -> 21.052632 | CJ22: =+CI22*5/100 -> 1.0526316 | CK22: =+CE22+CH22 -> 8 | CL22: =+CK22/$CL$3*100 -> 10.38961 | CM22: =+CL22*5/100 -> 0.51948052
A23: 19 | B23: =P.I!C38 -> MARÍA ISABEL QUIÑONES HERNÁNDEZ | C23: =+IF(P.I!D38=P.I!$D$4,1,0) -> 0 | D23: =+IF(P.I!E38=P.I!$E$4,1,0) -> 0 | E23: =+IF(P.I!F38=P.I!$F$4,1,0) -> 0 | F23: =+IF(P.I!G38=P.I!$G$4,1,0) -> 0 | G23: =+IF(P.I!H38=P.I!$H$4,1,0) -> 0 | H23: =+IF(P.I!I38=P.I!$I$4,1,0) -> 0 | I23: =+IF(P.I!J38=P.I!$J$4,1,0) -> 0 | J23: =+IF(P.I!K38=P.I!$K$4,1,0) -> 0 | K23: =+IF(P.I!L38=P.I!$L$4,1,0) -> 0 | L23: =+IF(P.I!M38=P.I!$M$4,1,0) -> 0 | M23: =+IF(P.I!N38=P.I!$N$4,1,0) -> 0 | N23: =+IF(P.I!O38=P.I!$O$4,1,0) -> 0 | O23: =+IF(P.I!P38=P.I!$P$4,1,0) -> 0 | P23: =+IF(P.I!Q38=P.I!$Q$4,1,0) -> 0 | Q23: =+IF(P.I!R38=P.I!$R$4,1,0) -> 0 | R23: =+IF(P.I!S38=P.I!$S$4,1,0) -> 0 | S23: =+IF(P.I!T38=P.I!$T$4,1,0) -> 0 | T23: =+IF(P.I!U38=P.I!$U$4,1,0) -> 0 | U23: =+IF(P.I!V38=P.I!$V$4,1,0) -> 0 | V23: =+IF(P.I!W38=P.I!$W$4,1,0) -> 0 | W23: =+IF(P.I!X38=P.I!$X$4,1,0) -> 0 | X23: =+IF(P.I!Y38=P.I!$Y$4,1,0) -> 0 | Y23: =+IF(P.I!Z38=P.I!$Z$4,1,0) -> 0 | Z23: =+IF(P.I!AA38=P.I!$AA$4,1,0) -> 0 | AA23: =+IF(P.I!AB38=P.I!$AB$4,1,0) -> 0 | AB23: =+IF(P.I!AC38=P.I!$AC$4,1,0) -> 0 | AC23: =+IF(P.I!AD38=P.I!$AD$4,1,0) -> 0 | AD23: =+IF(P.I!AE38=P.I!$AE$4,1,0) -> 0 | AE23: =+IF(P.I!AF38=P.I!$AF$4,1,0) -> 0 | AF23: =+IF(P.I!AG38=P.I!$AG$4,1,0) -> 0 | AG23: =+IF(P.I!AH38=P.I!$AH$4,1,0) -> 0 | AH23: =+IF(P.I!AI38=P.I!$AI$4,1,0) -> 0 | AI23: =+IF(P.I!AJ38=P.I!$AJ$4,1,0) -> 0 | AJ23: =+IF(P.I!AK38=P.I!$AK$4,1,0) -> 0 | AK23: =+IF(P.I!AL38=P.I!$AL$4,1,0) -> 0 | AL23: =+IF(P.I!AM38=P.I!$AM$4,1,0) -> 0 | AM23: =+IF(P.I!AN38=P.I!$AN$4,1,0) -> 0 | AN23: =+IF(P.I!AO38=P.I!$AO$4,1,0) -> 0 | AO23: =+IF(P.I!AP38=P.I!$AP$4,1,0) -> 0 | AP23: =+IF(P.I!AQ38=P.I!$AQ$4,1,0) -> 0 | AQ23: =+IF(P.I!AR38=P.I!$AR$4,1,0) -> 1 | AR23: =+IF(P.I!AS38=P.I!$AS$4,1,0) -> 1 | AS23: =+IF(P.I!AT38=P.I!$AT$4,1,0) -> 0 | AT23: =+IF(P.I!AU38=P.I!$AU$4,1,0) -> 0 | AU23: =+IF(P.I!AV38=P.I!$AV$4,1,0) -> 0 | AV23: =+IF(P.I!AW38=P.I!$AW$4,1,0) -> 0 | AW23: =+IF(P.I!AX38=P.I!$AX$4,1,0) -> 1 | AX23: =+IF(P.I!AY38=P.I!$AY$4,1,0) -> 0 | AY23: =+IF(P.I!AZ38=P.I!$AZ$4,1,0) -> 1 | AZ23: =+IF(P.I!BA38=P.I!$BA$4,1,0) -> 1 | BA23: =+IF(P.I!BB38=P.I!$BB$4,1,0) -> 1 | BB23: =+IF(P.I!BC38=P.I!$BC$4,1,0) -> 0 | BC23: =+IF(P.I!BD38=P.I!$BD$4,1,0) -> 1 | BD23: =+IF(P.I!BE38=P.I!$BE$4,1,0) -> 0 | BE23: =+IF(P.I!BF38=P.I!$BF$4,1,0) -> 0 | BF23: =+IF(P.I!BG38=P.I!$BG$4,1,0) -> 0 | BG23: =+IF(P.I!BH38=P.I!$BH$4,1,0) -> 0 | BH23: =+IF(P.I!BI38=P.I!$BI$4,1,0) -> 0 | BI23: =+IF(P.I!BJ38=P.I!$BJ$4,1,0) -> 0 | BJ23: =+IF(P.I!BK38=P.I!$BK$4,1,0) -> 0 | BK23: =+IF(P.I!BL38=P.I!$BL$4,1,0) -> 0 | BL23: =+IF(P.I!BM38=P.I!$BM$4,1,0) -> 1 | BM23: =+IF(P.I!BN38=P.I!$BN$4,1,0) -> 0 | BN23: =+IF(P.I!BO38=P.I!$BO$4,1,0) -> 0 | BO23: =+IF(P.I!BP38=P.I!$BP$4,1,0) -> 0 | BP23: =+IF(P.I!BQ38=P.I!$BQ$4,1,0) -> 0 | BQ23: =+IF(P.I!BR38=P.I!$BR$4,1,0) -> 0 | BR23: =+IF(P.I!BS38=P.I!$BS$4,1,0) -> 0 | BS23: =+IF(P.I!BT38=P.I!$BT$4,1,0) -> 1 | BT23: =+IF(P.I!BU38=P.I!$BU$4,1,0) -> 1 | BU23: =+IF(P.I!BV38=P.I!$BV$4,1,0) -> 0 | BV23: =+IF(P.I!BW38=P.I!$BW$4,1,0) -> 0 | BW23: =+IF(P.I!BX38=P.I!$BX$4,1,0) -> 0 | BX23: =+IF(P.I!BY38=P.I!$BY$4,1,0) -> 0 | BY23: =+IF(P.I!BZ38=P.I!$BZ$4,1,0) -> 0 | BZ23: =+IF(P.I!CA38=P.I!$CA$4,1,0) -> 0 | CA23: =+IF(P.I!CB38=P.I!$CB$4,1,0) -> 1 | CB23: =+IF(P.I!CC38=P.I!$CC$4,1,0) -> 0 | CC23: =+IF(P.I!CD38=P.I!$CD$4,1,0) -> 0 | CD23: =+IF(P.I!CE38=P.I!$CE$4,1,0) -> 0 | CE23: =+SUM(C23:AP23) -> 0 | CF23: =+CE23/$CF$3*100 -> 0 | CG23: =+CF23*5/100 -> 0 | CH23: =+SUM(AQ23:CD23) -> 11 | CI23: =+CH23/$CI$3*100 -> 28.947368 | CJ23: =+CI23*5/100 -> 1.4473684 | CK23: =+CE23+CH23 -> 11 | CL23: =+CK23/$CL$3*100 -> 14.285714 | CM23: =+CL23*5/100 -> 0.71428571
A24: 20 | B24: =P.I!C39 -> MARÍA JOSEFINA MONTIEL BARRETO | C24: =+IF(P.I!D39=P.I!$D$4,1,0) -> 0 | D24: =+IF(P.I!E39=P.I!$E$4,1,0) -> 0 | E24: =+IF(P.I!F39=P.I!$F$4,1,0) -> 0 | F24: =+IF(P.I!G39=P.I!$G$4,1,0) -> 0 | G24: =+IF(P.I!H39=P.I!$H$4,1,0) -> 0 | H24: =+IF(P.I!I39=P.I!$I$4,1,0) -> 0 | I24: =+IF(P.I!J39=P.I!$J$4,1,0) -> 0 | J24: =+IF(P.I!K39=P.I!$K$4,1,0) -> 0 | K24: =+IF(P.I!L39=P.I!$L$4,1,0) -> 0 | L24: =+IF(P.I!M39=P.I!$M$4,1,0) -> 0 | M24: =+IF(P.I!N39=P.I!$N$4,1,0) -> 0 | N24: =+IF(P.I!O39=P.I!$O$4,1,0) -> 0 | O24: =+IF(P.I!P39=P.I!$P$4,1,0) -> 0 | P24: =+IF(P.I!Q39=P.I!$Q$4,1,0) -> 0 | Q24: =+IF(P.I!R39=P.I!$R$4,1,0) -> 0 | R24: =+IF(P.I!S39=P.I!$S$4,1,0) -> 0 | S24: =+IF(P.I!T39=P.I!$T$4,1,0) -> 0 | T24: =+IF(P.I!U39=P.I!$U$4,1,0) -> 0 | U24: =+IF(P.I!V39=P.I!$V$4,1,0) -> 0 | V24: =+IF(P.I!W39=P.I!$W$4,1,0) -> 0 | W24: =+IF(P.I!X39=P.I!$X$4,1,0) -> 0 | X24: =+IF(P.I!Y39=P.I!$Y$4,1,0) -> 0 | Y24: =+IF(P.I!Z39=P.I!$Z$4,1,0) -> 0 | Z24: =+IF(P.I!AA39=P.I!$AA$4,1,0) -> 0 | AA24: =+IF(P.I!AB39=P.I!$AB$4,1,0) -> 0 | AB24: =+IF(P.I!AC39=P.I!$AC$4,1,0) -> 0 | AC24: =+IF(P.I!AD39=P.I!$AD$4,1,0) -> 0 | AD24: =+IF(P.I!AE39=P.I!$AE$4,1,0) -> 0 | AE24: =+IF(P.I!AF39=P.I!$AF$4,1,0) -> 0 | AF24: =+IF(P.I!AG39=P.I!$AG$4,1,0) -> 0 | AG24: =+IF(P.I!AH39=P.I!$AH$4,1,0) -> 0 | AH24: =+IF(P.I!AI39=P.I!$AI$4,1,0) -> 0 | AI24: =+IF(P.I!AJ39=P.I!$AJ$4,1,0) -> 0 | AJ24: =+IF(P.I!AK39=P.I!$AK$4,1,0) -> 0 | AK24: =+IF(P.I!AL39=P.I!$AL$4,1,0) -> 0 | AL24: =+IF(P.I!AM39=P.I!$AM$4,1,0) -> 0 | AM24: =+IF(P.I!AN39=P.I!$AN$4,1,0) -> 0 | AN24: =+IF(P.I!AO39=P.I!$AO$4,1,0) -> 0 | AO24: =+IF(P.I!AP39=P.I!$AP$4,1,0) -> 0 | AP24: =+IF(P.I!AQ39=P.I!$AQ$4,1,0) -> 0 | AQ24: =+IF(P.I!AR52=P.I!$AR$4,1,0) -> 1 | AR24: =+IF(P.I!AS52=P.I!$AS$4,1,0) -> 0 | AS24: =+IF(P.I!AT52=P.I!$AT$4,1,0) -> 0 | AT24: =+IF(P.I!AU52=P.I!$AU$4,1,0) -> 1 | AU24: =+IF(P.I!AV52=P.I!$AV$4,1,0) -> 0 | AV24: =+IF(P.I!AW52=P.I!$AW$4,1,0) -> 0 | AW24: =+IF(P.I!AX52=P.I!$AX$4,1,0) -> 1 | AX24: =+IF(P.I!AY52=P.I!$AY$4,1,0) -> 0 | AY24: =+IF(P.I!AZ52=P.I!$AZ$4,1,0) -> 1 | AZ24: =+IF(P.I!BA52=P.I!$BA$4,1,0) -> 0 | BA24: =+IF(P.I!BB52=P.I!$BB$4,1,0) -> 0 | BB24: =+IF(P.I!BC52=P.I!$BC$4,1,0) -> 1 | BC24: =+IF(P.I!BD52=P.I!$BD$4,1,0) -> 1 | BD24: =+IF(P.I!BE52=P.I!$BE$4,1,0) -> 1 | BE24: =+IF(P.I!BF52=P.I!$BF$4,1,0) -> 0 | BF24: =+IF(P.I!BG52=P.I!$BG$4,1,0) -> 1 | BG24: =+IF(P.I!BH52=P.I!$BH$4,1,0) -> 0 | BH24: =+IF(P.I!BI52=P.I!$BI$4,1,0) -> 0 | BI24: =+IF(P.I!BJ52=P.I!$BJ$4,1,0) -> 1 | BJ24: =+IF(P.I!BK52=P.I!$BK$4,1,0) -> 1 | BK24: =+IF(P.I!BL52=P.I!$BL$4,1,0) -> 0 | BL24: =+IF(P.I!BM52=P.I!$BM$4,1,0) -> 0 | BM24: =+IF(P.I!BN52=P.I!$BN$4,1,0) -> 0 | BN24: =+IF(P.I!BO52=P.I!$BO$4,1,0) -> 0 | BO24: =+IF(P.I!BP52=P.I!$BP$4,1,0) -> 0 | BP24: =+IF(P.I!BQ52=P.I!$BQ$4,1,0) -> 0 | BQ24: =+IF(P.I!BR52=P.I!$BR$4,1,0) -> 1 | BR24: =+IF(P.I!BS52=P.I!$BS$4,1,0) -> 0 | BS24: =+IF(P.I!BT52=P.I!$BT$4,1,0) -> 1 | BT24: =+IF(P.I!BU52=P.I!$BU$4,1,0) -> 0 | BU24: =+IF(P.I!BV52=P.I!$BV$4,1,0) -> 0 | BV24: =+IF(P.I!BW52=P.I!$BW$4,1,0) -> 0 | BW24: =+IF(P.I!BX52=P.I!$BX$4,1,0) -> 0 | BX24: =+IF(P.I!BY52=P.I!$BY$4,1,0) -> 0 | BY24: =+IF(P.I!BZ52=P.I!$BZ$4,1,0) -> 0 | BZ24: =+IF(P.I!CA52=P.I!$CA$4,1,0) -> 0 | CA24: =+IF(P.I!CB52=P.I!$CB$4,1,0) -> 0 | CB24: =+IF(P.I!CC52=P.I!$CC$4,1,0) -> 1 | CC24: =+IF(P.I!CD39=P.I!$CD$4,1,0) -> 0 | CD24: =+IF(P.I!CE39=P.I!$CE$4,1,0) -> 0 | CE24: =+SUM(C24:AP24) -> 0 | CF24: =+CE24/$CF$3*100 -> 0 | CG24: =+CF24*5/100 -> 0 | CH24: =+SUM(AQ24:CD24) -> 13 | CI24: =+CH24/$CI$3*100 -> 34.210526 | CJ24: =+CI24*5/100 -> 1.7105263 | CK24: =+CE24+CH24 -> 13 | CL24: =+CK24/$CL$3*100 -> 16.883117 | CM24: =+CL24*5/100 -> 0.84415584
A25: 21 | B25: =P.I!C40 -> MICHELL GONZALEZ SEVERICHE | C25: =+IF(P.I!D40=P.I!$D$4,1,0) -> 0 | D25: =+IF(P.I!E40=P.I!$E$4,1,0) -> 0 | E25: =+IF(P.I!F40=P.I!$F$4,1,0) -> 0 | F25: =+IF(P.I!G40=P.I!$G$4,1,0) -> 0 | G25: =+IF(P.I!H40=P.I!$H$4,1,0) -> 0 | H25: =+IF(P.I!I40=P.I!$I$4,1,0) -> 0 | I25: =+IF(P.I!J40=P.I!$J$4,1,0) -> 0 | J25: =+IF(P.I!K40=P.I!$K$4,1,0) -> 0 | K25: =+IF(P.I!L40=P.I!$L$4,1,0) -> 0 | L25: =+IF(P.I!M40=P.I!$M$4,1,0) -> 0 | M25: =+IF(P.I!N40=P.I!$N$4,1,0) -> 0 | N25: =+IF(P.I!O40=P.I!$O$4,1,0) -> 0 | O25: =+IF(P.I!P40=P.I!$P$4,1,0) -> 0 | P25: =+IF(P.I!Q40=P.I!$Q$4,1,0) -> 0 | Q25: =+IF(P.I!R40=P.I!$R$4,1,0) -> 0 | R25: =+IF(P.I!S40=P.I!$S$4,1,0) -> 0 | S25: =+IF(P.I!T40=P.I!$T$4,1,0) -> 0 | T25: =+IF(P.I!U40=P.I!$U$4,1,0) -> 0 | U25: =+IF(P.I!V40=P.I!$V$4,1,0) -> 0 | V25: =+IF(P.I!W40=P.I!$W$4,1,0) -> 0 | W25: =+IF(P.I!X40=P.I!$X$4,1,0) -> 0 | X25: =+IF(P.I!Y40=P.I!$Y$4,1,0) -> 0 | Y25: =+IF(P.I!Z40=P.I!$Z$4,1,0) -> 0 | Z25: =+IF(P.I!AA40=P.I!$AA$4,1,0) -> 0 | AA25: =+IF(P.I!AB40=P.I!$AB$4,1,0) -> 0 | AB25: =+IF(P.I!AC40=P.I!$AC$4,1,0) -> 0 | AC25: =+IF(P.I!AD40=P.I!$AD$4,1,0) -> 0 | AD25: =+IF(P.I!AE40=P.I!$AE$4,1,0) -> 0 | AE25: =+IF(P.I!AF40=P.I!$AF$4,1,0) -> 0 | AF25: =+IF(P.I!AG40=P.I!$AG$4,1,0) -> 0 | AG25: =+IF(P.I!AH40=P.I!$AH$4,1,0) -> 0 | AH25: =+IF(P.I!AI40=P.I!$AI$4,1,0) -> 0 | AI25: =+IF(P.I!AJ40=P.I!$AJ$4,1,0) -> 0 | AJ25: =+IF(P.I!AK40=P.I!$AK$4,1,0) -> 0 | AK25: =+IF(P.I!AL40=P.I!$AL$4,1,0) -> 0 | AL25: =+IF(P.I!AM40=P.I!$AM$4,1,0) -> 0 | AM25: =+IF(P.I!AN40=P.I!$AN$4,1,0) -> 0 | AN25: =+IF(P.I!AO40=P.I!$AO$4,1,0) -> 0 | AO25: =+IF(P.I!AP40=P.I!$AP$4,1,0) -> 0 | AP25: =+IF(P.I!AQ40=P.I!$AQ$4,1,0) -> 0 | AQ25: =+IF(P.I!AR40=P.I!$AR$4,1,0) -> 0 | AR25: =+IF(P.I!AS40=P.I!$AS$4,1,0) -> 0 | AS25: =+IF(P.I!AT40=P.I!$AT$4,1,0) -> 0 | AT25: =+IF(P.I!AU40=P.I!$AU$4,1,0) -> 0 | AU25: =+IF(P.I!AV40=P.I!$AV$4,1,0) -> 0 | AV25: =+IF(P.I!AW40=P.I!$AW$4,1,0) -> 0 | AW25: =+IF(P.I!AX40=P.I!$AX$4,1,0) -> 0 | AX25: =+IF(P.I!AY40=P.I!$AY$4,1,0) -> 0 | AY25: =+IF(P.I!AZ40=P.I!$AZ$4,1,0) -> 0 | AZ25: =+IF(P.I!BA40=P.I!$BA$4,1,0) -> 0 | BA25: =+IF(P.I!BB40=P.I!$BB$4,1,0) -> 0 | BB25: =+IF(P.I!BC40=P.I!$BC$4,1,0) -> 0 | BC25: =+IF(P.I!BD40=P.I!$BD$4,1,0) -> 0 | BD25: =+IF(P.I!BE40=P.I!$BE$4,1,0) -> 0 | BE25: =+IF(P.I!BF40=P.I!$BF$4,1,0) -> 0 | BF25: =+IF(P.I!BG40=P.I!$BG$4,1,0) -> 0 | BG25: =+IF(P.I!BH40=P.I!$BH$4,1,0) -> 0 | BH25: =+IF(P.I!BI40=P.I!$BI$4,1,0) -> 0 | BI25: =+IF(P.I!BJ40=P.I!$BJ$4,1,0) -> 0 | BJ25: =+IF(P.I!BK40=P.I!$BK$4,1,0) -> 0 | BK25: =+IF(P.I!BL40=P.I!$BL$4,1,0) -> 0 | BL25: =+IF(P.I!BM40=P.I!$BM$4,1,0) -> 0 | BM25: =+IF(P.I!BN40=P.I!$BN$4,1,0) -> 0 | BN25: =+IF(P.I!BO40=P.I!$BO$4,1,0) -> 0 | BO25: =+IF(P.I!BP40=P.I!$BP$4,1,0) -> 0 | BP25: =+IF(P.I!BQ40=P.I!$BQ$4,1,0) -> 0 | BQ25: =+IF(P.I!BR40=P.I!$BR$4,1,0) -> 0 | BR25: =+IF(P.I!BS40=P.I!$BS$4,1,0) -> 0 | BS25: =+IF(P.I!BT40=P.I!$BT$4,1,0) -> 0 | BT25: =+IF(P.I!BU40=P.I!$BU$4,1,0) -> 0 | BU25: =+IF(P.I!BV40=P.I!$BV$4,1,0) -> 0 | BV25: =+IF(P.I!BW40=P.I!$BW$4,1,0) -> 0 | BW25: =+IF(P.I!BX40=P.I!$BX$4,1,0) -> 0 | BX25: =+IF(P.I!BY40=P.I!$BY$4,1,0) -> 0 | BY25: =+IF(P.I!BZ40=P.I!$BZ$4,1,0) -> 0 | BZ25: =+IF(P.I!CA40=P.I!$CA$4,1,0) -> 0 | CA25: =+IF(P.I!CB40=P.I!$CB$4,1,0) -> 0 | CB25: =+IF(P.I!CC40=P.I!$CC$4,1,0) -> 0 | CC25: =+IF(P.I!CD40=P.I!$CD$4,1,0) -> 0 | CD25: =+IF(P.I!CE40=P.I!$CE$4,1,0) -> 0 | CE25: =+SUM(C25:AP25) -> 0 | CF25: =+CE25/$CF$3*100 -> 0 | CG25: =+CF25*5/100 -> 0 | CH25: =+SUM(AQ25:CD25) -> 0 | CI25: =+CH25/$CI$3*100 -> 0 | CJ25: =+CI25*5/100 -> 0 | CK25: =+CE25+CH25 -> 0 | CL25: =+CK25/$CL$3*100 -> 0 | CM25: =+CL25*5/100 -> 0
A26: 22 | B26: =P.I!C41 -> MISHEEL UPARELA OLEA | C26: =+IF(P.I!D41=P.I!$D$4,1,0) -> 0 | D26: =+IF(P.I!E41=P.I!$E$4,1,0) -> 0 | E26: =+IF(P.I!F41=P.I!$F$4,1,0) -> 0 | F26: =+IF(P.I!G41=P.I!$G$4,1,0) -> 0 | G26: =+IF(P.I!H41=P.I!$H$4,1,0) -> 0 | H26: =+IF(P.I!I41=P.I!$I$4,1,0) -> 0 | I26: =+IF(P.I!J41=P.I!$J$4,1,0) -> 0 | J26: =+IF(P.I!K41=P.I!$K$4,1,0) -> 0 | K26: =+IF(P.I!L41=P.I!$L$4,1,0) -> 0 | L26: =+IF(P.I!M41=P.I!$M$4,1,0) -> 0 | M26: =+IF(P.I!N41=P.I!$N$4,1,0) -> 0 | N26: =+IF(P.I!O41=P.I!$O$4,1,0) -> 0 | O26: =+IF(P.I!P41=P.I!$P$4,1,0) -> 0 | P26: =+IF(P.I!Q41=P.I!$Q$4,1,0) -> 0 | Q26: =+IF(P.I!R41=P.I!$R$4,1,0) -> 0 | R26: =+IF(P.I!S41=P.I!$S$4,1,0) -> 0 | S26: =+IF(P.I!T41=P.I!$T$4,1,0) -> 0 | T26: =+IF(P.I!U41=P.I!$U$4,1,0) -> 0 | U26: =+IF(P.I!V41=P.I!$V$4,1,0) -> 0 | V26: =+IF(P.I!W41=P.I!$W$4,1,0) -> 0 | W26: =+IF(P.I!X41=P.I!$X$4,1,0) -> 0 | X26: =+IF(P.I!Y41=P.I!$Y$4,1,0) -> 0 | Y26: =+IF(P.I!Z41=P.I!$Z$4,1,0) -> 0 | Z26: =+IF(P.I!AA41=P.I!$AA$4,1,0) -> 0 | AA26: =+IF(P.I!AB41=P.I!$AB$4,1,0) -> 0 | AB26: =+IF(P.I!AC41=P.I!$AC$4,1,0) -> 0 | AC26: =+IF(P.I!AD41=P.I!$AD$4,1,0) -> 0 | AD26: =+IF(P.I!AE41=P.I!$AE$4,1,0) -> 0 | AE26: =+IF(P.I!AF41=P.I!$AF$4,1,0) -> 0 | AF26: =+IF(P.I!AG41=P.I!$AG$4,1,0) -> 0 | AG26: =+IF(P.I!AH41=P.I!$AH$4,1,0) -> 0 | AH26: =+IF(P.I!AI41=P.I!$AI$4,1,0) -> 0 | AI26: =+IF(P.I!AJ41=P.I!$AJ$4,1,0) -> 0 | AJ26: =+IF(P.I!AK41=P.I!$AK$4,1,0) -> 0 | AK26: =+IF(P.I!AL41=P.I!$AL$4,1,0) -> 0 | AL26: =+IF(P.I!AM41=P.I!$AM$4,1,0) -> 0 | AM26: =+IF(P.I!AN41=P.I!$AN$4,1,0) -> 0 | AN26: =+IF(P.I!AO41=P.I!$AO$4,1,0) -> 0 | AO26: =+IF(P.I!AP41=P.I!$AP$4,1,0) -> 0 | AP26: =+IF(P.I!AQ41=P.I!$AQ$4,1,0) -> 0 | AQ26: =+IF(P.I!#REF!=P.I!$AR$4,1,0) -> #REF! | AR26: =+IF(P.I!#REF!=P.I!$AS$4,1,0) -> #REF! | AS26: =+IF(P.I!#REF!=P.I!$AT$4,1,0) -> #REF! | AT26: =+IF(P.I!#REF!=P.I!$AU$4,1,0) -> #REF! | AU26: =+IF(P.I!#REF!=P.I!$AV$4,1,0) -> #REF! | AV26: =+IF(P.I!#REF!=P.I!$AW$4,1,0) -> #REF! | AW26: =+IF(P.I!#REF!=P.I!$AX$4,1,0) -> #REF! | AX26: =+IF(P.I!#REF!=P.I!$AY$4,1,0) -> #REF! | AY26: =+IF(P.I!#REF!=P.I!$AZ$4,1,0) -> #REF! | AZ26: =+IF(P.I!#REF!=P.I!$BA$4,1,0) -> #REF! | BA26: =+IF(P.I!#REF!=P.I!$BB$4,1,0) -> #REF! | BB26: =+IF(P.I!#REF!=P.I!$BC$4,1,0) -> #REF! | BC26: =+IF(P.I!#REF!=P.I!$BD$4,1,0) -> #REF! | BD26: =+IF(P.I!#REF!=P.I!$BE$4,1,0) -> #REF! | BE26: =+IF(P.I!#REF!=P.I!$BF$4,1,0) -> #REF! | BF26: =+IF(P.I!#REF!=P.I!$BG$4,1,0) -> #REF! | BG26: =+IF(P.I!#REF!=P.I!$BH$4,1,0) -> #REF! | BH26: =+IF(P.I!#REF!=P.I!$BI$4,1,0) -> #REF! | BI26: =+IF(P.I!#REF!=P.I!$BJ$4,1,0) -> #REF! | BJ26: =+IF(P.I!#REF!=P.I!$BK$4,1,0) -> #REF! | BK26: =+IF(P.I!#REF!=P.I!$BL$4,1,0) -> #REF! | BL26: =+IF(P.I!#REF!=P.I!$BM$4,1,0) -> #REF! | BM26: =+IF(P.I!#REF!=P.I!$BN$4,1,0) -> #REF! | BN26: =+IF(P.I!#REF!=P.I!$BO$4,1,0) -> #REF! | BO26: =+IF(P.I!#REF!=P.I!$BP$4,1,0) -> #REF! | BP26: =+IF(P.I!#REF!=P.I!$BQ$4,1,0) -> #REF! | BQ26: =+IF(P.I!#REF!=P.I!$BR$4,1,0) -> #REF! | BR26: =+IF(P.I!#REF!=P.I!$BS$4,1,0) -> #REF! | BS26: =+IF(P.I!#REF!=P.I!$BT$4,1,0) -> #REF! | BT26: =+IF(P.I!#REF!=P.I!$BU$4,1,0) -> #REF! | BU26: =+IF(P.I!#REF!=P.I!$BV$4,1,0) -> #REF! | BV26: =+IF(P.I!#REF!=P.I!$BW$4,1,0) -> #REF! | BW26: =+IF(P.I!#REF!=P.I!$BX$4,1,0) -> #REF! | BX26: =+IF(P.I!#REF!=P.I!$BY$4,1,0) -> #REF! | BY26: =+IF(P.I!#REF!=P.I!$BZ$4,1,0) -> #REF! | BZ26: =+IF(P.I!#REF!=P.I!$CA$4,1,0) -> #REF! | CA26: =+IF(P.I!#REF!=P.I!$CB$4,1,0) -> #REF! | CB26: =+IF(P.I!#REF!=P.I!$CC$4,1,0) -> #REF! | CC26: =+IF(P.I!CD41=P.I!$CD$4,1,0) -> 0 | CD26: =+IF(P.I!CE41=P.I!$CE$4,1,0) -> 0 | CE26: =+SUM(C26:AP26) -> 0 | CF26: =+CE26/$CF$3*100 -> 0 | CG26: =+CF26*5/100 -> 0 | CH26: =+SUM(AQ26:CD26) -> #REF! | CI26: =+CH26/$CI$3*100 -> #REF! | CJ26: =+CI26*5/100 -> #REF! | CK26: =+CE26+CH26 -> #REF! | CL26: =+CK26/$CL$3*100 -> #REF! | CM26: =+CL26*5/100 -> #REF!
A27: 23 | B27: =P.I!C42 -> NEIDER ENRIQUE ALMANZA RUIZ | C27: =+IF(P.I!D42=P.I!$D$4,1,0) -> 0 | D27: =+IF(P.I!E42=P.I!$E$4,1,0) -> 0 | E27: =+IF(P.I!F42=P.I!$F$4,1,0) -> 0 | F27: =+IF(P.I!G42=P.I!$G$4,1,0) -> 0 | G27: =+IF(P.I!H42=P.I!$H$4,1,0) -> 0 | H27: =+IF(P.I!I42=P.I!$I$4,1,0) -> 0 | I27: =+IF(P.I!J42=P.I!$J$4,1,0) -> 0 | J27: =+IF(P.I!K42=P.I!$K$4,1,0) -> 0 | K27: =+IF(P.I!L42=P.I!$L$4,1,0) -> 0 | L27: =+IF(P.I!M42=P.I!$M$4,1,0) -> 0 | M27: =+IF(P.I!N42=P.I!$N$4,1,0) -> 0 | N27: =+IF(P.I!O42=P.I!$O$4,1,0) -> 0 | O27: =+IF(P.I!P42=P.I!$P$4,1,0) -> 0 | P27: =+IF(P.I!Q42=P.I!$Q$4,1,0) -> 0 | Q27: =+IF(P.I!R42=P.I!$R$4,1,0) -> 0 | R27: =+IF(P.I!S42=P.I!$S$4,1,0) -> 0 | S27: =+IF(P.I!T42=P.I!$T$4,1,0) -> 0 | T27: =+IF(P.I!U42=P.I!$U$4,1,0) -> 0 | U27: =+IF(P.I!V42=P.I!$V$4,1,0) -> 0 | V27: =+IF(P.I!W42=P.I!$W$4,1,0) -> 0 | W27: =+IF(P.I!X42=P.I!$X$4,1,0) -> 0 | X27: =+IF(P.I!Y42=P.I!$Y$4,1,0) -> 0 | Y27: =+IF(P.I!Z42=P.I!$Z$4,1,0) -> 0 | Z27: =+IF(P.I!AA42=P.I!$AA$4,1,0) -> 0 | AA27: =+IF(P.I!AB42=P.I!$AB$4,1,0) -> 0 | AB27: =+IF(P.I!AC42=P.I!$AC$4,1,0) -> 0 | AC27: =+IF(P.I!AD42=P.I!$AD$4,1,0) -> 0 | AD27: =+IF(P.I!AE42=P.I!$AE$4,1,0) -> 0 | AE27: =+IF(P.I!AF42=P.I!$AF$4,1,0) -> 0 | AF27: =+IF(P.I!AG42=P.I!$AG$4,1,0) -> 0 | AG27: =+IF(P.I!AH42=P.I!$AH$4,1,0) -> 0 | AH27: =+IF(P.I!AI42=P.I!$AI$4,1,0) -> 0 | AI27: =+IF(P.I!AJ42=P.I!$AJ$4,1,0) -> 0 | AJ27: =+IF(P.I!AK42=P.I!$AK$4,1,0) -> 0 | AK27: =+IF(P.I!AL42=P.I!$AL$4,1,0) -> 0 | AL27: =+IF(P.I!AM42=P.I!$AM$4,1,0) -> 0 | AM27: =+IF(P.I!AN42=P.I!$AN$4,1,0) -> 0 | AN27: =+IF(P.I!AO42=P.I!$AO$4,1,0) -> 0 | AO27: =+IF(P.I!AP42=P.I!$AP$4,1,0) -> 0 | AP27: =+IF(P.I!AQ42=P.I!$AQ$4,1,0) -> 0 | AQ27: =+IF(P.I!AR42=P.I!$AR$4,1,0) -> 0 | AR27: =+IF(P.I!AS42=P.I!$AS$4,1,0) -> 0 | AS27: =+IF(P.I!AT42=P.I!$AT$4,1,0) -> 0 | AT27: =+IF(P.I!AU42=P.I!$AU$4,1,0) -> 0 | AU27: =+IF(P.I!AV42=P.I!$AV$4,1,0) -> 0 | AV27: =+IF(P.I!AW42=P.I!$AW$4,1,0) -> 0 | AW27: =+IF(P.I!AX42=P.I!$AX$4,1,0) -> 0 | AX27: =+IF(P.I!AY42=P.I!$AY$4,1,0) -> 0 | AY27: =+IF(P.I!AZ42=P.I!$AZ$4,1,0) -> 0 | AZ27: =+IF(P.I!BA42=P.I!$BA$4,1,0) -> 0 | BA27: =+IF(P.I!BB42=P.I!$BB$4,1,0) -> 0 | BB27: =+IF(P.I!BC42=P.I!$BC$4,1,0) -> 0 | BC27: =+IF(P.I!BD42=P.I!$BD$4,1,0) -> 0 | BD27: =+IF(P.I!BE42=P.I!$BE$4,1,0) -> 0 | BE27: =+IF(P.I!BF42=P.I!$BF$4,1,0) -> 0 | BF27: =+IF(P.I!BG42=P.I!$BG$4,1,0) -> 0 | BG27: =+IF(P.I!BH42=P.I!$BH$4,1,0) -> 0 | BH27: =+IF(P.I!BI42=P.I!$BI$4,1,0) -> 0 | BI27: =+IF(P.I!BJ42=P.I!$BJ$4,1,0) -> 0 | BJ27: =+IF(P.I!BK42=P.I!$BK$4,1,0) -> 0 | BK27: =+IF(P.I!BL42=P.I!$BL$4,1,0) -> 0 | BL27: =+IF(P.I!BM42=P.I!$BM$4,1,0) -> 0 | BM27: =+IF(P.I!BN42=P.I!$BN$4,1,0) -> 0 | BN27: =+IF(P.I!BO42=P.I!$BO$4,1,0) -> 0 | BO27: =+IF(P.I!BP42=P.I!$BP$4,1,0) -> 0 | BP27: =+IF(P.I!BQ42=P.I!$BQ$4,1,0) -> 0 | BQ27: =+IF(P.I!BR42=P.I!$BR$4,1,0) -> 0 | BR27: =+IF(P.I!BS42=P.I!$BS$4,1,0) -> 0 | BS27: =+IF(P.I!BT42=P.I!$BT$4,1,0) -> 0 | BT27: =+IF(P.I!BU42=P.I!$BU$4,1,0) -> 0 | BU27: =+IF(P.I!BV42=P.I!$BV$4,1,0) -> 0 | BV27: =+IF(P.I!BW42=P.I!$BW$4,1,0) -> 0 | BW27: =+IF(P.I!BX42=P.I!$BX$4,1,0) -> 0 | BX27: =+IF(P.I!BY42=P.I!$BY$4,1,0) -> 0 | BY27: =+IF(P.I!BZ42=P.I!$BZ$4,1,0) -> 0 | BZ27: =+IF(P.I!CA42=P.I!$CA$4,1,0) -> 0 | CA27: =+IF(P.I!CB42=P.I!$CB$4,1,0) -> 0 | CB27: =+IF(P.I!CC42=P.I!$CC$4,1,0) -> 0 | CC27: =+IF(P.I!CD42=P.I!$CD$4,1,0) -> 0 | CD27: =+IF(P.I!CE42=P.I!$CE$4,1,0) -> 0 | CE27: =+SUM(C27:AP27) -> 0 | CF27: =+CE27/$CF$3*100 -> 0 | CG27: =+CF27*5/100 -> 0 | CH27: =+SUM(AQ27:CD27) -> 0 | CI27: =+CH27/$CI$3*100 -> 0 | CJ27: =+CI27*5/100 -> 0 | CK27: =+CE27+CH27 -> 0 | CL27: =+CK27/$CL$3*100 -> 0 | CM27: =+CL27*5/100 -> 0
A28: 24 | B28: =P.I!C43 -> NINA ISABEL GUERRERO AVILEZ | C28: =+IF(P.I!D43=P.I!$D$4,1,0) -> 0 | D28: =+IF(P.I!E43=P.I!$E$4,1,0) -> 0 | E28: =+IF(P.I!F43=P.I!$F$4,1,0) -> 0 | F28: =+IF(P.I!G43=P.I!$G$4,1,0) -> 0 | G28: =+IF(P.I!H43=P.I!$H$4,1,0) -> 0 | H28: =+IF(P.I!I43=P.I!$I$4,1,0) -> 0 | I28: =+IF(P.I!J43=P.I!$J$4,1,0) -> 0 | J28: =+IF(P.I!K43=P.I!$K$4,1,0) -> 0 | K28: =+IF(P.I!L43=P.I!$L$4,1,0) -> 0 | L28: =+IF(P.I!M43=P.I!$M$4,1,0) -> 0 | M28: =+IF(P.I!N43=P.I!$N$4,1,0) -> 0 | N28: =+IF(P.I!O43=P.I!$O$4,1,0) -> 0 | O28: =+IF(P.I!P43=P.I!$P$4,1,0) -> 0 | P28: =+IF(P.I!Q43=P.I!$Q$4,1,0) -> 0 | Q28: =+IF(P.I!R43=P.I!$R$4,1,0) -> 0 | R28: =+IF(P.I!S43=P.I!$S$4,1,0) -> 0 | S28: =+IF(P.I!T43=P.I!$T$4,1,0) -> 0 | T28: =+IF(P.I!U43=P.I!$U$4,1,0) -> 0 | U28: =+IF(P.I!V43=P.I!$V$4,1,0) -> 0 | V28: =+IF(P.I!W43=P.I!$W$4,1,0) -> 0 | W28: =+IF(P.I!X43=P.I!$X$4,1,0) -> 0 | X28: =+IF(P.I!Y43=P.I!$Y$4,1,0) -> 0 | Y28: =+IF(P.I!Z43=P.I!$Z$4,1,0) -> 0 | Z28: =+IF(P.I!AA43=P.I!$AA$4,1,0) -> 0 | AA28: =+IF(P.I!AB43=P.I!$AB$4,1,0) -> 0 | AB28: =+IF(P.I!AC43=P.I!$AC$4,1,0) -> 0 | AC28: =+IF(P.I!AD43=P.I!$AD$4,1,0) -> 0 | AD28: =+IF(P.I!AE43=P.I!$AE$4,1,0) -> 0 | AE28: =+IF(P.I!AF43=P.I!$AF$4,1,0) -> 0 | AF28: =+IF(P.I!AG43=P.I!$AG$4,1,0) -> 0 | AG28: =+IF(P.I!AH43=P.I!$AH$4,1,0) -> 0 | AH28: =+IF(P.I!AI43=P.I!$AI$4,1,0) -> 0 | AI28: =+IF(P.I!AJ43=P.I!$AJ$4,1,0) -> 0 | AJ28: =+IF(P.I!AK43=P.I!$AK$4,1,0) -> 0 | AK28: =+IF(P.I!AL43=P.I!$AL$4,1,0) -> 0 | AL28: =+IF(P.I!AM43=P.I!$AM$4,1,0) -> 0 | AM28: =+IF(P.I!AN43=P.I!$AN$4,1,0) -> 0 | AN28: =+IF(P.I!AO43=P.I!$AO$4,1,0) -> 0 | AO28: =+IF(P.I!AP43=P.I!$AP$4,1,0) -> 0 | AP28: =+IF(P.I!AQ43=P.I!$AQ$4,1,0) -> 0 | AQ28: =+IF(P.I!#REF!=P.I!$AR$4,1,0) -> #REF! | AR28: =+IF(P.I!#REF!=P.I!$AS$4,1,0) -> #REF! | AS28: =+IF(P.I!#REF!=P.I!$AT$4,1,0) -> #REF! | AT28: =+IF(P.I!#REF!=P.I!$AU$4,1,0) -> #REF! | AU28: =+IF(P.I!#REF!=P.I!$AV$4,1,0) -> #REF! | AV28: =+IF(P.I!#REF!=P.I!$AW$4,1,0) -> #REF! | AW28: =+IF(P.I!#REF!=P.I!$AX$4,1,0) -> #REF! | AX28: =+IF(P.I!#REF!=P.I!$AY$4,1,0) -> #REF! | AY28: =+IF(P.I!#REF!=P.I!$AZ$4,1,0) -> #REF! | AZ28: =+IF(P.I!#REF!=P.I!$BA$4,1,0) -> #REF! | BA28: =+IF(P.I!#REF!=P.I!$BB$4,1,0) -> #REF! | BB28: =+IF(P.I!#REF!=P.I!$BC$4,1,0) -> #REF! | BC28: =+IF(P.I!#REF!=P.I!$BD$4,1,0) -> #REF! | BD28: =+IF(P.I!#REF!=P.I!$BE$4,1,0) -> #REF! | BE28: =+IF(P.I!#REF!=P.I!$BF$4,1,0) -> #REF! | BF28: =+IF(P.I!#REF!=P.I!$BG$4,1,0) -> #REF! | BG28: =+IF(P.I!#REF!=P.I!$BH$4,1,0) -> #REF! | BH28: =+IF(P.I!#REF!=P.I!$BI$4,1,0) -> #REF! | BI28: =+IF(P.I!#REF!=P.I!$BJ$4,1,0) -> #REF! | BJ28: =+IF(P.I!#REF!=P.I!$BK$4,1,0) -> #REF! | BK28: =+IF(P.I!#REF!=P.I!$BL$4,1,0) -> #REF! | BL28: =+IF(P.I!#REF!=P.I!$BM$4,1,0) -> #REF! | BM28: =+IF(P.I!#REF!=P.I!$BN$4,1,0) -> #REF! | BN28: =+IF(P.I!#REF!=P.I!$BO$4,1,0) -> #REF! | BO28: =+IF(P.I!#REF!=P.I!$BP$4,1,0) -> #REF! | BP28: =+IF(P.I!#REF!=P.I!$BQ$4,1,0) -> #REF! | BQ28: =+IF(P.I!#REF!=P.I!$BR$4,1,0) -> #REF! | BR28: =+IF(P.I!#REF!=P.I!$BS$4,1,0) -> #REF! | BS28: =+IF(P.I!#REF!=P.I!$BT$4,1,0) -> #REF! | BT28: =+IF(P.I!#REF!=P.I!$BU$4,1,0) -> #REF! | BU28: =+IF(P.I!#REF!=P.I!$BV$4,1,0) -> #REF! | BV28: =+IF(P.I!#REF!=P.I!$BW$4,1,0) -> #REF! | BW28: =+IF(P.I!#REF!=P.I!$BX$4,1,0) -> #REF! | BX28: =+IF(P.I!#REF!=P.I!$BY$4,1,0) -> #REF! | BY28: =+IF(P.I!#REF!=P.I!$BZ$4,1,0) -> #REF! | BZ28: =+IF(P.I!#REF!=P.I!$CA$4,1,0) -> #REF! | CA28: =+IF(P.I!#REF!=P.I!$CB$4,1,0) -> #REF! | CB28: =+IF(P.I!#REF!=P.I!$CC$4,1,0) -> #REF! | CC28: =+IF(P.I!CD43=P.I!$CD$4,1,0) -> 0 | CD28: =+IF(P.I!CE43=P.I!$CE$4,1,0) -> 0 | CE28: =+SUM(C28:AP28) -> 0 | CF28: =+CE28/$CF$3*100 -> 0 | CG28: =+CF28*5/100 -> 0 | CH28: =+SUM(AQ28:CD28) -> #REF! | CI28: =+CH28/$CI$3*100 -> #REF! | CJ28: =+CI28*5/100 -> #REF! | CK28: =+CE28+CH28 -> #REF! | CL28: =+CK28/$CL$3*100 -> #REF! | CM28: =+CL28*5/100 -> #REF!
A29: 25 | B29: =P.I!C44 -> OSCAR YESID SUAREZ PESTAÑA | C29: =+IF(P.I!D44=P.I!$D$4,1,0) -> 0 | D29: =+IF(P.I!E44=P.I!$E$4,1,0) -> 0 | E29: =+IF(P.I!F44=P.I!$F$4,1,0) -> 0 | F29: =+IF(P.I!G44=P.I!$G$4,1,0) -> 0 | G29: =+IF(P.I!H44=P.I!$H$4,1,0) -> 0 | H29: =+IF(P.I!I44=P.I!$I$4,1,0) -> 0 | I29: =+IF(P.I!J44=P.I!$J$4,1,0) -> 0 | J29: =+IF(P.I!K44=P.I!$K$4,1,0) -> 0 | K29: =+IF(P.I!L44=P.I!$L$4,1,0) -> 0 | L29: =+IF(P.I!M44=P.I!$M$4,1,0) -> 0 | M29: =+IF(P.I!N44=P.I!$N$4,1,0) -> 0 | N29: =+IF(P.I!O44=P.I!$O$4,1,0) -> 0 | O29: =+IF(P.I!P44=P.I!$P$4,1,0) -> 0 | P29: =+IF(P.I!Q44=P.I!$Q$4,1,0) -> 0 | Q29: =+IF(P.I!R44=P.I!$R$4,1,0) -> 0 | R29: =+IF(P.I!S44=P.I!$S$4,1,0) -> 0 | S29: =+IF(P.I!T44=P.I!$T$4,1,0) -> 0 | T29: =+IF(P.I!U44=P.I!$U$4,1,0) -> 0 | U29: =+IF(P.I!V44=P.I!$V$4,1,0) -> 0 | V29: =+IF(P.I!W44=P.I!$W$4,1,0) -> 0 | W29: =+IF(P.I!X44=P.I!$X$4,1,0) -> 0 | X29: =+IF(P.I!Y44=P.I!$Y$4,1,0) -> 0 | Y29: =+IF(P.I!Z44=P.I!$Z$4,1,0) -> 0 | Z29: =+IF(P.I!AA44=P.I!$AA$4,1,0) -> 0 | AA29: =+IF(P.I!AB44=P.I!$AB$4,1,0) -> 0 | AB29: =+IF(P.I!AC44=P.I!$AC$4,1,0) -> 0 | AC29: =+IF(P.I!AD44=P.I!$AD$4,1,0) -> 0 | AD29: =+IF(P.I!AE44=P.I!$AE$4,1,0) -> 0 | AE29: =+IF(P.I!AF44=P.I!$AF$4,1,0) -> 0 | AF29: =+IF(P.I!AG44=P.I!$AG$4,1,0) -> 0 | AG29: =+IF(P.I!AH44=P.I!$AH$4,1,0) -> 0 | AH29: =+IF(P.I!AI44=P.I!$AI$4,1,0) -> 0 | AI29: =+IF(P.I!AJ44=P.I!$AJ$4,1,0) -> 0 | AJ29: =+IF(P.I!AK44=P.I!$AK$4,1,0) -> 0 | AK29: =+IF(P.I!AL44=P.I!$AL$4,1,0) -> 0 | AL29: =+IF(P.I!AM44=P.I!$AM$4,1,0) -> 0 | AM29: =+IF(P.I!AN44=P.I!$AN$4,1,0) -> 0 | AN29: =+IF(P.I!AO44=P.I!$AO$4,1,0) -> 0 | AO29: =+IF(P.I!AP44=P.I!$AP$4,1,0) -> 0 | AP29: =+IF(P.I!AQ44=P.I!$AQ$4,1,0) -> 0 | AQ29: =+IF(P.I!#REF!=P.I!$AR$4,1,0) -> #REF! | AR29: =+IF(P.I!#REF!=P.I!$AS$4,1,0) -> #REF! | AS29: =+IF(P.I!#REF!=P.I!$AT$4,1,0) -> #REF! | AT29: =+IF(P.I!#REF!=P.I!$AU$4,1,0) -> #REF! | AU29: =+IF(P.I!#REF!=P.I!$AV$4,1,0) -> #REF! | AV29: =+IF(P.I!#REF!=P.I!$AW$4,1,0) -> #REF! | AW29: =+IF(P.I!#REF!=P.I!$AX$4,1,0) -> #REF! | AX29: =+IF(P.I!#REF!=P.I!$AY$4,1,0) -> #REF! | AY29: =+IF(P.I!#REF!=P.I!$AZ$4,1,0) -> #REF! | AZ29: =+IF(P.I!#REF!=P.I!$BA$4,1,0) -> #REF! | BA29: =+IF(P.I!#REF!=P.I!$BB$4,1,0) -> #REF! | BB29: =+IF(P.I!#REF!=P.I!$BC$4,1,0) -> #REF! | BC29: =+IF(P.I!#REF!=P.I!$BD$4,1,0) -> #REF! | BD29: =+IF(P.I!#REF!=P.I!$BE$4,1,0) -> #REF! | BE29: =+IF(P.I!#REF!=P.I!$BF$4,1,0) -> #REF! | BF29: =+IF(P.I!#REF!=P.I!$BG$4,1,0) -> #REF! | BG29: =+IF(P.I!#REF!=P.I!$BH$4,1,0) -> #REF! | BH29: =+IF(P.I!#REF!=P.I!$BI$4,1,0) -> #REF! | BI29: =+IF(P.I!#REF!=P.I!$BJ$4,1,0) -> #REF! | BJ29: =+IF(P.I!#REF!=P.I!$BK$4,1,0) -> #REF! | BK29: =+IF(P.I!#REF!=P.I!$BL$4,1,0) -> #REF! | BL29: =+IF(P.I!#REF!=P.I!$BM$4,1,0) -> #REF! | BM29: =+IF(P.I!#REF!=P.I!$BN$4,1,0) -> #REF! | BN29: =+IF(P.I!#REF!=P.I!$BO$4,1,0) -> #REF! | BO29: =+IF(P.I!#REF!=P.I!$BP$4,1,0) -> #REF! | BP29: =+IF(P.I!#REF!=P.I!$BQ$4,1,0) -> #REF! | BQ29: =+IF(P.I!#REF!=P.I!$BR$4,1,0) -> #REF! | BR29: =+IF(P.I!#REF!=P.I!$BS$4,1,0) -> #REF! | BS29: =+IF(P.I!#REF!=P.I!$BT$4,1,0) -> #REF! | BT29: =+IF(P.I!#REF!=P.I!$BU$4,1,0) -> #REF! | BU29: =+IF(P.I!#REF!=P.I!$BV$4,1,0) -> #REF! | BV29: =+IF(P.I!#REF!=P.I!$BW$4,1,0) -> #REF! | BW29: =+IF(P.I!#REF!=P.I!$BX$4,1,0) -> #REF! | BX29: =+IF(P.I!#REF!=P.I!$BY$4,1,0) -> #REF! | BY29: =+IF(P.I!#REF!=P.I!$BZ$4,1,0) -> #REF! | BZ29: =+IF(P.I!#REF!=P.I!$CA$4,1,0) -> #REF! | CA29: =+IF(P.I!#REF!=P.I!$CB$4,1,0) -> #REF! | CB29: =+IF(P.I!#REF!=P.I!$CC$4,1,0) -> #REF! | CC29: =+IF(P.I!CD44=P.I!$CD$4,1,0) -> 0 | CD29: =+IF(P.I!CE44=P.I!$CE$4,1,0) -> 0 | CE29: =+SUM(C29:AP29) -> 0 | CF29: =+CE29/$CF$3*100 -> 0 | CG29: =+CF29*5/100 -> 0 | CH29: =+SUM(AQ29:CD29) -> #REF! | CI29: =+CH29/$CI$3*100 -> #REF! | CJ29: =+CI29*5/100 -> #REF! | CK29: =+CE29+CH29 -> #REF! | CL29: =+CK29/$CL$3*100 -> #REF! | CM29: =+CL29*5/100 -> #REF!
A30: 26 | B30: =P.I!C45 -> SAMUEL ANDRÉS BEJARANO GUTIERREZ | C30: =+IF(P.I!D45=P.I!$D$4,1,0) -> 0 | D30: =+IF(P.I!E45=P.I!$E$4,1,0) -> 0 | E30: =+IF(P.I!F45=P.I!$F$4,1,0) -> 0 | F30: =+IF(P.I!G45=P.I!$G$4,1,0) -> 0 | G30: =+IF(P.I!H45=P.I!$H$4,1,0) -> 0 | H30: =+IF(P.I!I45=P.I!$I$4,1,0) -> 0 | I30: =+IF(P.I!J45=P.I!$J$4,1,0) -> 0 | J30: =+IF(P.I!K45=P.I!$K$4,1,0) -> 0 | K30: =+IF(P.I!L45=P.I!$L$4,1,0) -> 0 | L30: =+IF(P.I!M45=P.I!$M$4,1,0) -> 0 | M30: =+IF(P.I!N45=P.I!$N$4,1,0) -> 0 | N30: =+IF(P.I!O45=P.I!$O$4,1,0) -> 0 | O30: =+IF(P.I!P45=P.I!$P$4,1,0) -> 0 | P30: =+IF(P.I!Q45=P.I!$Q$4,1,0) -> 0 | Q30: =+IF(P.I!R45=P.I!$R$4,1,0) -> 0 | R30: =+IF(P.I!S45=P.I!$S$4,1,0) -> 0 | S30: =+IF(P.I!T45=P.I!$T$4,1,0) -> 0 | T30: =+IF(P.I!U45=P.I!$U$4,1,0) -> 0 | U30: =+IF(P.I!V45=P.I!$V$4,1,0) -> 0 | V30: =+IF(P.I!W45=P.I!$W$4,1,0) -> 0 | W30: =+IF(P.I!X45=P.I!$X$4,1,0) -> 0 | X30: =+IF(P.I!Y45=P.I!$Y$4,1,0) -> 0 | Y30: =+IF(P.I!Z45=P.I!$Z$4,1,0) -> 0 | Z30: =+IF(P.I!AA45=P.I!$AA$4,1,0) -> 0 | AA30: =+IF(P.I!AB45=P.I!$AB$4,1,0) -> 0 | AB30: =+IF(P.I!AC45=P.I!$AC$4,1,0) -> 0 | AC30: =+IF(P.I!AD45=P.I!$AD$4,1,0) -> 0 | AD30: =+IF(P.I!AE45=P.I!$AE$4,1,0) -> 0 | AE30: =+IF(P.I!AF45=P.I!$AF$4,1,0) -> 0 | AF30: =+IF(P.I!AG45=P.I!$AG$4,1,0) -> 0 | AG30: =+IF(P.I!AH45=P.I!$AH$4,1,0) -> 0 | AH30: =+IF(P.I!AI45=P.I!$AI$4,1,0) -> 0 | AI30: =+IF(P.I!AJ45=P.I!$AJ$4,1,0) -> 0 | AJ30: =+IF(P.I!AK45=P.I!$AK$4,1,0) -> 0 | AK30: =+IF(P.I!AL45=P.I!$AL$4,1,0) -> 0 | AL30: =+IF(P.I!AM45=P.I!$AM$4,1,0) -> 0 | AM30: =+IF(P.I!AN45=P.I!$AN$4,1,0) -> 0 | AN30: =+IF(P.I!AO45=P.I!$AO$4,1,0) -> 0 | AO30: =+IF(P.I!AP45=P.I!$AP$4,1,0) -> 0 | AP30: =+IF(P.I!AQ45=P.I!$AQ$4,1,0) -> 0 | AQ30: =+IF(P.I!AR45=P.I!$AR$4,1,0) -> 0 | AR30: =+IF(P.I!AS45=P.I!$AS$4,1,0) -> 0 | AS30: =+IF(P.I!AT45=P.I!$AT$4,1,0) -> 0 | AT30: =+IF(P.I!AU45=P.I!$AU$4,1,0) -> 0 | AU30: =+IF(P.I!AV45=P.I!$AV$4,1,0) -> 0 | AV30: =+IF(P.I!AW45=P.I!$AW$4,1,0) -> 0 | AW30: =+IF(P.I!AX45=P.I!$AX$4,1,0) -> 0 | AX30: =+IF(P.I!AY45=P.I!$AY$4,1,0) -> 0 | AY30: =+IF(P.I!AZ45=P.I!$AZ$4,1,0) -> 0 | AZ30: =+IF(P.I!BA45=P.I!$BA$4,1,0) -> 0 | BA30: =+IF(P.I!BB45=P.I!$BB$4,1,0) -> 0 | BB30: =+IF(P.I!BC45=P.I!$BC$4,1,0) -> 0 | BC30: =+IF(P.I!BD45=P.I!$BD$4,1,0) -> 0 | BD30: =+IF(P.I!BE45=P.I!$BE$4,1,0) -> 0 | BE30: =+IF(P.I!BF45=P.I!$BF$4,1,0) -> 0 | BF30: =+IF(P.I!BG45=P.I!$BG$4,1,0) -> 0 | BG30: =+IF(P.I!BH45=P.I!$BH$4,1,0) -> 0 | BH30: =+IF(P.I!BI45=P.I!$BI$4,1,0) -> 0 | BI30: =+IF(P.I!BJ45=P.I!$BJ$4,1,0) -> 0 | BJ30: =+IF(P.I!BK45=P.I!$BK$4,1,0) -> 0 | BK30: =+IF(P.I!BL45=P.I!$BL$4,1,0) -> 0 | BL30: =+IF(P.I!BM45=P.I!$BM$4,1,0) -> 0 | BM30: =+IF(P.I!BN45=P.I!$BN$4,1,0) -> 0 | BN30: =+IF(P.I!BO45=P.I!$BO$4,1,0) -> 0 | BO30: =+IF(P.I!BP45=P.I!$BP$4,1,0) -> 0 | BP30: =+IF(P.I!BQ45=P.I!$BQ$4,1,0) -> 0 | BQ30: =+IF(P.I!BR45=P.I!$BR$4,1,0) -> 0 | BR30: =+IF(P.I!BS45=P.I!$BS$4,1,0) -> 0 | BS30: =+IF(P.I!BT45=P.I!$BT$4,1,0) -> 0 | BT30: =+IF(P.I!BU45=P.I!$BU$4,1,0) -> 0 | BU30: =+IF(P.I!BV45=P.I!$BV$4,1,0) -> 0 | BV30: =+IF(P.I!BW45=P.I!$BW$4,1,0) -> 0 | BW30: =+IF(P.I!BX45=P.I!$BX$4,1,0) -> 0 | BX30: =+IF(P.I!BY45=P.I!$BY$4,1,0) -> 0 | BY30: =+IF(P.I!BZ45=P.I!$BZ$4,1,0) -> 0 | BZ30: =+IF(P.I!CA45=P.I!$CA$4,1,0) -> 0 | CA30: =+IF(P.I!CB45=P.I!$CB$4,1,0) -> 0 | CB30: =+IF(P.I!CC45=P.I!$CC$4,1,0) -> 0 | CC30: =+IF(P.I!CD45=P.I!$CD$4,1,0) -> 0 | CD30: =+IF(P.I!CE45=P.I!$CE$4,1,0) -> 0 | CE30: =+SUM(C30:AP30) -> 0 | CF30: =+CE30/$CF$3*100 -> 0 | CG30: =+CF30*5/100 -> 0 | CH30: =+SUM(AQ30:CD30) -> 0 | CI30: =+CH30/$CI$3*100 -> 0 | CJ30: =+CI30*5/100 -> 0 | CK30: =+CE30+CH30 -> 0 | CL30: =+CK30/$CL$3*100 -> 0 | CM30: =+CL30*5/100 -> 0
A31: 27 | B31: =P.I!C46 -> SEBASTIÁN GAIVADO NAVARRO | C31: =+IF(P.I!D46=P.I!$D$4,1,0) -> 0 | D31: =+IF(P.I!E46=P.I!$E$4,1,0) -> 0 | E31: =+IF(P.I!F46=P.I!$F$4,1,0) -> 0 | F31: =+IF(P.I!G46=P.I!$G$4,1,0) -> 0 | G31: =+IF(P.I!H46=P.I!$H$4,1,0) -> 0 | H31: =+IF(P.I!I46=P.I!$I$4,1,0) -> 0 | I31: =+IF(P.I!J46=P.I!$J$4,1,0) -> 0 | J31: =+IF(P.I!K46=P.I!$K$4,1,0) -> 0 | K31: =+IF(P.I!L46=P.I!$L$4,1,0) -> 0 | L31: =+IF(P.I!M46=P.I!$M$4,1,0) -> 0 | M31: =+IF(P.I!N46=P.I!$N$4,1,0) -> 0 | N31: =+IF(P.I!O46=P.I!$O$4,1,0) -> 0 | O31: =+IF(P.I!P46=P.I!$P$4,1,0) -> 0 | P31: =+IF(P.I!Q46=P.I!$Q$4,1,0) -> 0 | Q31: =+IF(P.I!R46=P.I!$R$4,1,0) -> 0 | R31: =+IF(P.I!S46=P.I!$S$4,1,0) -> 0 | S31: =+IF(P.I!T46=P.I!$T$4,1,0) -> 0 | T31: =+IF(P.I!U46=P.I!$U$4,1,0) -> 0 | U31: =+IF(P.I!V46=P.I!$V$4,1,0) -> 0 | V31: =+IF(P.I!W46=P.I!$W$4,1,0) -> 0 | W31: =+IF(P.I!X46=P.I!$X$4,1,0) -> 0 | X31: =+IF(P.I!Y46=P.I!$Y$4,1,0) -> 0 | Y31: =+IF(P.I!Z46=P.I!$Z$4,1,0) -> 0 | Z31: =+IF(P.I!AA46=P.I!$AA$4,1,0) -> 0 | AA31: =+IF(P.I!AB46=P.I!$AB$4,1,0) -> 0 | AB31: =+IF(P.I!AC46=P.I!$AC$4,1,0) -> 0 | AC31: =+IF(P.I!AD46=P.I!$AD$4,1,0) -> 0 | AD31: =+IF(P.I!AE46=P.I!$AE$4,1,0) -> 0 | AE31: =+IF(P.I!AF46=P.I!$AF$4,1,0) -> 0 | AF31: =+IF(P.I!AG46=P.I!$AG$4,1,0) -> 0 | AG31: =+IF(P.I!AH46=P.I!$AH$4,1,0) -> 0 | AH31: =+IF(P.I!AI46=P.I!$AI$4,1,0) -> 0 | AI31: =+IF(P.I!AJ46=P.I!$AJ$4,1,0) -> 0 | AJ31: =+IF(P.I!AK46=P.I!$AK$4,1,0) -> 0 | AK31: =+IF(P.I!AL46=P.I!$AL$4,1,0) -> 0 | AL31: =+IF(P.I!AM46=P.I!$AM$4,1,0) -> 0 | AM31: =+IF(P.I!AN46=P.I!$AN$4,1,0) -> 0 | AN31: =+IF(P.I!AO46=P.I!$AO$4,1,0) -> 0 | AO31: =+IF(P.I!AP46=P.I!$AP$4,1,0) -> 0 | AP31: =+IF(P.I!AQ46=P.I!$AQ$4,1,0) -> 0 | AQ31: =+IF(P.I!AR46=P.I!$AR$4,1,0) -> 0 | AR31: =+IF(P.I!AS46=P.I!$AS$4,1,0) -> 0 | AS31: =+IF(P.I!AT46=P.I!$AT$4,1,0) -> 0 | AT31: =+IF(P.I!AU46=P.I!$AU$4,1,0) -> 0 | AU31: =+IF(P.I!AV46=P.I!$AV$4,1,0) -> 0 | AV31: =+IF(P.I!AW46=P.I!$AW$4,1,0) -> 0 | AW31: =+IF(P.I!AX46=P.I!$AX$4,1,0) -> 0 | AX31: =+IF(P.I!AY46=P.I!$AY$4,1,0) -> 0 | AY31: =+IF(P.I!AZ46=P.I!$AZ$4,1,0) -> 0 | AZ31: =+IF(P.I!BA46=P.I!$BA$4,1,0) -> 0 | BA31: =+IF(P.I!BB46=P.I!$BB$4,1,0) -> 0 | BB31: =+IF(P.I!BC46=P.I!$BC$4,1,0) -> 0 | BC31: =+IF(P.I!BD46=P.I!$BD$4,1,0) -> 0 | BD31: =+IF(P.I!BE46=P.I!$BE$4,1,0) -> 0 | BE31: =+IF(P.I!BF46=P.I!$BF$4,1,0) -> 0 | BF31: =+IF(P.I!BG46=P.I!$BG$4,1,0) -> 0 | BG31: =+IF(P.I!BH46=P.I!$BH$4,1,0) -> 0 | BH31: =+IF(P.I!BI46=P.I!$BI$4,1,0) -> 0 | BI31: =+IF(P.I!BJ46=P.I!$BJ$4,1,0) -> 0 | BJ31: =+IF(P.I!BK46=P.I!$BK$4,1,0) -> 0 | BK31: =+IF(P.I!BL46=P.I!$BL$4,1,0) -> 0 | BL31: =+IF(P.I!BM46=P.I!$BM$4,1,0) -> 0 | BM31: =+IF(P.I!BN46=P.I!$BN$4,1,0) -> 0 | BN31: =+IF(P.I!BO46=P.I!$BO$4,1,0) -> 0 | BO31: =+IF(P.I!BP46=P.I!$BP$4,1,0) -> 0 | BP31: =+IF(P.I!BQ46=P.I!$BQ$4,1,0) -> 0 | BQ31: =+IF(P.I!BR46=P.I!$BR$4,1,0) -> 0 | BR31: =+IF(P.I!BS46=P.I!$BS$4,1,0) -> 0 | BS31: =+IF(P.I!BT46=P.I!$BT$4,1,0) -> 0 | BT31: =+IF(P.I!BU46=P.I!$BU$4,1,0) -> 0 | BU31: =+IF(P.I!BV46=P.I!$BV$4,1,0) -> 0 | BV31: =+IF(P.I!BW46=P.I!$BW$4,1,0) -> 0 | BW31: =+IF(P.I!BX46=P.I!$BX$4,1,0) -> 0 | BX31: =+IF(P.I!BY46=P.I!$BY$4,1,0) -> 0 | BY31: =+IF(P.I!BZ46=P.I!$BZ$4,1,0) -> 0 | BZ31: =+IF(P.I!CA46=P.I!$CA$4,1,0) -> 0 | CA31: =+IF(P.I!CB46=P.I!$CB$4,1,0) -> 0 | CB31: =+IF(P.I!CC46=P.I!$CC$4,1,0) -> 0 | CC31: =+IF(P.I!CD46=P.I!$CD$4,1,0) -> 0 | CD31: =+IF(P.I!CE46=P.I!$CE$4,1,0) -> 0 | CE31: =+SUM(C31:AP31) -> 0 | CF31: =+CE31/$CF$3*100 -> 0 | CG31: =+CF31*5/100 -> 0 | CH31: =+SUM(AQ31:CD31) -> 0 | CI31: =+CH31/$CI$3*100 -> 0 | CJ31: =+CI31*5/100 -> 0 | CK31: =+CE31+CH31 -> 0 | CL31: =+CK31/$CL$3*100 -> 0 | CM31: =+CL31*5/100 -> 0
A32: 28 | B32: =P.I!C47 -> SOFIA SALCEDO GARCIA | C32: =+IF(P.I!D47=P.I!$D$4,1,0) -> 0 | D32: =+IF(P.I!E47=P.I!$E$4,1,0) -> 0 | E32: =+IF(P.I!F47=P.I!$F$4,1,0) -> 0 | F32: =+IF(P.I!G47=P.I!$G$4,1,0) -> 0 | G32: =+IF(P.I!H47=P.I!$H$4,1,0) -> 0 | H32: =+IF(P.I!I47=P.I!$I$4,1,0) -> 0 | I32: =+IF(P.I!J47=P.I!$J$4,1,0) -> 0 | J32: =+IF(P.I!K47=P.I!$K$4,1,0) -> 0 | K32: =+IF(P.I!L47=P.I!$L$4,1,0) -> 0 | L32: =+IF(P.I!M47=P.I!$M$4,1,0) -> 0 | M32: =+IF(P.I!N47=P.I!$N$4,1,0) -> 0 | N32: =+IF(P.I!O47=P.I!$O$4,1,0) -> 0 | O32: =+IF(P.I!P47=P.I!$P$4,1,0) -> 0 | P32: =+IF(P.I!Q47=P.I!$Q$4,1,0) -> 0 | Q32: =+IF(P.I!R47=P.I!$R$4,1,0) -> 0 | R32: =+IF(P.I!S47=P.I!$S$4,1,0) -> 0 | S32: =+IF(P.I!T47=P.I!$T$4,1,0) -> 0 | T32: =+IF(P.I!U47=P.I!$U$4,1,0) -> 0 | U32: =+IF(P.I!V47=P.I!$V$4,1,0) -> 0 | V32: =+IF(P.I!W47=P.I!$W$4,1,0) -> 0 | W32: =+IF(P.I!X47=P.I!$X$4,1,0) -> 0 | X32: =+IF(P.I!Y47=P.I!$Y$4,1,0) -> 0 | Y32: =+IF(P.I!Z47=P.I!$Z$4,1,0) -> 0 | Z32: =+IF(P.I!AA47=P.I!$AA$4,1,0) -> 0 | AA32: =+IF(P.I!AB47=P.I!$AB$4,1,0) -> 0 | AB32: =+IF(P.I!AC47=P.I!$AC$4,1,0) -> 0 | AC32: =+IF(P.I!AD47=P.I!$AD$4,1,0) -> 0 | AD32: =+IF(P.I!AE47=P.I!$AE$4,1,0) -> 0 | AE32: =+IF(P.I!AF47=P.I!$AF$4,1,0) -> 0 | AF32: =+IF(P.I!AG47=P.I!$AG$4,1,0) -> 0 | AG32: =+IF(P.I!AH47=P.I!$AH$4,1,0) -> 0 | AH32: =+IF(P.I!AI47=P.I!$AI$4,1,0) -> 0 | AI32: =+IF(P.I!AJ47=P.I!$AJ$4,1,0) -> 0 | AJ32: =+IF(P.I!AK47=P.I!$AK$4,1,0) -> 0 | AK32: =+IF(P.I!AL47=P.I!$AL$4,1,0) -> 0 | AL32: =+IF(P.I!AM47=P.I!$AM$4,1,0) -> 0 | AM32: =+IF(P.I!AN47=P.I!$AN$4,1,0) -> 0 | AN32: =+IF(P.I!AO47=P.I!$AO$4,1,0) -> 0 | AO32: =+IF(P.I!AP47=P.I!$AP$4,1,0) -> 0 | AP32: =+IF(P.I!AQ47=P.I!$AQ$4,1,0) -> 0 | AQ32: =+IF(P.I!#REF!=P.I!$AR$4,1,0) -> #REF! | AR32: =+IF(P.I!#REF!=P.I!$AS$4,1,0) -> #REF! | AS32: =+IF(P.I!#REF!=P.I!$AT$4,1,0) -> #REF! | AT32: =+IF(P.I!#REF!=P.I!$AU$4,1,0) -> #REF! | AU32: =+IF(P.I!#REF!=P.I!$AV$4,1,0) -> #REF! | AV32: =+IF(P.I!#REF!=P.I!$AW$4,1,0) -> #REF! | AW32: =+IF(P.I!#REF!=P.I!$AX$4,1,0) -> #REF! | AX32: =+IF(P.I!#REF!=P.I!$AY$4,1,0) -> #REF! | AY32: =+IF(P.I!#REF!=P.I!$AZ$4,1,0) -> #REF! | AZ32: =+IF(P.I!#REF!=P.I!$BA$4,1,0) -> #REF! | BA32: =+IF(P.I!#REF!=P.I!$BB$4,1,0) -> #REF! | BB32: =+IF(P.I!#REF!=P.I!$BC$4,1,0) -> #REF! | BC32: =+IF(P.I!#REF!=P.I!$BD$4,1,0) -> #REF! | BD32: =+IF(P.I!#REF!=P.I!$BE$4,1,0) -> #REF! | BE32: =+IF(P.I!#REF!=P.I!$BF$4,1,0) -> #REF! | BF32: =+IF(P.I!#REF!=P.I!$BG$4,1,0) -> #REF! | BG32: =+IF(P.I!#REF!=P.I!$BH$4,1,0) -> #REF! | BH32: =+IF(P.I!#REF!=P.I!$BI$4,1,0) -> #REF! | BI32: =+IF(P.I!#REF!=P.I!$BJ$4,1,0) -> #REF! | BJ32: =+IF(P.I!#REF!=P.I!$BK$4,1,0) -> #REF! | BK32: =+IF(P.I!#REF!=P.I!$BL$4,1,0) -> #REF! | BL32: =+IF(P.I!#REF!=P.I!$BM$4,1,0) -> #REF! | BM32: =+IF(P.I!#REF!=P.I!$BN$4,1,0) -> #REF! | BN32: =+IF(P.I!#REF!=P.I!$BO$4,1,0) -> #REF! | BO32: =+IF(P.I!#REF!=P.I!$BP$4,1,0) -> #REF! | BP32: =+IF(P.I!#REF!=P.I!$BQ$4,1,0) -> #REF! | BQ32: =+IF(P.I!#REF!=P.I!$BR$4,1,0) -> #REF! | BR32: =+IF(P.I!#REF!=P.I!$BS$4,1,0) -> #REF! | BS32: =+IF(P.I!#REF!=P.I!$BT$4,1,0) -> #REF! | BT32: =+IF(P.I!#REF!=P.I!$BU$4,1,0) -> #REF! | BU32: =+IF(P.I!#REF!=P.I!$BV$4,1,0) -> #REF! | BV32: =+IF(P.I!#REF!=P.I!$BW$4,1,0) -> #REF! | BW32: =+IF(P.I!#REF!=P.I!$BX$4,1,0) -> #REF! | BX32: =+IF(P.I!#REF!=P.I!$BY$4,1,0) -> #REF! | BY32: =+IF(P.I!#REF!=P.I!$BZ$4,1,0) -> #REF! | BZ32: =+IF(P.I!#REF!=P.I!$CA$4,1,0) -> #REF! | CA32: =+IF(P.I!#REF!=P.I!$CB$4,1,0) -> #REF! | CB32: =+IF(P.I!#REF!=P.I!$CC$4,1,0) -> #REF! | CC32: =+IF(P.I!CD47=P.I!$CD$4,1,0) -> 0 | CD32: =+IF(P.I!CE47=P.I!$CE$4,1,0) -> 0 | CE32: =+SUM(C32:AP32) -> 0 | CF32: =+CE32/$CF$3*100 -> 0 | CG32: =+CF32*5/100 -> 0 | CH32: =+SUM(AQ32:CD32) -> #REF! | CI32: =+CH32/$CI$3*100 -> #REF! | CJ32: =+CI32*5/100 -> #REF! | CK32: =+CE32+CH32 -> #REF! | CL32: =+CK32/$CL$3*100 -> #REF! | CM32: =+CL32*5/100 -> #REF!
A33: 29 | B33: =P.I!C48 -> TALIANA JARAMILLO MONTERROZA | C33: =+IF(P.I!D48=P.I!$D$4,1,0) -> 0 | D33: =+IF(P.I!E48=P.I!$E$4,1,0) -> 0 | E33: =+IF(P.I!F48=P.I!$F$4,1,0) -> 0 | F33: =+IF(P.I!G48=P.I!$G$4,1,0) -> 0 | G33: =+IF(P.I!H48=P.I!$H$4,1,0) -> 0 | H33: =+IF(P.I!I48=P.I!$I$4,1,0) -> 0 | I33: =+IF(P.I!J48=P.I!$J$4,1,0) -> 0 | J33: =+IF(P.I!K48=P.I!$K$4,1,0) -> 0 | K33: =+IF(P.I!L48=P.I!$L$4,1,0) -> 0 | L33: =+IF(P.I!M48=P.I!$M$4,1,0) -> 0 | M33: =+IF(P.I!N48=P.I!$N$4,1,0) -> 0 | N33: =+IF(P.I!O48=P.I!$O$4,1,0) -> 0 | O33: =+IF(P.I!P48=P.I!$P$4,1,0) -> 0 | P33: =+IF(P.I!Q48=P.I!$Q$4,1,0) -> 0 | Q33: =+IF(P.I!R48=P.I!$R$4,1,0) -> 0 | R33: =+IF(P.I!S48=P.I!$S$4,1,0) -> 0 | S33: =+IF(P.I!T48=P.I!$T$4,1,0) -> 0 | T33: =+IF(P.I!U48=P.I!$U$4,1,0) -> 0 | U33: =+IF(P.I!V48=P.I!$V$4,1,0) -> 0 | V33: =+IF(P.I!W48=P.I!$W$4,1,0) -> 0 | W33: =+IF(P.I!X48=P.I!$X$4,1,0) -> 0 | X33: =+IF(P.I!Y48=P.I!$Y$4,1,0) -> 0 | Y33: =+IF(P.I!Z48=P.I!$Z$4,1,0) -> 0 | Z33: =+IF(P.I!AA48=P.I!$AA$4,1,0) -> 0 | AA33: =+IF(P.I!AB48=P.I!$AB$4,1,0) -> 0 | AB33: =+IF(P.I!AC48=P.I!$AC$4,1,0) -> 0 | AC33: =+IF(P.I!AD48=P.I!$AD$4,1,0) -> 0 | AD33: =+IF(P.I!AE48=P.I!$AE$4,1,0) -> 0 | AE33: =+IF(P.I!AF48=P.I!$AF$4,1,0) -> 0 | AF33: =+IF(P.I!AG48=P.I!$AG$4,1,0) -> 0 | AG33: =+IF(P.I!AH48=P.I!$AH$4,1,0) -> 0 | AH33: =+IF(P.I!AI48=P.I!$AI$4,1,0) -> 0 | AI33: =+IF(P.I!AJ48=P.I!$AJ$4,1,0) -> 0 | AJ33: =+IF(P.I!AK48=P.I!$AK$4,1,0) -> 0 | AK33: =+IF(P.I!AL48=P.I!$AL$4,1,0) -> 0 | AL33: =+IF(P.I!AM48=P.I!$AM$4,1,0) -> 0 | AM33: =+IF(P.I!AN48=P.I!$AN$4,1,0) -> 0 | AN33: =+IF(P.I!AO48=P.I!$AO$4,1,0) -> 0 | AO33: =+IF(P.I!AP48=P.I!$AP$4,1,0) -> 0 | AP33: =+IF(P.I!AQ48=P.I!$AQ$4,1,0) -> 0 | AQ33: =+IF(P.I!AR48=P.I!$AR$4,1,0) -> 0 | AR33: =+IF(P.I!AS48=P.I!$AS$4,1,0) -> 0 | AS33: =+IF(P.I!AT48=P.I!$AT$4,1,0) -> 0 | AT33: =+IF(P.I!AU48=P.I!$AU$4,1,0) -> 0 | AU33: =+IF(P.I!AV48=P.I!$AV$4,1,0) -> 0 | AV33: =+IF(P.I!AW48=P.I!$AW$4,1,0) -> 0 | AW33: =+IF(P.I!AX48=P.I!$AX$4,1,0) -> 0 | AX33: =+IF(P.I!AY48=P.I!$AY$4,1,0) -> 0 | AY33: =+IF(P.I!AZ48=P.I!$AZ$4,1,0) -> 0 | AZ33: =+IF(P.I!BA48=P.I!$BA$4,1,0) -> 0 | BA33: =+IF(P.I!BB48=P.I!$BB$4,1,0) -> 0 | BB33: =+IF(P.I!BC48=P.I!$BC$4,1,0) -> 0 | BC33: =+IF(P.I!BD48=P.I!$BD$4,1,0) -> 0 | BD33: =+IF(P.I!BE48=P.I!$BE$4,1,0) -> 0 | BE33: =+IF(P.I!BF48=P.I!$BF$4,1,0) -> 0 | BF33: =+IF(P.I!BG48=P.I!$BG$4,1,0) -> 0 | BG33: =+IF(P.I!BH48=P.I!$BH$4,1,0) -> 0 | BH33: =+IF(P.I!BI48=P.I!$BI$4,1,0) -> 0 | BI33: =+IF(P.I!BJ48=P.I!$BJ$4,1,0) -> 0 | BJ33: =+IF(P.I!BK48=P.I!$BK$4,1,0) -> 0 | BK33: =+IF(P.I!BL48=P.I!$BL$4,1,0) -> 0 | BL33: =+IF(P.I!BM48=P.I!$BM$4,1,0) -> 0 | BM33: =+IF(P.I!BN48=P.I!$BN$4,1,0) -> 0 | BN33: =+IF(P.I!BO48=P.I!$BO$4,1,0) -> 0 | BO33: =+IF(P.I!BP48=P.I!$BP$4,1,0) -> 0 | BP33: =+IF(P.I!BQ48=P.I!$BQ$4,1,0) -> 0 | BQ33: =+IF(P.I!BR48=P.I!$BR$4,1,0) -> 0 | BR33: =+IF(P.I!BS48=P.I!$BS$4,1,0) -> 0 | BS33: =+IF(P.I!BT48=P.I!$BT$4,1,0) -> 0 | BT33: =+IF(P.I!BU48=P.I!$BU$4,1,0) -> 0 | BU33: =+IF(P.I!BV48=P.I!$BV$4,1,0) -> 0 | BV33: =+IF(P.I!BW48=P.I!$BW$4,1,0) -> 0 | BW33: =+IF(P.I!BX48=P.I!$BX$4,1,0) -> 0 | BX33: =+IF(P.I!BY48=P.I!$BY$4,1,0) -> 0 | BY33: =+IF(P.I!BZ48=P.I!$BZ$4,1,0) -> 0 | BZ33: =+IF(P.I!CA48=P.I!$CA$4,1,0) -> 0 | CA33: =+IF(P.I!CB48=P.I!$CB$4,1,0) -> 0 | CB33: =+IF(P.I!CC48=P.I!$CC$4,1,0) -> 0 | CC33: =+IF(P.I!CD48=P.I!$CD$4,1,0) -> 0 | CD33: =+IF(P.I!CE48=P.I!$CE$4,1,0) -> 0 | CE33: =+SUM(C33:AP33) -> 0 | CF33: =+CE33/$CF$3*100 -> 0 | CG33: =+CF33*5/100 -> 0 | CH33: =+SUM(AQ33:CD33) -> 0 | CI33: =+CH33/$CI$3*100 -> 0 | CJ33: =+CI33*5/100 -> 0 | CK33: =+CE33+CH33 -> 0 | CL33: =+CK33/$CL$3*100 -> 0 | CM33: =+CL33*5/100 -> 0
A34: 30 | B34: =P.I!C49 -> VERÓNICA ARRIETA BARRIOS | C34: =+IF(P.I!D49=P.I!$D$4,1,0) -> 0 | D34: =+IF(P.I!E49=P.I!$E$4,1,0) -> 0 | E34: =+IF(P.I!F49=P.I!$F$4,1,0) -> 0 | F34: =+IF(P.I!G49=P.I!$G$4,1,0) -> 0 | G34: =+IF(P.I!H49=P.I!$H$4,1,0) -> 0 | H34: =+IF(P.I!I49=P.I!$I$4,1,0) -> 0 | I34: =+IF(P.I!J49=P.I!$J$4,1,0) -> 0 | J34: =+IF(P.I!K49=P.I!$K$4,1,0) -> 0 | K34: =+IF(P.I!L49=P.I!$L$4,1,0) -> 0 | L34: =+IF(P.I!M49=P.I!$M$4,1,0) -> 0 | M34: =+IF(P.I!N49=P.I!$N$4,1,0) -> 0 | N34: =+IF(P.I!O49=P.I!$O$4,1,0) -> 0 | O34: =+IF(P.I!P49=P.I!$P$4,1,0) -> 0 | P34: =+IF(P.I!Q49=P.I!$Q$4,1,0) -> 0 | Q34: =+IF(P.I!R49=P.I!$R$4,1,0) -> 0 | R34: =+IF(P.I!S49=P.I!$S$4,1,0) -> 0 | S34: =+IF(P.I!T49=P.I!$T$4,1,0) -> 0 | T34: =+IF(P.I!U49=P.I!$U$4,1,0) -> 0 | U34: =+IF(P.I!V49=P.I!$V$4,1,0) -> 0 | V34: =+IF(P.I!W49=P.I!$W$4,1,0) -> 0 | W34: =+IF(P.I!X49=P.I!$X$4,1,0) -> 0 | X34: =+IF(P.I!Y49=P.I!$Y$4,1,0) -> 0 | Y34: =+IF(P.I!Z49=P.I!$Z$4,1,0) -> 0 | Z34: =+IF(P.I!AA49=P.I!$AA$4,1,0) -> 0 | AA34: =+IF(P.I!AB49=P.I!$AB$4,1,0) -> 0 | AB34: =+IF(P.I!AC49=P.I!$AC$4,1,0) -> 0 | AC34: =+IF(P.I!AD49=P.I!$AD$4,1,0) -> 0 | AD34: =+IF(P.I!AE49=P.I!$AE$4,1,0) -> 0 | AE34: =+IF(P.I!AF49=P.I!$AF$4,1,0) -> 0 | AF34: =+IF(P.I!AG49=P.I!$AG$4,1,0) -> 0 | AG34: =+IF(P.I!AH49=P.I!$AH$4,1,0) -> 0 | AH34: =+IF(P.I!AI49=P.I!$AI$4,1,0) -> 0 | AI34: =+IF(P.I!AJ49=P.I!$AJ$4,1,0) -> 0 | AJ34: =+IF(P.I!AK49=P.I!$AK$4,1,0) -> 0 | AK34: =+IF(P.I!AL49=P.I!$AL$4,1,0) -> 0 | AL34: =+IF(P.I!AM49=P.I!$AM$4,1,0) -> 0 | AM34: =+IF(P.I!AN49=P.I!$AN$4,1,0) -> 0 | AN34: =+IF(P.I!AO49=P.I!$AO$4,1,0) -> 0 | AO34: =+IF(P.I!AP49=P.I!$AP$4,1,0) -> 0 | AP34: =+IF(P.I!AQ49=P.I!$AQ$4,1,0) -> 0 | AQ34: =+IF(P.I!#REF!=P.I!$AR$4,1,0) -> #REF! | AR34: =+IF(P.I!#REF!=P.I!$AS$4,1,0) -> #REF! | AS34: =+IF(P.I!#REF!=P.I!$AT$4,1,0) -> #REF! | AT34: =+IF(P.I!#REF!=P.I!$AU$4,1,0) -> #REF! | AU34: =+IF(P.I!#REF!=P.I!$AV$4,1,0) -> #REF! | AV34: =+IF(P.I!#REF!=P.I!$AW$4,1,0) -> #REF! | AW34: =+IF(P.I!#REF!=P.I!$AX$4,1,0) -> #REF! | AX34: =+IF(P.I!#REF!=P.I!$AY$4,1,0) -> #REF! | AY34: =+IF(P.I!#REF!=P.I!$AZ$4,1,0) -> #REF! | AZ34: =+IF(P.I!#REF!=P.I!$BA$4,1,0) -> #REF! | BA34: =+IF(P.I!#REF!=P.I!$BB$4,1,0) -> #REF! | BB34: =+IF(P.I!#REF!=P.I!$BC$4,1,0) -> #REF! | BC34: =+IF(P.I!#REF!=P.I!$BD$4,1,0) -> #REF! | BD34: =+IF(P.I!#REF!=P.I!$BE$4,1,0) -> #REF! | BE34: =+IF(P.I!#REF!=P.I!$BF$4,1,0) -> #REF! | BF34: =+IF(P.I!#REF!=P.I!$BG$4,1,0) -> #REF! | BG34: =+IF(P.I!#REF!=P.I!$BH$4,1,0) -> #REF! | BH34: =+IF(P.I!#REF!=P.I!$BI$4,1,0) -> #REF! | BI34: =+IF(P.I!#REF!=P.I!$BJ$4,1,0) -> #REF! | BJ34: =+IF(P.I!#REF!=P.I!$BK$4,1,0) -> #REF! | BK34: =+IF(P.I!#REF!=P.I!$BL$4,1,0) -> #REF! | BL34: =+IF(P.I!#REF!=P.I!$BM$4,1,0) -> #REF! | BM34: =+IF(P.I!#REF!=P.I!$BN$4,1,0) -> #REF! | BN34: =+IF(P.I!#REF!=P.I!$BO$4,1,0) -> #REF! | BO34: =+IF(P.I!#REF!=P.I!$BP$4,1,0) -> #REF! | BP34: =+IF(P.I!#REF!=P.I!$BQ$4,1,0) -> #REF! | BQ34: =+IF(P.I!#REF!=P.I!$BR$4,1,0) -> #REF! | BR34: =+IF(P.I!#REF!=P.I!$BS$4,1,0) -> #REF! | BS34: =+IF(P.I!#REF!=P.I!$BT$4,1,0) -> #REF! | BT34: =+IF(P.I!#REF!=P.I!$BU$4,1,0) -> #REF! | BU34: =+IF(P.I!#REF!=P.I!$BV$4,1,0) -> #REF! | BV34: =+IF(P.I!#REF!=P.I!$BW$4,1,0) -> #REF! | BW34: =+IF(P.I!#REF!=P.I!$BX$4,1,0) -> #REF! | BX34: =+IF(P.I!#REF!=P.I!$BY$4,1,0) -> #REF! | BY34: =+IF(P.I!#REF!=P.I!$BZ$4,1,0) -> #REF! | BZ34: =+IF(P.I!#REF!=P.I!$CA$4,1,0) -> #REF! | CA34: =+IF(P.I!#REF!=P.I!$CB$4,1,0) -> #REF! | CB34: =+IF(P.I!#REF!=P.I!$CC$4,1,0) -> #REF! | CC34: =+IF(P.I!CD49=P.I!$CD$4,1,0) -> 0 | CD34: =+IF(P.I!CE49=P.I!$CE$4,1,0) -> 0 | CE34: =+SUM(C34:AP34) -> 0 | CF34: =+CE34/$CF$3*100 -> 0 | CG34: =+CF34*5/100 -> 0 | CH34: =+SUM(AQ34:CD34) -> #REF! | CI34: =+CH34/$CI$3*100 -> #REF! | CJ34: =+CI34*5/100 -> #REF! | CK34: =+CE34+CH34 -> #REF! | CL34: =+CK34/$CL$3*100 -> #REF! | CM34: =+CL34*5/100 -> #REF!
A35: 31 | B35: =P.I!C50 -> YARELIS VEGA FLOREZ | C35: =+IF(P.I!D50=P.I!$D$4,1,0) -> 0 | D35: =+IF(P.I!E50=P.I!$E$4,1,0) -> 0 | E35: =+IF(P.I!F50=P.I!$F$4,1,0) -> 0 | F35: =+IF(P.I!G50=P.I!$G$4,1,0) -> 0 | G35: =+IF(P.I!H50=P.I!$H$4,1,0) -> 0 | H35: =+IF(P.I!I50=P.I!$I$4,1,0) -> 0 | I35: =+IF(P.I!J50=P.I!$J$4,1,0) -> 0 | J35: =+IF(P.I!K50=P.I!$K$4,1,0) -> 0 | K35: =+IF(P.I!L50=P.I!$L$4,1,0) -> 0 | L35: =+IF(P.I!M50=P.I!$M$4,1,0) -> 0 | M35: =+IF(P.I!N50=P.I!$N$4,1,0) -> 0 | N35: =+IF(P.I!O50=P.I!$O$4,1,0) -> 0 | O35: =+IF(P.I!P50=P.I!$P$4,1,0) -> 0 | P35: =+IF(P.I!Q50=P.I!$Q$4,1,0) -> 0 | Q35: =+IF(P.I!R50=P.I!$R$4,1,0) -> 0 | R35: =+IF(P.I!S50=P.I!$S$4,1,0) -> 0 | S35: =+IF(P.I!T50=P.I!$T$4,1,0) -> 0 | T35: =+IF(P.I!U50=P.I!$U$4,1,0) -> 0 | U35: =+IF(P.I!V50=P.I!$V$4,1,0) -> 0 | V35: =+IF(P.I!W50=P.I!$W$4,1,0) -> 0 | W35: =+IF(P.I!X50=P.I!$X$4,1,0) -> 0 | X35: =+IF(P.I!Y50=P.I!$Y$4,1,0) -> 0 | Y35: =+IF(P.I!Z50=P.I!$Z$4,1,0) -> 0 | Z35: =+IF(P.I!AA50=P.I!$AA$4,1,0) -> 0 | AA35: =+IF(P.I!AB50=P.I!$AB$4,1,0) -> 0 | AB35: =+IF(P.I!AC50=P.I!$AC$4,1,0) -> 0 | AC35: =+IF(P.I!AD50=P.I!$AD$4,1,0) -> 0 | AD35: =+IF(P.I!AE50=P.I!$AE$4,1,0) -> 0 | AE35: =+IF(P.I!AF50=P.I!$AF$4,1,0) -> 0 | AF35: =+IF(P.I!AG50=P.I!$AG$4,1,0) -> 0 | AG35: =+IF(P.I!AH50=P.I!$AH$4,1,0) -> 0 | AH35: =+IF(P.I!AI50=P.I!$AI$4,1,0) -> 0 | AI35: =+IF(P.I!AJ50=P.I!$AJ$4,1,0) -> 0 | AJ35: =+IF(P.I!AK50=P.I!$AK$4,1,0) -> 0 | AK35: =+IF(P.I!AL50=P.I!$AL$4,1,0) -> 0 | AL35: =+IF(P.I!AM50=P.I!$AM$4,1,0) -> 0 | AM35: =+IF(P.I!AN50=P.I!$AN$4,1,0) -> 0 | AN35: =+IF(P.I!AO50=P.I!$AO$4,1,0) -> 0 | AO35: =+IF(P.I!AP50=P.I!$AP$4,1,0) -> 0 | AP35: =+IF(P.I!AQ50=P.I!$AQ$4,1,0) -> 0 | AQ35: =+IF(P.I!#REF!=P.I!$AR$4,1,0) -> #REF! | AR35: =+IF(P.I!#REF!=P.I!$AS$4,1,0) -> #REF! | AS35: =+IF(P.I!#REF!=P.I!$AT$4,1,0) -> #REF! | AT35: =+IF(P.I!#REF!=P.I!$AU$4,1,0) -> #REF! | AU35: =+IF(P.I!#REF!=P.I!$AV$4,1,0) -> #REF! | AV35: =+IF(P.I!#REF!=P.I!$AW$4,1,0) -> #REF! | AW35: =+IF(P.I!#REF!=P.I!$AX$4,1,0) -> #REF! | AX35: =+IF(P.I!#REF!=P.I!$AY$4,1,0) -> #REF! | AY35: =+IF(P.I!#REF!=P.I!$AZ$4,1,0) -> #REF! | AZ35: =+IF(P.I!#REF!=P.I!$BA$4,1,0) -> #REF! | BA35: =+IF(P.I!#REF!=P.I!$BB$4,1,0) -> #REF! | BB35: =+IF(P.I!#REF!=P.I!$BC$4,1,0) -> #REF! | BC35: =+IF(P.I!#REF!=P.I!$BD$4,1,0) -> #REF! | BD35: =+IF(P.I!#REF!=P.I!$BE$4,1,0) -> #REF! | BE35: =+IF(P.I!#REF!=P.I!$BF$4,1,0) -> #REF! | BF35: =+IF(P.I!#REF!=P.I!$BG$4,1,0) -> #REF! | BG35: =+IF(P.I!#REF!=P.I!$BH$4,1,0) -> #REF! | BH35: =+IF(P.I!#REF!=P.I!$BI$4,1,0) -> #REF! | BI35: =+IF(P.I!#REF!=P.I!$BJ$4,1,0) -> #REF! | BJ35: =+IF(P.I!#REF!=P.I!$BK$4,1,0) -> #REF! | BK35: =+IF(P.I!#REF!=P.I!$BL$4,1,0) -> #REF! | BL35: =+IF(P.I!#REF!=P.I!$BM$4,1,0) -> #REF! | BM35: =+IF(P.I!#REF!=P.I!$BN$4,1,0) -> #REF! | BN35: =+IF(P.I!#REF!=P.I!$BO$4,1,0) -> #REF! | BO35: =+IF(P.I!#REF!=P.I!$BP$4,1,0) -> #REF! | BP35: =+IF(P.I!#REF!=P.I!$BQ$4,1,0) -> #REF! | BQ35: =+IF(P.I!#REF!=P.I!$BR$4,1,0) -> #REF! | BR35: =+IF(P.I!#REF!=P.I!$BS$4,1,0) -> #REF! | BS35: =+IF(P.I!#REF!=P.I!$BT$4,1,0) -> #REF! | BT35: =+IF(P.I!#REF!=P.I!$BU$4,1,0) -> #REF! | BU35: =+IF(P.I!#REF!=P.I!$BV$4,1,0) -> #REF! | BV35: =+IF(P.I!#REF!=P.I!$BW$4,1,0) -> #REF! | BW35: =+IF(P.I!#REF!=P.I!$BX$4,1,0) -> #REF! | BX35: =+IF(P.I!#REF!=P.I!$BY$4,1,0) -> #REF! | BY35: =+IF(P.I!#REF!=P.I!$BZ$4,1,0) -> #REF! | BZ35: =+IF(P.I!#REF!=P.I!$CA$4,1,0) -> #REF! | CA35: =+IF(P.I!#REF!=P.I!$CB$4,1,0) -> #REF! | CB35: =+IF(P.I!#REF!=P.I!$CC$4,1,0) -> #REF! | CC35: =+IF(P.I!CD50=P.I!$CD$4,1,0) -> 0 | CD35: =+IF(P.I!CE50=P.I!$CE$4,1,0) -> 0 | CE35: =+SUM(C35:AP35) -> 0 | CF35: =+CE35/$CF$3*100 -> 0 | CG35: =+CF35*5/100 -> 0 | CH35: =+SUM(AQ35:CD35) -> #REF! | CI35: =+CH35/$CI$3*100 -> #REF! | CJ35: =+CI35*5/100 -> #REF! | CK35: =+CE35+CH35 -> #REF! | CL35: =+CK35/$CL$3*100 -> #REF! | CM35: =+CL35*5/100 -> #REF!
A36: 32 | B36: =P.I!C51 -> YERIS YUBANA NÚÑEZ BALTASAR | C36: =+IF(P.I!D51=P.I!$D$4,1,0) -> 0 | D36: =+IF(P.I!E51=P.I!$E$4,1,0) -> 0 | E36: =+IF(P.I!F51=P.I!$F$4,1,0) -> 0 | F36: =+IF(P.I!G51=P.I!$G$4,1,0) -> 0 | G36: =+IF(P.I!H51=P.I!$H$4,1,0) -> 0 | H36: =+IF(P.I!I51=P.I!$I$4,1,0) -> 0 | I36: =+IF(P.I!J51=P.I!$J$4,1,0) -> 0 | J36: =+IF(P.I!K51=P.I!$K$4,1,0) -> 0 | K36: =+IF(P.I!L51=P.I!$L$4,1,0) -> 0 | L36: =+IF(P.I!M51=P.I!$M$4,1,0) -> 0 | M36: =+IF(P.I!N51=P.I!$N$4,1,0) -> 0 | N36: =+IF(P.I!O51=P.I!$O$4,1,0) -> 0 | O36: =+IF(P.I!P51=P.I!$P$4,1,0) -> 0 | P36: =+IF(P.I!Q51=P.I!$Q$4,1,0) -> 0 | Q36: =+IF(P.I!R51=P.I!$R$4,1,0) -> 0 | R36: =+IF(P.I!S51=P.I!$S$4,1,0) -> 0 | S36: =+IF(P.I!T51=P.I!$T$4,1,0) -> 0 | T36: =+IF(P.I!U51=P.I!$U$4,1,0) -> 0 | U36: =+IF(P.I!V51=P.I!$V$4,1,0) -> 0 | V36: =+IF(P.I!W51=P.I!$W$4,1,0) -> 0 | W36: =+IF(P.I!X51=P.I!$X$4,1,0) -> 0 | X36: =+IF(P.I!Y51=P.I!$Y$4,1,0) -> 0 | Y36: =+IF(P.I!Z51=P.I!$Z$4,1,0) -> 0 | Z36: =+IF(P.I!AA51=P.I!$AA$4,1,0) -> 0 | AA36: =+IF(P.I!AB51=P.I!$AB$4,1,0) -> 0 | AB36: =+IF(P.I!AC51=P.I!$AC$4,1,0) -> 0 | AC36: =+IF(P.I!AD51=P.I!$AD$4,1,0) -> 0 | AD36: =+IF(P.I!AE51=P.I!$AE$4,1,0) -> 0 | AE36: =+IF(P.I!AF51=P.I!$AF$4,1,0) -> 0 | AF36: =+IF(P.I!AG51=P.I!$AG$4,1,0) -> 0 | AG36: =+IF(P.I!AH51=P.I!$AH$4,1,0) -> 0 | AH36: =+IF(P.I!AI51=P.I!$AI$4,1,0) -> 0 | AI36: =+IF(P.I!AJ51=P.I!$AJ$4,1,0) -> 0 | AJ36: =+IF(P.I!AK51=P.I!$AK$4,1,0) -> 0 | AK36: =+IF(P.I!AL51=P.I!$AL$4,1,0) -> 0 | AL36: =+IF(P.I!AM51=P.I!$AM$4,1,0) -> 0 | AM36: =+IF(P.I!AN51=P.I!$AN$4,1,0) -> 0 | AN36: =+IF(P.I!AO51=P.I!$AO$4,1,0) -> 0 | AO36: =+IF(P.I!AP51=P.I!$AP$4,1,0) -> 0 | AP36: =+IF(P.I!AQ51=P.I!$AQ$4,1,0) -> 0 | AQ36: =+IF(P.I!AR51=P.I!$AR$4,1,0) -> 0 | AR36: =+IF(P.I!AS51=P.I!$AS$4,1,0) -> 0 | AS36: =+IF(P.I!AT51=P.I!$AT$4,1,0) -> 0 | AT36: =+IF(P.I!AU51=P.I!$AU$4,1,0) -> 0 | AU36: =+IF(P.I!AV51=P.I!$AV$4,1,0) -> 0 | AV36: =+IF(P.I!AW51=P.I!$AW$4,1,0) -> 0 | AW36: =+IF(P.I!AX51=P.I!$AX$4,1,0) -> 0 | AX36: =+IF(P.I!AY51=P.I!$AY$4,1,0) -> 0 | AY36: =+IF(P.I!AZ51=P.I!$AZ$4,1,0) -> 0 | AZ36: =+IF(P.I!BA51=P.I!$BA$4,1,0) -> 0 | BA36: =+IF(P.I!BB51=P.I!$BB$4,1,0) -> 0 | BB36: =+IF(P.I!BC51=P.I!$BC$4,1,0) -> 0 | BC36: =+IF(P.I!BD51=P.I!$BD$4,1,0) -> 0 | BD36: =+IF(P.I!BE51=P.I!$BE$4,1,0) -> 0 | BE36: =+IF(P.I!BF51=P.I!$BF$4,1,0) -> 0 | BF36: =+IF(P.I!BG51=P.I!$BG$4,1,0) -> 0 | BG36: =+IF(P.I!BH51=P.I!$BH$4,1,0) -> 0 | BH36: =+IF(P.I!BI51=P.I!$BI$4,1,0) -> 0 | BI36: =+IF(P.I!BJ51=P.I!$BJ$4,1,0) -> 0 | BJ36: =+IF(P.I!BK51=P.I!$BK$4,1,0) -> 0 | BK36: =+IF(P.I!BL51=P.I!$BL$4,1,0) -> 0 | BL36: =+IF(P.I!BM51=P.I!$BM$4,1,0) -> 0 | BM36: =+IF(P.I!BN51=P.I!$BN$4,1,0) -> 0 | BN36: =+IF(P.I!BO51=P.I!$BO$4,1,0) -> 0 | BO36: =+IF(P.I!BP51=P.I!$BP$4,1,0) -> 0 | BP36: =+IF(P.I!BQ51=P.I!$BQ$4,1,0) -> 0 | BQ36: =+IF(P.I!BR51=P.I!$BR$4,1,0) -> 0 | BR36: =+IF(P.I!BS51=P.I!$BS$4,1,0) -> 0 | BS36: =+IF(P.I!BT51=P.I!$BT$4,1,0) -> 0 | BT36: =+IF(P.I!BU51=P.I!$BU$4,1,0) -> 0 | BU36: =+IF(P.I!BV51=P.I!$BV$4,1,0) -> 0 | BV36: =+IF(P.I!BW51=P.I!$BW$4,1,0) -> 0 | BW36: =+IF(P.I!BX51=P.I!$BX$4,1,0) -> 0 | BX36: =+IF(P.I!BY51=P.I!$BY$4,1,0) -> 0 | BY36: =+IF(P.I!BZ51=P.I!$BZ$4,1,0) -> 0 | BZ36: =+IF(P.I!CA51=P.I!$CA$4,1,0) -> 0 | CA36: =+IF(P.I!CB51=P.I!$CB$4,1,0) -> 0 | CB36: =+IF(P.I!CC51=P.I!$CC$4,1,0) -> 0 | CC36: =+IF(P.I!CD51=P.I!$CD$4,1,0) -> 0 | CD36: =+IF(P.I!CE51=P.I!$CE$4,1,0) -> 0 | CE36: =+SUM(C36:AP36) -> 0 | CF36: =+CE36/$CF$3*100 -> 0 | CG36: =+CF36*5/100 -> 0 | CH36: =+SUM(AQ36:CD36) -> 0 | CI36: =+CH36/$CI$3*100 -> 0 | CJ36: =+CI36*5/100 -> 0 | CK36: =+CE36+CH36 -> 0 | CL36: =+CK36/$CL$3*100 -> 0 | CM36: =+CL36*5/100 -> 0
A37: 33 | B37: =P.I!C52 -> YOVANIS TORDECILLA AGUILAR | C37: =+IF(P.I!D52=P.I!$D$4,1,0) -> 0 | D37: =+IF(P.I!E52=P.I!$E$4,1,0) -> 0 | E37: =+IF(P.I!F52=P.I!$F$4,1,0) -> 0 | F37: =+IF(P.I!G52=P.I!$G$4,1,0) -> 0 | G37: =+IF(P.I!H52=P.I!$H$4,1,0) -> 0 | H37: =+IF(P.I!I52=P.I!$I$4,1,0) -> 0 | I37: =+IF(P.I!J52=P.I!$J$4,1,0) -> 0 | J37: =+IF(P.I!K52=P.I!$K$4,1,0) -> 0 | K37: =+IF(P.I!L52=P.I!$L$4,1,0) -> 0 | L37: =+IF(P.I!M52=P.I!$M$4,1,0) -> 0 | M37: =+IF(P.I!N52=P.I!$N$4,1,0) -> 0 | N37: =+IF(P.I!O52=P.I!$O$4,1,0) -> 0 | O37: =+IF(P.I!P52=P.I!$P$4,1,0) -> 0 | P37: =+IF(P.I!Q52=P.I!$Q$4,1,0) -> 0 | Q37: =+IF(P.I!R52=P.I!$R$4,1,0) -> 0 | R37: =+IF(P.I!S52=P.I!$S$4,1,0) -> 0 | S37: =+IF(P.I!T52=P.I!$T$4,1,0) -> 0 | T37: =+IF(P.I!U52=P.I!$U$4,1,0) -> 0 | U37: =+IF(P.I!V52=P.I!$V$4,1,0) -> 0 | V37: =+IF(P.I!W52=P.I!$W$4,1,0) -> 0 | W37: =+IF(P.I!X52=P.I!$X$4,1,0) -> 0 | X37: =+IF(P.I!Y52=P.I!$Y$4,1,0) -> 0 | Y37: =+IF(P.I!Z52=P.I!$Z$4,1,0) -> 0 | Z37: =+IF(P.I!AA52=P.I!$AA$4,1,0) -> 0 | AA37: =+IF(P.I!AB52=P.I!$AB$4,1,0) -> 0 | AB37: =+IF(P.I!AC52=P.I!$AC$4,1,0) -> 0 | AC37: =+IF(P.I!AD52=P.I!$AD$4,1,0) -> 0 | AD37: =+IF(P.I!AE52=P.I!$AE$4,1,0) -> 0 | AE37: =+IF(P.I!AF52=P.I!$AF$4,1,0) -> 0 | AF37: =+IF(P.I!AG52=P.I!$AG$4,1,0) -> 0 | AG37: =+IF(P.I!AH52=P.I!$AH$4,1,0) -> 0 | AH37: =+IF(P.I!AI52=P.I!$AI$4,1,0) -> 0 | AI37: =+IF(P.I!AJ52=P.I!$AJ$4,1,0) -> 0 | AJ37: =+IF(P.I!AK52=P.I!$AK$4,1,0) -> 0 | AK37: =+IF(P.I!AL52=P.I!$AL$4,1,0) -> 0 | AL37: =+IF(P.I!AM52=P.I!$AM$4,1,0) -> 0 | AM37: =+IF(P.I!AN52=P.I!$AN$4,1,0) -> 0 | AN37: =+IF(P.I!AO52=P.I!$AO$4,1,0) -> 0 | AO37: =+IF(P.I!AP52=P.I!$AP$4,1,0) -> 0 | AP37: =+IF(P.I!AQ52=P.I!$AQ$4,1,0) -> 0 | AQ37: =+IF(P.I!#REF!=P.I!$AR$4,1,0) -> #REF! | AR37: =+IF(P.I!#REF!=P.I!$AS$4,1,0) -> #REF! | AS37: =+IF(P.I!#REF!=P.I!$AT$4,1,0) -> #REF! | AT37: =+IF(P.I!#REF!=P.I!$AU$4,1,0) -> #REF! | AU37: =+IF(P.I!#REF!=P.I!$AV$4,1,0) -> #REF! | AV37: =+IF(P.I!#REF!=P.I!$AW$4,1,0) -> #REF! | AW37: =+IF(P.I!#REF!=P.I!$AX$4,1,0) -> #REF! | AX37: =+IF(P.I!#REF!=P.I!$AY$4,1,0) -> #REF! | AY37: =+IF(P.I!#REF!=P.I!$AZ$4,1,0) -> #REF! | AZ37: =+IF(P.I!#REF!=P.I!$BA$4,1,0) -> #REF! | BA37: =+IF(P.I!#REF!=P.I!$BB$4,1,0) -> #REF! | BB37: =+IF(P.I!#REF!=P.I!$BC$4,1,0) -> #REF! | BC37: =+IF(P.I!#REF!=P.I!$BD$4,1,0) -> #REF! | BD37: =+IF(P.I!#REF!=P.I!$BE$4,1,0) -> #REF! | BE37: =+IF(P.I!#REF!=P.I!$BF$4,1,0) -> #REF! | BF37: =+IF(P.I!#REF!=P.I!$BG$4,1,0) -> #REF! | BG37: =+IF(P.I!#REF!=P.I!$BH$4,1,0) -> #REF! | BH37: =+IF(P.I!#REF!=P.I!$BI$4,1,0) -> #REF! | BI37: =+IF(P.I!#REF!=P.I!$BJ$4,1,0) -> #REF! | BJ37: =+IF(P.I!#REF!=P.I!$BK$4,1,0) -> #REF! | BK37: =+IF(P.I!#REF!=P.I!$BL$4,1,0) -> #REF! | BL37: =+IF(P.I!#REF!=P.I!$BM$4,1,0) -> #REF! | BM37: =+IF(P.I!#REF!=P.I!$BN$4,1,0) -> #REF! | BN37: =+IF(P.I!#REF!=P.I!$BO$4,1,0) -> #REF! | BO37: =+IF(P.I!#REF!=P.I!$BP$4,1,0) -> #REF! | BP37: =+IF(P.I!#REF!=P.I!$BQ$4,1,0) -> #REF! | BQ37: =+IF(P.I!#REF!=P.I!$BR$4,1,0) -> #REF! | BR37: =+IF(P.I!#REF!=P.I!$BS$4,1,0) -> #REF! | BS37: =+IF(P.I!#REF!=P.I!$BT$4,1,0) -> #REF! | BT37: =+IF(P.I!#REF!=P.I!$BU$4,1,0) -> #REF! | BU37: =+IF(P.I!#REF!=P.I!$BV$4,1,0) -> #REF! | BV37: =+IF(P.I!#REF!=P.I!$BW$4,1,0) -> #REF! | BW37: =+IF(P.I!#REF!=P.I!$BX$4,1,0) -> #REF! | BX37: =+IF(P.I!#REF!=P.I!$BY$4,1,0) -> #REF! | BY37: =+IF(P.I!#REF!=P.I!$BZ$4,1,0) -> #REF! | BZ37: =+IF(P.I!#REF!=P.I!$CA$4,1,0) -> #REF! | CA37: =+IF(P.I!#REF!=P.I!$CB$4,1,0) -> #REF! | CB37: =+IF(P.I!#REF!=P.I!$CC$4,1,0) -> #REF! | CC37: =+IF(P.I!CD52=P.I!$CD$4,1,0) -> 0 | CD37: =+IF(P.I!CE52=P.I!$CE$4,1,0) -> 0 | CE37: =+SUM(C37:AP37) -> 0 | CF37: =+CE37/$CF$3*100 -> 0 | CG37: =+CF37*5/100 -> 0 | CH37: =+SUM(AQ37:CD37) -> #REF! | CI37: =+CH37/$CI$3*100 -> #REF! | CJ37: =+CI37*5/100 -> #REF! | CK37: =+CE37+CH37 -> #REF! | CL37: =+CK37/$CL$3*100 -> #REF! | CM37: =+CL37*5/100 -> #REF!
A38: 34 | B38: =P.I!C53 -> 0 | C38: =+IF(P.I!D53=P.I!$D$4,1,0) -> 0 | D38: =+IF(P.I!E53=P.I!$E$4,1,0) -> 0 | E38: =+IF(P.I!F53=P.I!$F$4,1,0) -> 0 | F38: =+IF(P.I!G53=P.I!$G$4,1,0) -> 0 | G38: =+IF(P.I!H53=P.I!$H$4,1,0) -> 0 | H38: =+IF(P.I!I53=P.I!$I$4,1,0) -> 0 | I38: =+IF(P.I!J53=P.I!$J$4,1,0) -> 0 | J38: =+IF(P.I!K53=P.I!$K$4,1,0) -> 0 | K38: =+IF(P.I!L53=P.I!$L$4,1,0) -> 0 | L38: =+IF(P.I!M53=P.I!$M$4,1,0) -> 0 | M38: =+IF(P.I!N53=P.I!$N$4,1,0) -> 0 | N38: =+IF(P.I!O53=P.I!$O$4,1,0) -> 0 | O38: =+IF(P.I!P53=P.I!$P$4,1,0) -> 0 | P38: =+IF(P.I!Q53=P.I!$Q$4,1,0) -> 0 | Q38: =+IF(P.I!R53=P.I!$R$4,1,0) -> 0 | R38: =+IF(P.I!S53=P.I!$S$4,1,0) -> 0 | S38: =+IF(P.I!T53=P.I!$T$4,1,0) -> 0 | T38: =+IF(P.I!U53=P.I!$U$4,1,0) -> 0 | U38: =+IF(P.I!V53=P.I!$V$4,1,0) -> 0 | V38: =+IF(P.I!W53=P.I!$W$4,1,0) -> 0 | W38: =+IF(P.I!X53=P.I!$X$4,1,0) -> 0 | X38: =+IF(P.I!Y53=P.I!$Y$4,1,0) -> 0 | Y38: =+IF(P.I!Z53=P.I!$Z$4,1,0) -> 0 | Z38: =+IF(P.I!AA53=P.I!$AA$4,1,0) -> 0 | AA38: =+IF(P.I!AB53=P.I!$AB$4,1,0) -> 0 | AB38: =+IF(P.I!AC53=P.I!$AC$4,1,0) -> 0 | AC38: =+IF(P.I!AD53=P.I!$AD$4,1,0) -> 0 | AD38: =+IF(P.I!AE53=P.I!$AE$4,1,0) -> 0 | AE38: =+IF(P.I!AF53=P.I!$AF$4,1,0) -> 0 | AF38: =+IF(P.I!AG53=P.I!$AG$4,1,0) -> 0 | AG38: =+IF(P.I!AH53=P.I!$AH$4,1,0) -> 0 | AH38: =+IF(P.I!AI53=P.I!$AI$4,1,0) -> 0 | AI38: =+IF(P.I!AJ53=P.I!$AJ$4,1,0) -> 0 | AJ38: =+IF(P.I!AK53=P.I!$AK$4,1,0) -> 0 | AK38: =+IF(P.I!AL53=P.I!$AL$4,1,0) -> 0 | AL38: =+IF(P.I!AM53=P.I!$AM$4,1,0) -> 0 | AM38: =+IF(P.I!AN53=P.I!$AN$4,1,0) -> 0 | AN38: =+IF(P.I!AO53=P.I!$AO$4,1,0) -> 0 | AO38: =+IF(P.I!AP53=P.I!$AP$4,1,0) -> 0 | AP38: =+IF(P.I!AQ53=P.I!$AQ$4,1,0) -> 0 | AQ38: =+IF(P.I!AR53=P.I!$AR$4,1,0) -> 0 | AR38: =+IF(P.I!AS53=P.I!$AS$4,1,0) -> 0 | AS38: =+IF(P.I!AT53=P.I!$AT$4,1,0) -> 0 | AT38: =+IF(P.I!AU53=P.I!$AU$4,1,0) -> 0 | AU38: =+IF(P.I!AV53=P.I!$AV$4,1,0) -> 0 | AV38: =+IF(P.I!AW53=P.I!$AW$4,1,0) -> 0 | AW38: =+IF(P.I!AX53=P.I!$AX$4,1,0) -> 0 | AX38: =+IF(P.I!AY53=P.I!$AY$4,1,0) -> 0 | AY38: =+IF(P.I!AZ53=P.I!$AZ$4,1,0) -> 0 | AZ38: =+IF(P.I!BA53=P.I!$BA$4,1,0) -> 0 | BA38: =+IF(P.I!BB53=P.I!$BB$4,1,0) -> 0 | BB38: =+IF(P.I!BC53=P.I!$BC$4,1,0) -> 0 | BC38: =+IF(P.I!BD53=P.I!$BD$4,1,0) -> 0 | BD38: =+IF(P.I!BE53=P.I!$BE$4,1,0) -> 0 | BE38: =+IF(P.I!BF53=P.I!$BF$4,1,0) -> 0 | BF38: =+IF(P.I!BG53=P.I!$BG$4,1,0) -> 0 | BG38: =+IF(P.I!BH53=P.I!$BH$4,1,0) -> 0 | BH38: =+IF(P.I!BI53=P.I!$BI$4,1,0) -> 0 | BI38: =+IF(P.I!BJ53=P.I!$BJ$4,1,0) -> 0 | BJ38: =+IF(P.I!BK53=P.I!$BK$4,1,0) -> 0 | BK38: =+IF(P.I!BL53=P.I!$BL$4,1,0) -> 0 | BL38: =+IF(P.I!BM53=P.I!$BM$4,1,0) -> 0 | BM38: =+IF(P.I!BN53=P.I!$BN$4,1,0) -> 0 | BN38: =+IF(P.I!BO53=P.I!$BO$4,1,0) -> 0 | BO38: =+IF(P.I!BP53=P.I!$BP$4,1,0) -> 0 | BP38: =+IF(P.I!BQ53=P.I!$BQ$4,1,0) -> 0 | BQ38: =+IF(P.I!BR53=P.I!$BR$4,1,0) -> 0 | BR38: =+IF(P.I!BS53=P.I!$BS$4,1,0) -> 0 | BS38: =+IF(P.I!BT53=P.I!$BT$4,1,0) -> 0 | BT38: =+IF(P.I!BU53=P.I!$BU$4,1,0) -> 0 | BU38: =+IF(P.I!BV53=P.I!$BV$4,1,0) -> 0 | BV38: =+IF(P.I!BW53=P.I!$BW$4,1,0) -> 0 | BW38: =+IF(P.I!BX53=P.I!$BX$4,1,0) -> 0 | BX38: =+IF(P.I!BY53=P.I!$BY$4,1,0) -> 0 | BY38: =+IF(P.I!BZ53=P.I!$BZ$4,1,0) -> 0 | BZ38: =+IF(P.I!CA53=P.I!$CA$4,1,0) -> 0 | CA38: =+IF(P.I!CB53=P.I!$CB$4,1,0) -> 0 | CB38: =+IF(P.I!CC53=P.I!$CC$4,1,0) -> 0 | CC38: =+IF(P.I!CD53=P.I!$CD$4,1,0) -> 0 | CD38: =+IF(P.I!CE53=P.I!$CE$4,1,0) -> 0 | CE38: =+SUM(C38:AP38) -> 0 | CF38: =+CE38/$CF$3*100 -> 0 | CG38: =+CF38*5/100 -> 0 | CH38: =+SUM(AQ38:CD38) -> 0 | CI38: =+CH38/$CI$3*100 -> 0 | CJ38: =+CI38*5/100 -> 0 | CK38: =+CE38+CH38 -> 0 | CL38: =+CK38/$CL$3*100 -> 0 | CM38: =+CL38*5/100 -> 0
A39: 35 | B39: =P.I!C54 -> 0 | C39: =+IF(P.I!D54=P.I!$D$4,1,0) -> 0 | D39: =+IF(P.I!E54=P.I!$E$4,1,0) -> 0 | E39: =+IF(P.I!F54=P.I!$F$4,1,0) -> 0 | F39: =+IF(P.I!G54=P.I!$G$4,1,0) -> 0 | G39: =+IF(P.I!H54=P.I!$H$4,1,0) -> 0 | H39: =+IF(P.I!I54=P.I!$I$4,1,0) -> 0 | I39: =+IF(P.I!J54=P.I!$J$4,1,0) -> 0 | J39: =+IF(P.I!K54=P.I!$K$4,1,0) -> 0 | K39: =+IF(P.I!L54=P.I!$L$4,1,0) -> 0 | L39: =+IF(P.I!M54=P.I!$M$4,1,0) -> 0 | M39: =+IF(P.I!N54=P.I!$N$4,1,0) -> 0 | N39: =+IF(P.I!O54=P.I!$O$4,1,0) -> 0 | O39: =+IF(P.I!P54=P.I!$P$4,1,0) -> 0 | P39: =+IF(P.I!Q54=P.I!$Q$4,1,0) -> 0 | Q39: =+IF(P.I!R54=P.I!$R$4,1,0) -> 0 | R39: =+IF(P.I!S54=P.I!$S$4,1,0) -> 0 | S39: =+IF(P.I!T54=P.I!$T$4,1,0) -> 0 | T39: =+IF(P.I!U54=P.I!$U$4,1,0) -> 0 | U39: =+IF(P.I!V54=P.I!$V$4,1,0) -> 0 | V39: =+IF(P.I!W54=P.I!$W$4,1,0) -> 0 | W39: =+IF(P.I!X54=P.I!$X$4,1,0) -> 0 | X39: =+IF(P.I!Y54=P.I!$Y$4,1,0) -> 0 | Y39: =+IF(P.I!Z54=P.I!$Z$4,1,0) -> 0 | Z39: =+IF(P.I!AA54=P.I!$AA$4,1,0) -> 0 | AA39: =+IF(P.I!AB54=P.I!$AB$4,1,0) -> 0 | AB39: =+IF(P.I!AC54=P.I!$AC$4,1,0) -> 0 | AC39: =+IF(P.I!AD54=P.I!$AD$4,1,0) -> 0 | AD39: =+IF(P.I!AE54=P.I!$AE$4,1,0) -> 0 | AE39: =+IF(P.I!AF54=P.I!$AF$4,1,0) -> 0 | AF39: =+IF(P.I!AG54=P.I!$AG$4,1,0) -> 0 | AG39: =+IF(P.I!AH54=P.I!$AH$4,1,0) -> 0 | AH39: =+IF(P.I!AI54=P.I!$AI$4,1,0) -> 0 | AI39: =+IF(P.I!AJ54=P.I!$AJ$4,1,0) -> 0 | AJ39: =+IF(P.I!AK54=P.I!$AK$4,1,0) -> 0 | AK39: =+IF(P.I!AL54=P.I!$AL$4,1,0) -> 0 | AL39: =+IF(P.I!AM54=P.I!$AM$4,1,0) -> 0 | AM39: =+IF(P.I!AN54=P.I!$AN$4,1,0) -> 0 | AN39: =+IF(P.I!AO54=P.I!$AO$4,1,0) -> 0 | AO39: =+IF(P.I!AP54=P.I!$AP$4,1,0) -> 0 | AP39: =+IF(P.I!AQ54=P.I!$AQ$4,1,0) -> 0 | AQ39: =+IF(P.I!AR54=P.I!$AR$4,1,0) -> 0 | AR39: =+IF(P.I!AS54=P.I!$AS$4,1,0) -> 0 | AS39: =+IF(P.I!AT54=P.I!$AT$4,1,0) -> 0 | AT39: =+IF(P.I!AU54=P.I!$AU$4,1,0) -> 0 | AU39: =+IF(P.I!AV54=P.I!$AV$4,1,0) -> 0 | AV39: =+IF(P.I!AW54=P.I!$AW$4,1,0) -> 0 | AW39: =+IF(P.I!AX54=P.I!$AX$4,1,0) -> 0 | AX39: =+IF(P.I!AY54=P.I!$AY$4,1,0) -> 0 | AY39: =+IF(P.I!AZ54=P.I!$AZ$4,1,0) -> 0 | AZ39: =+IF(P.I!BA54=P.I!$BA$4,1,0) -> 0 | BA39: =+IF(P.I!BB54=P.I!$BB$4,1,0) -> 0 | BB39: =+IF(P.I!BC54=P.I!$BC$4,1,0) -> 0 | BC39: =+IF(P.I!BD54=P.I!$BD$4,1,0) -> 0 | BD39: =+IF(P.I!BE54=P.I!$BE$4,1,0) -> 0 | BE39: =+IF(P.I!BF54=P.I!$BF$4,1,0) -> 0 | BF39: =+IF(P.I!BG54=P.I!$BG$4,1,0) -> 0 | BG39: =+IF(P.I!BH54=P.I!$BH$4,1,0) -> 0 | BH39: =+IF(P.I!BI54=P.I!$BI$4,1,0) -> 0 | BI39: =+IF(P.I!BJ54=P.I!$BJ$4,1,0) -> 0 | BJ39: =+IF(P.I!BK54=P.I!$BK$4,1,0) -> 0 | BK39: =+IF(P.I!BL54=P.I!$BL$4,1,0) -> 0 | BL39: =+IF(P.I!BM54=P.I!$BM$4,1,0) -> 0 | BM39: =+IF(P.I!BN54=P.I!$BN$4,1,0) -> 0 | BN39: =+IF(P.I!BO54=P.I!$BO$4,1,0) -> 0 | BO39: =+IF(P.I!BP54=P.I!$BP$4,1,0) -> 0 | BP39: =+IF(P.I!BQ54=P.I!$BQ$4,1,0) -> 0 | BQ39: =+IF(P.I!BR54=P.I!$BR$4,1,0) -> 0 | BR39: =+IF(P.I!BS54=P.I!$BS$4,1,0) -> 0 | BS39: =+IF(P.I!BT54=P.I!$BT$4,1,0) -> 0 | BT39: =+IF(P.I!BU54=P.I!$BU$4,1,0) -> 0 | BU39: =+IF(P.I!BV54=P.I!$BV$4,1,0) -> 0 | BV39: =+IF(P.I!BW54=P.I!$BW$4,1,0) -> 0 | BW39: =+IF(P.I!BX54=P.I!$BX$4,1,0) -> 0 | BX39: =+IF(P.I!BY54=P.I!$BY$4,1,0) -> 0 | BY39: =+IF(P.I!BZ54=P.I!$BZ$4,1,0) -> 0 | BZ39: =+IF(P.I!CA54=P.I!$CA$4,1,0) -> 0 | CA39: =+IF(P.I!CB54=P.I!$CB$4,1,0) -> 0 | CB39: =+IF(P.I!CC54=P.I!$CC$4,1,0) -> 0 | CC39: =+IF(P.I!CD54=P.I!$CD$4,1,0) -> 0 | CD39: =+IF(P.I!CE54=P.I!$CE$4,1,0) -> 0 | CE39: =+SUM(C39:AP39) -> 0 | CF39: =+CE39/$CF$3*100 -> 0 | CG39: =+CF39*5/100 -> 0 | CH39: =+SUM(AQ39:CD39) -> 0 | CI39: =+CH39/$CI$3*100 -> 0 | CJ39: =+CI39*5/100 -> 0 | CK39: =+CE39+CH39 -> 0 | CL39: =+CK39/$CL$3*100 -> 0 | CM39: =+CL39*5/100 -> 0
A40: 36 | B40: =P.I!C55 -> 0 | C40: =+IF(P.I!D55=P.I!$D$4,1,0) -> 0 | D40: =+IF(P.I!E55=P.I!$E$4,1,0) -> 0 | E40: =+IF(P.I!F55=P.I!$F$4,1,0) -> 0 | F40: =+IF(P.I!G55=P.I!$G$4,1,0) -> 0 | G40: =+IF(P.I!H55=P.I!$H$4,1,0) -> 0 | H40: =+IF(P.I!I55=P.I!$I$4,1,0) -> 0 | I40: =+IF(P.I!J55=P.I!$J$4,1,0) -> 0 | J40: =+IF(P.I!K55=P.I!$K$4,1,0) -> 0 | K40: =+IF(P.I!L55=P.I!$L$4,1,0) -> 0 | L40: =+IF(P.I!M55=P.I!$M$4,1,0) -> 0 | M40: =+IF(P.I!N55=P.I!$N$4,1,0) -> 0 | N40: =+IF(P.I!O55=P.I!$O$4,1,0) -> 0 | O40: =+IF(P.I!P55=P.I!$P$4,1,0) -> 0 | P40: =+IF(P.I!Q55=P.I!$Q$4,1,0) -> 0 | Q40: =+IF(P.I!R55=P.I!$R$4,1,0) -> 0 | R40: =+IF(P.I!S55=P.I!$S$4,1,0) -> 0 | S40: =+IF(P.I!T55=P.I!$T$4,1,0) -> 0 | T40: =+IF(P.I!U55=P.I!$U$4,1,0) -> 0 | U40: =+IF(P.I!V55=P.I!$V$4,1,0) -> 0 | V40: =+IF(P.I!W55=P.I!$W$4,1,0) -> 0 | W40: =+IF(P.I!X55=P.I!$X$4,1,0) -> 0 | X40: =+IF(P.I!Y55=P.I!$Y$4,1,0) -> 0 | Y40: =+IF(P.I!Z55=P.I!$Z$4,1,0) -> 0 | Z40: =+IF(P.I!AA55=P.I!$AA$4,1,0) -> 0 | AA40: =+IF(P.I!AB55=P.I!$AB$4,1,0) -> 0 | AB40: =+IF(P.I!AC55=P.I!$AC$4,1,0) -> 0 | AC40: =+IF(P.I!AD55=P.I!$AD$4,1,0) -> 0 | AD40: =+IF(P.I!AE55=P.I!$AE$4,1,0) -> 0 | AE40: =+IF(P.I!AF55=P.I!$AF$4,1,0) -> 0 | AF40: =+IF(P.I!AG55=P.I!$AG$4,1,0) -> 0 | AG40: =+IF(P.I!AH55=P.I!$AH$4,1,0) -> 0 | AH40: =+IF(P.I!AI55=P.I!$AI$4,1,0) -> 0 | AI40: =+IF(P.I!AJ55=P.I!$AJ$4,1,0) -> 0 | AJ40: =+IF(P.I!AK55=P.I!$AK$4,1,0) -> 0 | AK40: =+IF(P.I!AL55=P.I!$AL$4,1,0) -> 0 | AL40: =+IF(P.I!AM55=P.I!$AM$4,1,0) -> 0 | AM40: =+IF(P.I!AN55=P.I!$AN$4,1,0) -> 0 | AN40: =+IF(P.I!AO55=P.I!$AO$4,1,0) -> 0 | AO40: =+IF(P.I!AP55=P.I!$AP$4,1,0) -> 0 | AP40: =+IF(P.I!AQ55=P.I!$AQ$4,1,0) -> 0 | AQ40: =+IF(P.I!AR55=P.I!$AR$4,1,0) -> 0 | AR40: =+IF(P.I!AS55=P.I!$AS$4,1,0) -> 0 | AS40: =+IF(P.I!AT55=P.I!$AT$4,1,0) -> 0 | AT40: =+IF(P.I!AU55=P.I!$AU$4,1,0) -> 0 | AU40: =+IF(P.I!AV55=P.I!$AV$4,1,0) -> 0 | AV40: =+IF(P.I!AW55=P.I!$AW$4,1,0) -> 0 | AW40: =+IF(P.I!AX55=P.I!$AX$4,1,0) -> 0 | AX40: =+IF(P.I!AY55=P.I!$AY$4,1,0) -> 0 | AY40: =+IF(P.I!AZ55=P.I!$AZ$4,1,0) -> 0 | AZ40: =+IF(P.I!BA55=P.I!$BA$4,1,0) -> 0 | BA40: =+IF(P.I!BB55=P.I!$BB$4,1,0) -> 0 | BB40: =+IF(P.I!BC55=P.I!$BC$4,1,0) -> 0 | BC40: =+IF(P.I!BD55=P.I!$BD$4,1,0) -> 0 | BD40: =+IF(P.I!BE55=P.I!$BE$4,1,0) -> 0 | BE40: =+IF(P.I!BF55=P.I!$BF$4,1,0) -> 0 | BF40: =+IF(P.I!BG55=P.I!$BG$4,1,0) -> 0 | BG40: =+IF(P.I!BH55=P.I!$BH$4,1,0) -> 0 | BH40: =+IF(P.I!BI55=P.I!$BI$4,1,0) -> 0 | BI40: =+IF(P.I!BJ55=P.I!$BJ$4,1,0) -> 0 | BJ40: =+IF(P.I!BK55=P.I!$BK$4,1,0) -> 0 | BK40: =+IF(P.I!BL55=P.I!$BL$4,1,0) -> 0 | BL40: =+IF(P.I!BM55=P.I!$BM$4,1,0) -> 0 | BM40: =+IF(P.I!BN55=P.I!$BN$4,1,0) -> 0 | BN40: =+IF(P.I!BO55=P.I!$BO$4,1,0) -> 0 | BO40: =+IF(P.I!BP55=P.I!$BP$4,1,0) -> 0 | BP40: =+IF(P.I!BQ55=P.I!$BQ$4,1,0) -> 0 | BQ40: =+IF(P.I!BR55=P.I!$BR$4,1,0) -> 0 | BR40: =+IF(P.I!BS55=P.I!$BS$4,1,0) -> 0 | BS40: =+IF(P.I!BT55=P.I!$BT$4,1,0) -> 0 | BT40: =+IF(P.I!BU55=P.I!$BU$4,1,0) -> 0 | BU40: =+IF(P.I!BV55=P.I!$BV$4,1,0) -> 0 | BV40: =+IF(P.I!BW55=P.I!$BW$4,1,0) -> 0 | BW40: =+IF(P.I!BX55=P.I!$BX$4,1,0) -> 0 | BX40: =+IF(P.I!BY55=P.I!$BY$4,1,0) -> 0 | BY40: =+IF(P.I!BZ55=P.I!$BZ$4,1,0) -> 0 | BZ40: =+IF(P.I!CA55=P.I!$CA$4,1,0) -> 0 | CA40: =+IF(P.I!CB55=P.I!$CB$4,1,0) -> 0 | CB40: =+IF(P.I!CC55=P.I!$CC$4,1,0) -> 0 | CC40: =+IF(P.I!CD55=P.I!$CD$4,1,0) -> 0 | CD40: =+IF(P.I!CE55=P.I!$CE$4,1,0) -> 0 | CE40: =+SUM(C40:AP40) -> 0 | CF40: =+CE40/$CF$3*100 -> 0 | CG40: =+CF40*5/100 -> 0 | CH40: =+SUM(AQ40:CD40) -> 0 | CI40: =+CH40/$CI$3*100 -> 0 | CJ40: =+CI40*5/100 -> 0 | CK40: =+CE40+CH40 -> 0 | CL40: =+CK40/$CL$3*100 -> 0 | CM40: =+CL40*5/100 -> 0
A41: 37 | B41: =P.I!C56 -> 0 | C41: =+IF(P.I!D56=P.I!$D$4,1,0) -> 0 | D41: =+IF(P.I!E56=P.I!$E$4,1,0) -> 0 | E41: =+IF(P.I!F56=P.I!$F$4,1,0) -> 0 | F41: =+IF(P.I!G56=P.I!$G$4,1,0) -> 0 | G41: =+IF(P.I!H56=P.I!$H$4,1,0) -> 0 | H41: =+IF(P.I!I56=P.I!$I$4,1,0) -> 0 | I41: =+IF(P.I!J56=P.I!$J$4,1,0) -> 0 | J41: =+IF(P.I!K56=P.I!$K$4,1,0) -> 0 | K41: =+IF(P.I!L56=P.I!$L$4,1,0) -> 0 | L41: =+IF(P.I!M56=P.I!$M$4,1,0) -> 0 | M41: =+IF(P.I!N56=P.I!$N$4,1,0) -> 0 | N41: =+IF(P.I!O56=P.I!$O$4,1,0) -> 0 | O41: =+IF(P.I!P56=P.I!$P$4,1,0) -> 0 | P41: =+IF(P.I!Q56=P.I!$Q$4,1,0) -> 0 | Q41: =+IF(P.I!R56=P.I!$R$4,1,0) -> 0 | R41: =+IF(P.I!S56=P.I!$S$4,1,0) -> 0 | S41: =+IF(P.I!T56=P.I!$T$4,1,0) -> 0 | T41: =+IF(P.I!U56=P.I!$U$4,1,0) -> 0 | U41: =+IF(P.I!V56=P.I!$V$4,1,0) -> 0 | V41: =+IF(P.I!W56=P.I!$W$4,1,0) -> 0 | W41: =+IF(P.I!X56=P.I!$X$4,1,0) -> 0 | X41: =+IF(P.I!Y56=P.I!$Y$4,1,0) -> 0 | Y41: =+IF(P.I!Z56=P.I!$Z$4,1,0) -> 0 | Z41: =+IF(P.I!AA56=P.I!$AA$4,1,0) -> 0 | AA41: =+IF(P.I!AB56=P.I!$AB$4,1,0) -> 0 | AB41: =+IF(P.I!AC56=P.I!$AC$4,1,0) -> 0 | AC41: =+IF(P.I!AD56=P.I!$AD$4,1,0) -> 0 | AD41: =+IF(P.I!AE56=P.I!$AE$4,1,0) -> 0 | AE41: =+IF(P.I!AF56=P.I!$AF$4,1,0) -> 0 | AF41: =+IF(P.I!AG56=P.I!$AG$4,1,0) -> 0 | AG41: =+IF(P.I!AH56=P.I!$AH$4,1,0) -> 0 | AH41: =+IF(P.I!AI56=P.I!$AI$4,1,0) -> 0 | AI41: =+IF(P.I!AJ56=P.I!$AJ$4,1,0) -> 0 | AJ41: =+IF(P.I!AK56=P.I!$AK$4,1,0) -> 0 | AK41: =+IF(P.I!AL56=P.I!$AL$4,1,0) -> 0 | AL41: =+IF(P.I!AM56=P.I!$AM$4,1,0) -> 0 | AM41: =+IF(P.I!AN56=P.I!$AN$4,1,0) -> 0 | AN41: =+IF(P.I!AO56=P.I!$AO$4,1,0) -> 0 | AO41: =+IF(P.I!AP56=P.I!$AP$4,1,0) -> 0 | AP41: =+IF(P.I!AQ56=P.I!$AQ$4,1,0) -> 0 | AQ41: =+IF(P.I!AR56=P.I!$AR$4,1,0) -> 0 | AR41: =+IF(P.I!AS56=P.I!$AS$4,1,0) -> 0 | AS41: =+IF(P.I!AT56=P.I!$AT$4,1,0) -> 0 | AT41: =+IF(P.I!AU56=P.I!$AU$4,1,0) -> 0 | AU41: =+IF(P.I!AV56=P.I!$AV$4,1,0) -> 0 | AV41: =+IF(P.I!AW56=P.I!$AW$4,1,0) -> 0 | AW41: =+IF(P.I!AX56=P.I!$AX$4,1,0) -> 0 | AX41: =+IF(P.I!AY56=P.I!$AY$4,1,0) -> 0 | AY41: =+IF(P.I!AZ56=P.I!$AZ$4,1,0) -> 0 | AZ41: =+IF(P.I!BA56=P.I!$BA$4,1,0) -> 0 | BA41: =+IF(P.I!BB56=P.I!$BB$4,1,0) -> 0 | BB41: =+IF(P.I!BC56=P.I!$BC$4,1,0) -> 0 | BC41: =+IF(P.I!BD56=P.I!$BD$4,1,0) -> 0 | BD41: =+IF(P.I!BE56=P.I!$BE$4,1,0) -> 0 | BE41: =+IF(P.I!BF56=P.I!$BF$4,1,0) -> 0 | BF41: =+IF(P.I!BG56=P.I!$BG$4,1,0) -> 0 | BG41: =+IF(P.I!BH56=P.I!$BH$4,1,0) -> 0 | BH41: =+IF(P.I!BI56=P.I!$BI$4,1,0) -> 0 | BI41: =+IF(P.I!BJ56=P.I!$BJ$4,1,0) -> 0 | BJ41: =+IF(P.I!BK56=P.I!$BK$4,1,0) -> 0 | BK41: =+IF(P.I!BL56=P.I!$BL$4,1,0) -> 0 | BL41: =+IF(P.I!BM56=P.I!$BM$4,1,0) -> 0 | BM41: =+IF(P.I!BN56=P.I!$BN$4,1,0) -> 0 | BN41: =+IF(P.I!BO56=P.I!$BO$4,1,0) -> 0 | BO41: =+IF(P.I!BP56=P.I!$BP$4,1,0) -> 0 | BP41: =+IF(P.I!BQ56=P.I!$BQ$4,1,0) -> 0 | BQ41: =+IF(P.I!BR56=P.I!$BR$4,1,0) -> 0 | BR41: =+IF(P.I!BS56=P.I!$BS$4,1,0) -> 0 | BS41: =+IF(P.I!BT56=P.I!$BT$4,1,0) -> 0 | BT41: =+IF(P.I!BU56=P.I!$BU$4,1,0) -> 0 | BU41: =+IF(P.I!BV56=P.I!$BV$4,1,0) -> 0 | BV41: =+IF(P.I!BW56=P.I!$BW$4,1,0) -> 0 | BW41: =+IF(P.I!BX56=P.I!$BX$4,1,0) -> 0 | BX41: =+IF(P.I!BY56=P.I!$BY$4,1,0) -> 0 | BY41: =+IF(P.I!BZ56=P.I!$BZ$4,1,0) -> 0 | BZ41: =+IF(P.I!CA56=P.I!$CA$4,1,0) -> 0 | CA41: =+IF(P.I!CB56=P.I!$CB$4,1,0) -> 0 | CB41: =+IF(P.I!CC56=P.I!$CC$4,1,0) -> 0 | CC41: =+IF(P.I!CD56=P.I!$CD$4,1,0) -> 0 | CD41: =+IF(P.I!CE56=P.I!$CE$4,1,0) -> 0 | CE41: =+SUM(C41:AP41) -> 0 | CF41: =+CE41/$CF$3*100 -> 0 | CG41: =+CF41*5/100 -> 0 | CH41: =+SUM(AQ41:CD41) -> 0 | CI41: =+CH41/$CI$3*100 -> 0 | CJ41: =+CI41*5/100 -> 0 | CK41: =+CE41+CH41 -> 0 | CL41: =+CK41/$CL$3*100 -> 0 | CM41: =+CL41*5/100 -> 0
A42: 38 | B42: =P.I!C57 -> 0 | C42: =+IF(P.I!D57=P.I!$D$4,1,0) -> 0 | D42: =+IF(P.I!E57=P.I!$E$4,1,0) -> 0 | E42: =+IF(P.I!F57=P.I!$F$4,1,0) -> 0 | F42: =+IF(P.I!G57=P.I!$G$4,1,0) -> 0 | G42: =+IF(P.I!H57=P.I!$H$4,1,0) -> 0 | H42: =+IF(P.I!I57=P.I!$I$4,1,0) -> 0 | I42: =+IF(P.I!J57=P.I!$J$4,1,0) -> 0 | J42: =+IF(P.I!K57=P.I!$K$4,1,0) -> 0 | K42: =+IF(P.I!L57=P.I!$L$4,1,0) -> 0 | L42: =+IF(P.I!M57=P.I!$M$4,1,0) -> 0 | M42: =+IF(P.I!N57=P.I!$N$4,1,0) -> 0 | N42: =+IF(P.I!O57=P.I!$O$4,1,0) -> 0 | O42: =+IF(P.I!P57=P.I!$P$4,1,0) -> 0 | P42: =+IF(P.I!Q57=P.I!$Q$4,1,0) -> 0 | Q42: =+IF(P.I!R57=P.I!$R$4,1,0) -> 0 | R42: =+IF(P.I!S57=P.I!$S$4,1,0) -> 0 | S42: =+IF(P.I!T57=P.I!$T$4,1,0) -> 0 | T42: =+IF(P.I!U57=P.I!$U$4,1,0) -> 0 | U42: =+IF(P.I!V57=P.I!$V$4,1,0) -> 0 | V42: =+IF(P.I!W57=P.I!$W$4,1,0) -> 0 | W42: =+IF(P.I!X57=P.I!$X$4,1,0) -> 0 | X42: =+IF(P.I!Y57=P.I!$Y$4,1,0) -> 0 | Y42: =+IF(P.I!Z57=P.I!$Z$4,1,0) -> 0 | Z42: =+IF(P.I!AA57=P.I!$AA$4,1,0) -> 0 | AA42: =+IF(P.I!AB57=P.I!$AB$4,1,0) -> 0 | AB42: =+IF(P.I!AC57=P.I!$AC$4,1,0) -> 0 | AC42: =+IF(P.I!AD57=P.I!$AD$4,1,0) -> 0 | AD42: =+IF(P.I!AE57=P.I!$AE$4,1,0) -> 0 | AE42: =+IF(P.I!AF57=P.I!$AF$4,1,0) -> 0 | AF42: =+IF(P.I!AG57=P.I!$AG$4,1,0) -> 0 | AG42: =+IF(P.I!AH57=P.I!$AH$4,1,0) -> 0 | AH42: =+IF(P.I!AI57=P.I!$AI$4,1,0) -> 0 | AI42: =+IF(P.I!AJ57=P.I!$AJ$4,1,0) -> 0 | AJ42: =+IF(P.I!AK57=P.I!$AK$4,1,0) -> 0 | AK42: =+IF(P.I!AL57=P.I!$AL$4,1,0) -> 0 | AL42: =+IF(P.I!AM57=P.I!$AM$4,1,0) -> 0 | AM42: =+IF(P.I!AN57=P.I!$AN$4,1,0) -> 0 | AN42: =+IF(P.I!AO57=P.I!$AO$4,1,0) -> 0 | AO42: =+IF(P.I!AP57=P.I!$AP$4,1,0) -> 0 | AP42: =+IF(P.I!AQ57=P.I!$AQ$4,1,0) -> 0 | AQ42: =+IF(P.I!AR57=P.I!$AR$4,1,0) -> 0 | AR42: =+IF(P.I!AS57=P.I!$AS$4,1,0) -> 0 | AS42: =+IF(P.I!AT57=P.I!$AT$4,1,0) -> 0 | AT42: =+IF(P.I!AU57=P.I!$AU$4,1,0) -> 0 | AU42: =+IF(P.I!AV57=P.I!$AV$4,1,0) -> 0 | AV42: =+IF(P.I!AW57=P.I!$AW$4,1,0) -> 0 | AW42: =+IF(P.I!AX57=P.I!$AX$4,1,0) -> 0 | AX42: =+IF(P.I!AY57=P.I!$AY$4,1,0) -> 0 | AY42: =+IF(P.I!AZ57=P.I!$AZ$4,1,0) -> 0 | AZ42: =+IF(P.I!BA57=P.I!$BA$4,1,0) -> 0 | BA42: =+IF(P.I!BB57=P.I!$BB$4,1,0) -> 0 | BB42: =+IF(P.I!BC57=P.I!$BC$4,1,0) -> 0 | BC42: =+IF(P.I!BD57=P.I!$BD$4,1,0) -> 0 | BD42: =+IF(P.I!BE57=P.I!$BE$4,1,0) -> 0 | BE42: =+IF(P.I!BF57=P.I!$BF$4,1,0) -> 0 | BF42: =+IF(P.I!BG57=P.I!$BG$4,1,0) -> 0 | BG42: =+IF(P.I!BH57=P.I!$BH$4,1,0) -> 0 | BH42: =+IF(P.I!BI57=P.I!$BI$4,1,0) -> 0 | BI42: =+IF(P.I!BJ57=P.I!$BJ$4,1,0) -> 0 | BJ42: =+IF(P.I!BK57=P.I!$BK$4,1,0) -> 0 | BK42: =+IF(P.I!BL57=P.I!$BL$4,1,0) -> 0 | BL42: =+IF(P.I!BM57=P.I!$BM$4,1,0) -> 0 | BM42: =+IF(P.I!BN57=P.I!$BN$4,1,0) -> 0 | BN42: =+IF(P.I!BO57=P.I!$BO$4,1,0) -> 0 | BO42: =+IF(P.I!BP57=P.I!$BP$4,1,0) -> 0 | BP42: =+IF(P.I!BQ57=P.I!$BQ$4,1,0) -> 0 | BQ42: =+IF(P.I!BR57=P.I!$BR$4,1,0) -> 0 | BR42: =+IF(P.I!BS57=P.I!$BS$4,1,0) -> 0 | BS42: =+IF(P.I!BT57=P.I!$BT$4,1,0) -> 0 | BT42: =+IF(P.I!BU57=P.I!$BU$4,1,0) -> 0 | BU42: =+IF(P.I!BV57=P.I!$BV$4,1,0) -> 0 | BV42: =+IF(P.I!BW57=P.I!$BW$4,1,0) -> 0 | BW42: =+IF(P.I!BX57=P.I!$BX$4,1,0) -> 0 | BX42: =+IF(P.I!BY57=P.I!$BY$4,1,0) -> 0 | BY42: =+IF(P.I!BZ57=P.I!$BZ$4,1,0) -> 0 | BZ42: =+IF(P.I!CA57=P.I!$CA$4,1,0) -> 0 | CA42: =+IF(P.I!CB57=P.I!$CB$4,1,0) -> 0 | CB42: =+IF(P.I!CC57=P.I!$CC$4,1,0) -> 0 | CC42: =+IF(P.I!CD57=P.I!$CD$4,1,0) -> 0 | CD42: =+IF(P.I!CE57=P.I!$CE$4,1,0) -> 0 | CE42: =+SUM(C42:AP42) -> 0 | CF42: =+CE42/$CF$3*100 -> 0 | CG42: =+CF42*5/100 -> 0 | CH42: =+SUM(AQ42:CD42) -> 0 | CI42: =+CH42/$CI$3*100 -> 0 | CJ42: =+CI42*5/100 -> 0 | CK42: =+CE42+CH42 -> 0 | CL42: =+CK42/$CL$3*100 -> 0 | CM42: =+CL42*5/100 -> 0
A43: 39 | B43: =P.I!C58 -> 0 | C43: =+IF(P.I!D58=P.I!$D$4,1,0) -> 0 | D43: =+IF(P.I!E58=P.I!$E$4,1,0) -> 0 | E43: =+IF(P.I!F58=P.I!$F$4,1,0) -> 0 | F43: =+IF(P.I!G58=P.I!$G$4,1,0) -> 0 | G43: =+IF(P.I!H58=P.I!$H$4,1,0) -> 0 | H43: =+IF(P.I!I58=P.I!$I$4,1,0) -> 0 | I43: =+IF(P.I!J58=P.I!$J$4,1,0) -> 0 | J43: =+IF(P.I!K58=P.I!$K$4,1,0) -> 0 | K43: =+IF(P.I!L58=P.I!$L$4,1,0) -> 0 | L43: =+IF(P.I!M58=P.I!$M$4,1,0) -> 0 | M43: =+IF(P.I!N58=P.I!$N$4,1,0) -> 0 | N43: =+IF(P.I!O58=P.I!$O$4,1,0) -> 0 | O43: =+IF(P.I!P58=P.I!$P$4,1,0) -> 0 | P43: =+IF(P.I!Q58=P.I!$Q$4,1,0) -> 0 | Q43: =+IF(P.I!R58=P.I!$R$4,1,0) -> 0 | R43: =+IF(P.I!S58=P.I!$S$4,1,0) -> 0 | S43: =+IF(P.I!T58=P.I!$T$4,1,0) -> 0 | T43: =+IF(P.I!U58=P.I!$U$4,1,0) -> 0 | U43: =+IF(P.I!V58=P.I!$V$4,1,0) -> 0 | V43: =+IF(P.I!W58=P.I!$W$4,1,0) -> 0 | W43: =+IF(P.I!X58=P.I!$X$4,1,0) -> 0 | X43: =+IF(P.I!Y58=P.I!$Y$4,1,0) -> 0 | Y43: =+IF(P.I!Z58=P.I!$Z$4,1,0) -> 0 | Z43: =+IF(P.I!AA58=P.I!$AA$4,1,0) -> 0 | AA43: =+IF(P.I!AB58=P.I!$AB$4,1,0) -> 0 | AB43: =+IF(P.I!AC58=P.I!$AC$4,1,0) -> 0 | AC43: =+IF(P.I!AD58=P.I!$AD$4,1,0) -> 0 | AD43: =+IF(P.I!AE58=P.I!$AE$4,1,0) -> 0 | AE43: =+IF(P.I!AF58=P.I!$AF$4,1,0) -> 0 | AF43: =+IF(P.I!AG58=P.I!$AG$4,1,0) -> 0 | AG43: =+IF(P.I!AH58=P.I!$AH$4,1,0) -> 0 | AH43: =+IF(P.I!AI58=P.I!$AI$4,1,0) -> 0 | AI43: =+IF(P.I!AJ58=P.I!$AJ$4,1,0) -> 0 | AJ43: =+IF(P.I!AK58=P.I!$AK$4,1,0) -> 0 | AK43: =+IF(P.I!AL58=P.I!$AL$4,1,0) -> 0 | AL43: =+IF(P.I!AM58=P.I!$AM$4,1,0) -> 0 | AM43: =+IF(P.I!AN58=P.I!$AN$4,1,0) -> 0 | AN43: =+IF(P.I!AO58=P.I!$AO$4,1,0) -> 0 | AO43: =+IF(P.I!AP58=P.I!$AP$4,1,0) -> 0 | AP43: =+IF(P.I!AQ58=P.I!$AQ$4,1,0) -> 0 | AQ43: =+IF(P.I!AR58=P.I!$AR$4,1,0) -> 0 | AR43: =+IF(P.I!AS58=P.I!$AS$4,1,0) -> 0 | AS43: =+IF(P.I!AT58=P.I!$AT$4,1,0) -> 0 | AT43: =+IF(P.I!AU58=P.I!$AU$4,1,0) -> 0 | AU43: =+IF(P.I!AV58=P.I!$AV$4,1,0) -> 0 | AV43: =+IF(P.I!AW58=P.I!$AW$4,1,0) -> 0 | AW43: =+IF(P.I!AX58=P.I!$AX$4,1,0) -> 0 | AX43: =+IF(P.I!AY58=P.I!$AY$4,1,0) -> 0 | AY43: =+IF(P.I!AZ58=P.I!$AZ$4,1,0) -> 0 | AZ43: =+IF(P.I!BA58=P.I!$BA$4,1,0) -> 0 | BA43: =+IF(P.I!BB58=P.I!$BB$4,1,0) -> 0 | BB43: =+IF(P.I!BC58=P.I!$BC$4,1,0) -> 0 | BC43: =+IF(P.I!BD58=P.I!$BD$4,1,0) -> 0 | BD43: =+IF(P.I!BE58=P.I!$BE$4,1,0) -> 0 | BE43: =+IF(P.I!BF58=P.I!$BF$4,1,0) -> 0 | BF43: =+IF(P.I!BG58=P.I!$BG$4,1,0) -> 0 | BG43: =+IF(P.I!BH58=P.I!$BH$4,1,0) -> 0 | BH43: =+IF(P.I!BI58=P.I!$BI$4,1,0) -> 0 | BI43: =+IF(P.I!BJ58=P.I!$BJ$4,1,0) -> 0 | BJ43: =+IF(P.I!BK58=P.I!$BK$4,1,0) -> 0 | BK43: =+IF(P.I!BL58=P.I!$BL$4,1,0) -> 0 | BL43: =+IF(P.I!BM58=P.I!$BM$4,1,0) -> 0 | BM43: =+IF(P.I!BN58=P.I!$BN$4,1,0) -> 0 | BN43: =+IF(P.I!BO58=P.I!$BO$4,1,0) -> 0 | BO43: =+IF(P.I!BP58=P.I!$BP$4,1,0) -> 0 | BP43: =+IF(P.I!BQ58=P.I!$BQ$4,1,0) -> 0 | BQ43: =+IF(P.I!BR58=P.I!$BR$4,1,0) -> 0 | BR43: =+IF(P.I!BS58=P.I!$BS$4,1,0) -> 0 | BS43: =+IF(P.I!BT58=P.I!$BT$4,1,0) -> 0 | BT43: =+IF(P.I!BU58=P.I!$BU$4,1,0) -> 0 | BU43: =+IF(P.I!BV58=P.I!$BV$4,1,0) -> 0 | BV43: =+IF(P.I!BW58=P.I!$BW$4,1,0) -> 0 | BW43: =+IF(P.I!BX58=P.I!$BX$4,1,0) -> 0 | BX43: =+IF(P.I!BY58=P.I!$BY$4,1,0) -> 0 | BY43: =+IF(P.I!BZ58=P.I!$BZ$4,1,0) -> 0 | BZ43: =+IF(P.I!CA58=P.I!$CA$4,1,0) -> 0 | CA43: =+IF(P.I!CB58=P.I!$CB$4,1,0) -> 0 | CB43: =+IF(P.I!CC58=P.I!$CC$4,1,0) -> 0 | CC43: =+IF(P.I!CD58=P.I!$CD$4,1,0) -> 0 | CD43: =+IF(P.I!CE58=P.I!$CE$4,1,0) -> 0 | CE43: =+SUM(C43:AP43) -> 0 | CF43: =+CE43/$CF$3*100 -> 0 | CG43: =+CF43*5/100 -> 0 | CH43: =+SUM(AQ43:CD43) -> 0 | CI43: =+CH43/$CI$3*100 -> 0 | CJ43: =+CI43*5/100 -> 0 | CK43: =+CE43+CH43 -> 0 | CL43: =+CK43/$CL$3*100 -> 0 | CM43: =+CL43*5/100 -> 0
A44: 40 | B44: =P.I!C59 -> 0 | C44: =+IF(P.I!D60=P.I!$D$4,1,0) -> 0 | D44: =+IF(P.I!E60=P.I!$E$4,1,0) -> 0 | E44: =+IF(P.I!F60=P.I!$F$4,1,0) -> 0 | F44: =+IF(P.I!G60=P.I!$G$4,1,0) -> 0 | G44: =+IF(P.I!H60=P.I!$H$4,1,0) -> 0 | H44: =+IF(P.I!I60=P.I!$I$4,1,0) -> 0 | I44: =+IF(P.I!J60=P.I!$J$4,1,0) -> 0 | J44: =+IF(P.I!K60=P.I!$K$4,1,0) -> 0 | K44: =+IF(P.I!L60=P.I!$L$4,1,0) -> 0 | L44: =+IF(P.I!M60=P.I!$M$4,1,0) -> 0 | M44: =+IF(P.I!N60=P.I!$N$4,1,0) -> 0 | N44: =+IF(P.I!O60=P.I!$O$4,1,0) -> 0 | O44: =+IF(P.I!P60=P.I!$P$4,1,0) -> 0 | P44: =+IF(P.I!Q60=P.I!$Q$4,1,0) -> 0 | Q44: =+IF(P.I!R60=P.I!$R$4,1,0) -> 0 | R44: =+IF(P.I!S60=P.I!$S$4,1,0) -> 0 | S44: =+IF(P.I!T60=P.I!$T$4,1,0) -> 0 | T44: =+IF(P.I!U60=P.I!$U$4,1,0) -> 0 | U44: =+IF(P.I!V60=P.I!$V$4,1,0) -> 0 | V44: =+IF(P.I!W60=P.I!$W$4,1,0) -> 0 | W44: =+IF(P.I!X60=P.I!$X$4,1,0) -> 0 | X44: =+IF(P.I!Y60=P.I!$Y$4,1,0) -> 0 | Y44: =+IF(P.I!Z60=P.I!$Z$4,1,0) -> 0 | Z44: =+IF(P.I!AA60=P.I!$AA$4,1,0) -> 0 | AA44: =+IF(P.I!AB60=P.I!$AB$4,1,0) -> 0 | AB44: =+IF(P.I!AC60=P.I!$AC$4,1,0) -> 0 | AC44: =+IF(P.I!AD60=P.I!$AD$4,1,0) -> 0 | AD44: =+IF(P.I!AE60=P.I!$AE$4,1,0) -> 0 | AE44: =+IF(P.I!AF60=P.I!$AF$4,1,0) -> 0 | AF44: =+IF(P.I!AG60=P.I!$AG$4,1,0) -> 0 | AG44: =+IF(P.I!AH60=P.I!$AH$4,1,0) -> 0 | AH44: =+IF(P.I!AI60=P.I!$AI$4,1,0) -> 0 | AI44: =+IF(P.I!AJ60=P.I!$AJ$4,1,0) -> 0 | AJ44: =+IF(P.I!AK60=P.I!$AK$4,1,0) -> 0 | AK44: =+IF(P.I!AL60=P.I!$AL$4,1,0) -> 0 | AL44: =+IF(P.I!AM60=P.I!$AM$4,1,0) -> 0 | AM44: =+IF(P.I!AN60=P.I!$AN$4,1,0) -> 0 | AN44: =+IF(P.I!AO60=P.I!$AO$4,1,0) -> 0 | AO44: =+IF(P.I!AP60=P.I!$AP$4,1,0) -> 0 | AP44: =+IF(P.I!AQ59=P.I!$AQ$4,1,0) -> 0 | AQ44: =+IF(P.I!AR59=P.I!$AR$4,1,0) -> 0 | AR44: =+IF(P.I!AS59=P.I!$AS$4,1,0) -> 0 | AS44: =+IF(P.I!AT59=P.I!$AT$4,1,0) -> 0 | AT44: =+IF(P.I!AU59=P.I!$AU$4,1,0) -> 0 | AU44: =+IF(P.I!AV59=P.I!$AV$4,1,0) -> 0 | AV44: =+IF(P.I!AW59=P.I!$AW$4,1,0) -> 0 | AW44: =+IF(P.I!AX59=P.I!$AX$4,1,0) -> 0 | AX44: =+IF(P.I!AY59=P.I!$AY$4,1,0) -> 0 | AY44: =+IF(P.I!AZ59=P.I!$AZ$4,1,0) -> 0 | AZ44: =+IF(P.I!BA59=P.I!$BA$4,1,0) -> 0 | BA44: =+IF(P.I!BB59=P.I!$BB$4,1,0) -> 0 | BB44: =+IF(P.I!BC59=P.I!$BC$4,1,0) -> 0 | BC44: =+IF(P.I!BD59=P.I!$BD$4,1,0) -> 0 | BD44: =+IF(P.I!BE59=P.I!$BE$4,1,0) -> 0 | BE44: =+IF(P.I!BF59=P.I!$BF$4,1,0) -> 0 | BF44: =+IF(P.I!BG59=P.I!$BG$4,1,0) -> 0 | BG44: =+IF(P.I!BH59=P.I!$BH$4,1,0) -> 0 | BH44: =+IF(P.I!BI59=P.I!$BI$4,1,0) -> 0 | BI44: =+IF(P.I!BJ59=P.I!$BJ$4,1,0) -> 0 | BJ44: =+IF(P.I!BK59=P.I!$BK$4,1,0) -> 0 | BK44: =+IF(P.I!BL59=P.I!$BL$4,1,0) -> 0 | BL44: =+IF(P.I!BM59=P.I!$BM$4,1,0) -> 0 | BM44: =+IF(P.I!BN59=P.I!$BN$4,1,0) -> 0 | BN44: =+IF(P.I!BO59=P.I!$BO$4,1,0) -> 0 | BO44: =+IF(P.I!BP59=P.I!$BP$4,1,0) -> 0 | BP44: =+IF(P.I!BQ59=P.I!$BQ$4,1,0) -> 0 | BQ44: =+IF(P.I!BR59=P.I!$BR$4,1,0) -> 0 | BR44: =+IF(P.I!BS59=P.I!$BS$4,1,0) -> 0 | BS44: =+IF(P.I!BT59=P.I!$BT$4,1,0) -> 0 | BT44: =+IF(P.I!BU59=P.I!$BU$4,1,0) -> 0 | BU44: =+IF(P.I!BV59=P.I!$BV$4,1,0) -> 0 | BV44: =+IF(P.I!BW59=P.I!$BW$4,1,0) -> 0 | BW44: =+IF(P.I!BX59=P.I!$BX$4,1,0) -> 0 | BX44: =+IF(P.I!BY59=P.I!$BY$4,1,0) -> 0 | BY44: =+IF(P.I!BZ59=P.I!$BZ$4,1,0) -> 0 | BZ44: =+IF(P.I!CA59=P.I!$CA$4,1,0) -> 0 | CA44: =+IF(P.I!CB59=P.I!$CB$4,1,0) -> 0 | CB44: =+IF(P.I!CC59=P.I!$CC$4,1,0) -> 0 | CC44: =+IF(P.I!CD59=P.I!$CD$4,1,0) -> 0 | CD44: =+IF(P.I!CE59=P.I!$CE$4,1,0) -> 0 | CE44: =+SUM(C44:AP44) -> 0 | CF44: =+CE44/$CF$3*100 -> 0 | CG44: =+CF44*5/100 -> 0 | CH44: =+SUM(AQ44:CD44) -> 0 | CI44: =+CH44/$CI$3*100 -> 0 | CJ44: =+CI44*5/100 -> 0 | CK44: =+CE44+CH44 -> 0 | CL44: =+CK44/$CL$3*100 -> 0 | CM44: =+CL44*5/100 -> 0
A45: 41 | B45: =P.I!C60 -> 0 | C45: =+IF(P.I!#REF!=P.I!$D$4,1,0) -> #REF! | D45: =+IF(P.I!#REF!=P.I!$E$4,1,0) -> #REF! | E45: =+IF(P.I!#REF!=P.I!$F$4,1,0) -> #REF! | F45: =+IF(P.I!#REF!=P.I!$G$4,1,0) -> #REF! | G45: =+IF(P.I!#REF!=P.I!$H$4,1,0) -> #REF! | H45: =+IF(P.I!#REF!=P.I!$I$4,1,0) -> #REF! | I45: =+IF(P.I!#REF!=P.I!$J$4,1,0) -> #REF! | J45: =+IF(P.I!#REF!=P.I!$K$4,1,0) -> #REF! | K45: =+IF(P.I!#REF!=P.I!$L$4,1,0) -> #REF! | L45: =+IF(P.I!#REF!=P.I!$M$4,1,0) -> #REF! | M45: =+IF(P.I!#REF!=P.I!$N$4,1,0) -> #REF! | N45: =+IF(P.I!#REF!=P.I!$O$4,1,0) -> #REF! | O45: =+IF(P.I!#REF!=P.I!$P$4,1,0) -> #REF! | P45: =+IF(P.I!#REF!=P.I!$Q$4,1,0) -> #REF! | Q45: =+IF(P.I!#REF!=P.I!$R$4,1,0) -> #REF! | R45: =+IF(P.I!#REF!=P.I!$S$4,1,0) -> #REF! | S45: =+IF(P.I!#REF!=P.I!$T$4,1,0) -> #REF! | T45: =+IF(P.I!#REF!=P.I!$U$4,1,0) -> #REF! | U45: =+IF(P.I!#REF!=P.I!$V$4,1,0) -> #REF! | V45: =+IF(P.I!#REF!=P.I!$W$4,1,0) -> #REF! | W45: =+IF(P.I!#REF!=P.I!$X$4,1,0) -> #REF! | X45: =+IF(P.I!#REF!=P.I!$Y$4,1,0) -> #REF! | Y45: =+IF(P.I!#REF!=P.I!$Z$4,1,0) -> #REF! | Z45: =+IF(P.I!#REF!=P.I!$AA$4,1,0) -> #REF! | AA45: =+IF(P.I!#REF!=P.I!$AB$4,1,0) -> #REF! | AB45: =+IF(P.I!#REF!=P.I!$AC$4,1,0) -> #REF! | AC45: =+IF(P.I!#REF!=P.I!$AD$4,1,0) -> #REF! | AD45: =+IF(P.I!#REF!=P.I!$AE$4,1,0) -> #REF! | AE45: =+IF(P.I!#REF!=P.I!$AF$4,1,0) -> #REF! | AF45: =+IF(P.I!#REF!=P.I!$AG$4,1,0) -> #REF! | AG45: =+IF(P.I!#REF!=P.I!$AH$4,1,0) -> #REF! | AH45: =+IF(P.I!#REF!=P.I!$AI$4,1,0) -> #REF! | AI45: =+IF(P.I!#REF!=P.I!$AJ$4,1,0) -> #REF! | AJ45: =+IF(P.I!#REF!=P.I!$AK$4,1,0) -> #REF! | AK45: =+IF(P.I!#REF!=P.I!$AL$4,1,0) -> #REF! | AL45: =+IF(P.I!#REF!=P.I!$AM$4,1,0) -> #REF! | AM45: =+IF(P.I!#REF!=P.I!$AN$4,1,0) -> #REF! | AN45: =+IF(P.I!#REF!=P.I!$AO$4,1,0) -> #REF! | AO45: =+IF(P.I!#REF!=P.I!$AP$4,1,0) -> #REF! | AP45: =+IF(P.I!AQ60=P.I!$AQ$4,1,0) -> 0 | AQ45: =+IF(P.I!AR60=P.I!$AR$4,1,0) -> 0 | AR45: =+IF(P.I!AS60=P.I!$AS$4,1,0) -> 0 | AS45: =+IF(P.I!AT60=P.I!$AT$4,1,0) -> 0 | AT45: =+IF(P.I!AU60=P.I!$AU$4,1,0) -> 0 | AU45: =+IF(P.I!AV60=P.I!$AV$4,1,0) -> 0 | AV45: =+IF(P.I!AW60=P.I!$AW$4,1,0) -> 0 | AW45: =+IF(P.I!AX60=P.I!$AX$4,1,0) -> 0 | AX45: =+IF(P.I!AY60=P.I!$AY$4,1,0) -> 0 | AY45: =+IF(P.I!AZ60=P.I!$AZ$4,1,0) -> 0 | AZ45: =+IF(P.I!BA60=P.I!$BA$4,1,0) -> 0 | BA45: =+IF(P.I!BB60=P.I!$BB$4,1,0) -> 0 | BB45: =+IF(P.I!BC60=P.I!$BC$4,1,0) -> 0 | BC45: =+IF(P.I!BD60=P.I!$BD$4,1,0) -> 0 | BD45: =+IF(P.I!BE60=P.I!$BE$4,1,0) -> 0 | BE45: =+IF(P.I!BF60=P.I!$BF$4,1,0) -> 0 | BF45: =+IF(P.I!BG60=P.I!$BG$4,1,0) -> 0 | BG45: =+IF(P.I!BH60=P.I!$BH$4,1,0) -> 0 | BH45: =+IF(P.I!BI60=P.I!$BI$4,1,0) -> 0 | BI45: =+IF(P.I!BJ60=P.I!$BJ$4,1,0) -> 0 | BJ45: =+IF(P.I!BK60=P.I!$BK$4,1,0) -> 0 | BK45: =+IF(P.I!BL60=P.I!$BL$4,1,0) -> 0 | BL45: =+IF(P.I!BM60=P.I!$BM$4,1,0) -> 0 | BM45: =+IF(P.I!BN60=P.I!$BN$4,1,0) -> 0 | BN45: =+IF(P.I!BO60=P.I!$BO$4,1,0) -> 0 | BO45: =+IF(P.I!BP60=P.I!$BP$4,1,0) -> 0 | BP45: =+IF(P.I!BQ60=P.I!$BQ$4,1,0) -> 0 | BQ45: =+IF(P.I!BR60=P.I!$BR$4,1,0) -> 0 | BR45: =+IF(P.I!BS60=P.I!$BS$4,1,0) -> 0 | BS45: =+IF(P.I!BT60=P.I!$BT$4,1,0) -> 0 | BT45: =+IF(P.I!BU60=P.I!$BU$4,1,0) -> 0 | BU45: =+IF(P.I!BV60=P.I!$BV$4,1,0) -> 0 | BV45: =+IF(P.I!BW60=P.I!$BW$4,1,0) -> 0 | BW45: =+IF(P.I!BX60=P.I!$BX$4,1,0) -> 0 | BX45: =+IF(P.I!BY60=P.I!$BY$4,1,0) -> 0 | BY45: =+IF(P.I!BZ60=P.I!$BZ$4,1,0) -> 0 | BZ45: =+IF(P.I!CA60=P.I!$CA$4,1,0) -> 0 | CA45: =+IF(P.I!CB60=P.I!$CB$4,1,0) -> 0 | CB45: =+IF(P.I!CC60=P.I!$CC$4,1,0) -> 0 | CC45: =+IF(P.I!CD60=P.I!$CD$4,1,0) -> 0 | CD45: =+IF(P.I!CE60=P.I!$CE$4,1,0) -> 0 | CE45: =+SUM(C45:AP45) -> #REF! | CF45: =+CE45/$CF$3*100 -> #REF! | CG45: =+CF45*5/100 -> #REF! | CH45: =+SUM(AQ45:CD45) -> 0 | CI45: =+CH45/$CI$3*100 -> 0 | CJ45: =+CI45*5/100 -> 0 | CK45: =+CE45+CH45 -> #REF! | CL45: =+CK45/$CL$3*100 -> #REF! | CM45: =+CL45*5/100 -> #REF!
A46: 42 | B46: =P.I!C61 -> 0 | C46: =+IF(P.I!D61=P.I!$D$4,1,0) -> 0 | D46: =+IF(P.I!E61=P.I!$E$4,1,0) -> 0 | E46: =+IF(P.I!F61=P.I!$F$4,1,0) -> 0 | F46: =+IF(P.I!G61=P.I!$G$4,1,0) -> 0 | G46: =+IF(P.I!H61=P.I!$H$4,1,0) -> 0 | H46: =+IF(P.I!I61=P.I!$I$4,1,0) -> 0 | I46: =+IF(P.I!J61=P.I!$J$4,1,0) -> 0 | J46: =+IF(P.I!K61=P.I!$K$4,1,0) -> 0 | K46: =+IF(P.I!L61=P.I!$L$4,1,0) -> 0 | L46: =+IF(P.I!M61=P.I!$M$4,1,0) -> 0 | M46: =+IF(P.I!N61=P.I!$N$4,1,0) -> 0 | N46: =+IF(P.I!O61=P.I!$O$4,1,0) -> 0 | O46: =+IF(P.I!P61=P.I!$P$4,1,0) -> 0 | P46: =+IF(P.I!Q61=P.I!$Q$4,1,0) -> 0 | Q46: =+IF(P.I!R61=P.I!$R$4,1,0) -> 0 | R46: =+IF(P.I!S61=P.I!$S$4,1,0) -> 0 | S46: =+IF(P.I!T61=P.I!$T$4,1,0) -> 0 | T46: =+IF(P.I!U61=P.I!$U$4,1,0) -> 0 | U46: =+IF(P.I!V61=P.I!$V$4,1,0) -> 0 | V46: =+IF(P.I!W61=P.I!$W$4,1,0) -> 0 | W46: =+IF(P.I!X61=P.I!$X$4,1,0) -> 0 | X46: =+IF(P.I!Y61=P.I!$Y$4,1,0) -> 0 | Y46: =+IF(P.I!Z61=P.I!$Z$4,1,0) -> 0 | Z46: =+IF(P.I!AA61=P.I!$AA$4,1,0) -> 0 | AA46: =+IF(P.I!AB61=P.I!$AB$4,1,0) -> 0 | AB46: =+IF(P.I!AC61=P.I!$AC$4,1,0) -> 0 | AC46: =+IF(P.I!AD61=P.I!$AD$4,1,0) -> 0 | AD46: =+IF(P.I!AE61=P.I!$AE$4,1,0) -> 0 | AE46: =+IF(P.I!AF61=P.I!$AF$4,1,0) -> 0 | AF46: =+IF(P.I!AG61=P.I!$AG$4,1,0) -> 0 | AG46: =+IF(P.I!AH61=P.I!$AH$4,1,0) -> 0 | AH46: =+IF(P.I!AI61=P.I!$AI$4,1,0) -> 0 | AI46: =+IF(P.I!AJ61=P.I!$AJ$4,1,0) -> 0 | AJ46: =+IF(P.I!AK61=P.I!$AK$4,1,0) -> 0 | AK46: =+IF(P.I!AL61=P.I!$AL$4,1,0) -> 0 | AL46: =+IF(P.I!AM61=P.I!$AM$4,1,0) -> 0 | AM46: =+IF(P.I!AN61=P.I!$AN$4,1,0) -> 0 | AN46: =+IF(P.I!AO61=P.I!$AO$4,1,0) -> 0 | AO46: =+IF(P.I!AP61=P.I!$AP$4,1,0) -> 0 | AP46: =+IF(P.I!AQ61=P.I!$AQ$4,1,0) -> 0 | AQ46: =+IF(P.I!AR61=P.I!$AR$4,1,0) -> 0 | AR46: =+IF(P.I!AS61=P.I!$AS$4,1,0) -> 0 | AS46: =+IF(P.I!AT61=P.I!$AT$4,1,0) -> 0 | AT46: =+IF(P.I!AU61=P.I!$AU$4,1,0) -> 0 | AU46: =+IF(P.I!AV61=P.I!$AV$4,1,0) -> 0 | AV46: =+IF(P.I!AW61=P.I!$AW$4,1,0) -> 0 | AW46: =+IF(P.I!AX61=P.I!$AX$4,1,0) -> 0 | AX46: =+IF(P.I!AY61=P.I!$AY$4,1,0) -> 0 | AY46: =+IF(P.I!AZ61=P.I!$AZ$4,1,0) -> 0 | AZ46: =+IF(P.I!BA61=P.I!$BA$4,1,0) -> 0 | BA46: =+IF(P.I!BB61=P.I!$BB$4,1,0) -> 0 | BB46: =+IF(P.I!BC61=P.I!$BC$4,1,0) -> 0 | BC46: =+IF(P.I!BD61=P.I!$BD$4,1,0) -> 0 | BD46: =+IF(P.I!BE61=P.I!$BE$4,1,0) -> 0 | BE46: =+IF(P.I!BF61=P.I!$BF$4,1,0) -> 0 | BF46: =+IF(P.I!BG61=P.I!$BG$4,1,0) -> 0 | BG46: =+IF(P.I!BH61=P.I!$BH$4,1,0) -> 0 | BH46: =+IF(P.I!BI61=P.I!$BI$4,1,0) -> 0 | BI46: =+IF(P.I!BJ61=P.I!$BJ$4,1,0) -> 0 | BJ46: =+IF(P.I!BK61=P.I!$BK$4,1,0) -> 0 | BK46: =+IF(P.I!BL61=P.I!$BL$4,1,0) -> 0 | BL46: =+IF(P.I!BM61=P.I!$BM$4,1,0) -> 0 | BM46: =+IF(P.I!BN61=P.I!$BN$4,1,0) -> 0 | BN46: =+IF(P.I!BO61=P.I!$BO$4,1,0) -> 0 | BO46: =+IF(P.I!BP61=P.I!$BP$4,1,0) -> 0 | BP46: =+IF(P.I!BQ61=P.I!$BQ$4,1,0) -> 0 | BQ46: =+IF(P.I!BR61=P.I!$BR$4,1,0) -> 0 | BR46: =+IF(P.I!BS61=P.I!$BS$4,1,0) -> 0 | BS46: =+IF(P.I!BT61=P.I!$BT$4,1,0) -> 0 | BT46: =+IF(P.I!BU61=P.I!$BU$4,1,0) -> 0 | BU46: =+IF(P.I!BV61=P.I!$BV$4,1,0) -> 0 | BV46: =+IF(P.I!BW61=P.I!$BW$4,1,0) -> 0 | BW46: =+IF(P.I!BX61=P.I!$BX$4,1,0) -> 0 | BX46: =+IF(P.I!BY61=P.I!$BY$4,1,0) -> 0 | BY46: =+IF(P.I!BZ61=P.I!$BZ$4,1,0) -> 0 | BZ46: =+IF(P.I!CA61=P.I!$CA$4,1,0) -> 0 | CA46: =+IF(P.I!CB61=P.I!$CB$4,1,0) -> 0 | CB46: =+IF(P.I!CC61=P.I!$CC$4,1,0) -> 0 | CC46: =+IF(P.I!CD61=P.I!$CD$4,1,0) -> 0 | CD46: =+IF(P.I!CE61=P.I!$CE$4,1,0) -> 0 | CE46: =+SUM(C46:AP46) -> 0 | CF46: =+CE46/$CF$3*100 -> 0 | CG46: =+CF46*5/100 -> 0 | CH46: =+SUM(AQ46:CD46) -> 0 | CI46: =+CH46/$CI$3*100 -> 0 | CJ46: =+CI46*5/100 -> 0 | CK46: =+CE46+CH46 -> 0 | CL46: =+CK46/$CL$3*100 -> 0 | CM46: =+CL46*5/100 -> 0
A47: 43 | B47: =P.I!C62 -> 0 | C47: =+IF(P.I!D62=P.I!$D$4,1,0) -> 0 | D47: =+IF(P.I!E62=P.I!$E$4,1,0) -> 0 | E47: =+IF(P.I!F62=P.I!$F$4,1,0) -> 0 | F47: =+IF(P.I!G62=P.I!$G$4,1,0) -> 0 | G47: =+IF(P.I!H62=P.I!$H$4,1,0) -> 0 | H47: =+IF(P.I!I62=P.I!$I$4,1,0) -> 0 | I47: =+IF(P.I!J62=P.I!$J$4,1,0) -> 0 | J47: =+IF(P.I!K62=P.I!$K$4,1,0) -> 0 | K47: =+IF(P.I!L62=P.I!$L$4,1,0) -> 0 | L47: =+IF(P.I!M62=P.I!$M$4,1,0) -> 0 | M47: =+IF(P.I!N62=P.I!$N$4,1,0) -> 0 | N47: =+IF(P.I!O62=P.I!$O$4,1,0) -> 0 | O47: =+IF(P.I!P62=P.I!$P$4,1,0) -> 0 | P47: =+IF(P.I!Q62=P.I!$Q$4,1,0) -> 0 | Q47: =+IF(P.I!R62=P.I!$R$4,1,0) -> 0 | R47: =+IF(P.I!S62=P.I!$S$4,1,0) -> 0 | S47: =+IF(P.I!T62=P.I!$T$4,1,0) -> 0 | T47: =+IF(P.I!U62=P.I!$U$4,1,0) -> 0 | U47: =+IF(P.I!V62=P.I!$V$4,1,0) -> 0 | V47: =+IF(P.I!W62=P.I!$W$4,1,0) -> 0 | W47: =+IF(P.I!X62=P.I!$X$4,1,0) -> 0 | X47: =+IF(P.I!Y62=P.I!$Y$4,1,0) -> 0 | Y47: =+IF(P.I!Z62=P.I!$Z$4,1,0) -> 0 | Z47: =+IF(P.I!AA62=P.I!$AA$4,1,0) -> 0 | AA47: =+IF(P.I!AB62=P.I!$AB$4,1,0) -> 0 | AB47: =+IF(P.I!AC62=P.I!$AC$4,1,0) -> 0 | AC47: =+IF(P.I!AD62=P.I!$AD$4,1,0) -> 0 | AD47: =+IF(P.I!AE62=P.I!$AE$4,1,0) -> 0 | AE47: =+IF(P.I!AF62=P.I!$AF$4,1,0) -> 0 | AF47: =+IF(P.I!AG62=P.I!$AG$4,1,0) -> 0 | AG47: =+IF(P.I!AH62=P.I!$AH$4,1,0) -> 0 | AH47: =+IF(P.I!AI62=P.I!$AI$4,1,0) -> 0 | AI47: =+IF(P.I!AJ62=P.I!$AJ$4,1,0) -> 0 | AJ47: =+IF(P.I!AK62=P.I!$AK$4,1,0) -> 0 | AK47: =+IF(P.I!AL62=P.I!$AL$4,1,0) -> 0 | AL47: =+IF(P.I!AM62=P.I!$AM$4,1,0) -> 0 | AM47: =+IF(P.I!AN62=P.I!$AN$4,1,0) -> 0 | AN47: =+IF(P.I!AO62=P.I!$AO$4,1,0) -> 0 | AO47: =+IF(P.I!AP62=P.I!$AP$4,1,0) -> 0 | AP47: =+IF(P.I!AQ62=P.I!$AQ$4,1,0) -> 0 | AQ47: =+IF(P.I!AR62=P.I!$AR$4,1,0) -> 0 | AR47: =+IF(P.I!AS62=P.I!$AS$4,1,0) -> 0 | AS47: =+IF(P.I!AT62=P.I!$AT$4,1,0) -> 0 | AT47: =+IF(P.I!AU62=P.I!$AU$4,1,0) -> 0 | AU47: =+IF(P.I!AV62=P.I!$AV$4,1,0) -> 0 | AV47: =+IF(P.I!AW62=P.I!$AW$4,1,0) -> 0 | AW47: =+IF(P.I!AX62=P.I!$AX$4,1,0) -> 0 | AX47: =+IF(P.I!AY62=P.I!$AY$4,1,0) -> 0 | AY47: =+IF(P.I!AZ62=P.I!$AZ$4,1,0) -> 0 | AZ47: =+IF(P.I!BA62=P.I!$BA$4,1,0) -> 0 | BA47: =+IF(P.I!BB62=P.I!$BB$4,1,0) -> 0 | BB47: =+IF(P.I!BC62=P.I!$BC$4,1,0) -> 0 | BC47: =+IF(P.I!BD62=P.I!$BD$4,1,0) -> 0 | BD47: =+IF(P.I!BE62=P.I!$BE$4,1,0) -> 0 | BE47: =+IF(P.I!BF62=P.I!$BF$4,1,0) -> 0 | BF47: =+IF(P.I!BG62=P.I!$BG$4,1,0) -> 0 | BG47: =+IF(P.I!BH62=P.I!$BH$4,1,0) -> 0 | BH47: =+IF(P.I!BI62=P.I!$BI$4,1,0) -> 0 | BI47: =+IF(P.I!BJ62=P.I!$BJ$4,1,0) -> 0 | BJ47: =+IF(P.I!BK62=P.I!$BK$4,1,0) -> 0 | BK47: =+IF(P.I!BL62=P.I!$BL$4,1,0) -> 0 | BL47: =+IF(P.I!BM62=P.I!$BM$4,1,0) -> 0 | BM47: =+IF(P.I!BN62=P.I!$BN$4,1,0) -> 0 | BN47: =+IF(P.I!BO62=P.I!$BO$4,1,0) -> 0 | BO47: =+IF(P.I!BP62=P.I!$BP$4,1,0) -> 0 | BP47: =+IF(P.I!BQ62=P.I!$BQ$4,1,0) -> 0 | BQ47: =+IF(P.I!BR62=P.I!$BR$4,1,0) -> 0 | BR47: =+IF(P.I!BS62=P.I!$BS$4,1,0) -> 0 | BS47: =+IF(P.I!BT62=P.I!$BT$4,1,0) -> 0 | BT47: =+IF(P.I!BU62=P.I!$BU$4,1,0) -> 0 | BU47: =+IF(P.I!BV62=P.I!$BV$4,1,0) -> 0 | BV47: =+IF(P.I!BW62=P.I!$BW$4,1,0) -> 0 | BW47: =+IF(P.I!BX62=P.I!$BX$4,1,0) -> 0 | BX47: =+IF(P.I!BY62=P.I!$BY$4,1,0) -> 0 | BY47: =+IF(P.I!BZ62=P.I!$BZ$4,1,0) -> 0 | BZ47: =+IF(P.I!CA62=P.I!$CA$4,1,0) -> 0 | CA47: =+IF(P.I!CB62=P.I!$CB$4,1,0) -> 0 | CB47: =+IF(P.I!CC62=P.I!$CC$4,1,0) -> 0 | CC47: =+IF(P.I!CD62=P.I!$CD$4,1,0) -> 0 | CD47: =+IF(P.I!CE62=P.I!$CE$4,1,0) -> 0 | CE47: =+SUM(C47:AP47) -> 0 | CF47: =+CE47/$CF$3*100 -> 0 | CG47: =+CF47*5/100 -> 0 | CH47: =+SUM(AQ47:CD47) -> 0 | CI47: =+CH47/$CI$3*100 -> 0 | CJ47: =+CI47*5/100 -> 0 | CK47: =+CE47+CH47 -> 0 | CL47: =+CK47/$CL$3*100 -> 0 | CM47: =+CL47*5/100 -> 0
A48: 44 | B48: =P.I!#REF! -> #REF! | C48: =+IF(P.I!#REF!=P.I!$D$4,1,0) -> #REF! | D48: =+IF(P.I!#REF!=P.I!$E$4,1,0) -> #REF! | E48: =+IF(P.I!#REF!=P.I!$F$4,1,0) -> #REF! | F48: =+IF(P.I!#REF!=P.I!$G$4,1,0) -> #REF! | G48: =+IF(P.I!#REF!=P.I!$H$4,1,0) -> #REF! | H48: =+IF(P.I!#REF!=P.I!$I$4,1,0) -> #REF! | I48: =+IF(P.I!#REF!=P.I!$J$4,1,0) -> #REF! | J48: =+IF(P.I!#REF!=P.I!$K$4,1,0) -> #REF! | K48: =+IF(P.I!#REF!=P.I!$L$4,1,0) -> #REF! | L48: =+IF(P.I!#REF!=P.I!$M$4,1,0) -> #REF! | M48: =+IF(P.I!#REF!=P.I!$N$4,1,0) -> #REF! | N48: =+IF(P.I!#REF!=P.I!$O$4,1,0) -> #REF! | O48: =+IF(P.I!#REF!=P.I!$P$4,1,0) -> #REF! | P48: =+IF(P.I!#REF!=P.I!$Q$4,1,0) -> #REF! | Q48: =+IF(P.I!#REF!=P.I!$R$4,1,0) -> #REF! | R48: =+IF(P.I!#REF!=P.I!$S$4,1,0) -> #REF! | S48: =+IF(P.I!#REF!=P.I!$T$4,1,0) -> #REF! | T48: =+IF(P.I!#REF!=P.I!$U$4,1,0) -> #REF! | U48: =+IF(P.I!#REF!=P.I!$V$4,1,0) -> #REF! | V48: =+IF(P.I!#REF!=P.I!$W$4,1,0) -> #REF! | W48: =+IF(P.I!#REF!=P.I!$X$4,1,0) -> #REF! | X48: =+IF(P.I!#REF!=P.I!$Y$4,1,0) -> #REF! | Y48: =+IF(P.I!#REF!=P.I!$Z$4,1,0) -> #REF! | Z48: =+IF(P.I!#REF!=P.I!$AA$4,1,0) -> #REF! | AA48: =+IF(P.I!#REF!=P.I!$AB$4,1,0) -> #REF! | AB48: =+IF(P.I!#REF!=P.I!$AC$4,1,0) -> #REF! | AC48: =+IF(P.I!#REF!=P.I!$AD$4,1,0) -> #REF! | AD48: =+IF(P.I!#REF!=P.I!$AE$4,1,0) -> #REF! | AE48: =+IF(P.I!#REF!=P.I!$AF$4,1,0) -> #REF! | AF48: =+IF(P.I!#REF!=P.I!$AG$4,1,0) -> #REF! | AG48: =+IF(P.I!#REF!=P.I!$AH$4,1,0) -> #REF! | AH48: =+IF(P.I!#REF!=P.I!$AI$4,1,0) -> #REF! | AI48: =+IF(P.I!#REF!=P.I!$AJ$4,1,0) -> #REF! | AJ48: =+IF(P.I!#REF!=P.I!$AK$4,1,0) -> #REF! | AK48: =+IF(P.I!#REF!=P.I!$AL$4,1,0) -> #REF! | AL48: =+IF(P.I!#REF!=P.I!$AM$4,1,0) -> #REF! | AM48: =+IF(P.I!#REF!=P.I!$AN$4,1,0) -> #REF! | AN48: =+IF(P.I!#REF!=P.I!$AO$4,1,0) -> #REF! | AO48: =+IF(P.I!#REF!=P.I!$AP$4,1,0) -> #REF! | AP48: =+IF(P.I!#REF!=P.I!$AQ$4,1,0) -> #REF! | AQ48: =+IF(P.I!#REF!=P.I!$AR$4,1,0) -> #REF! | AR48: =+IF(P.I!#REF!=P.I!$AS$4,1,0) -> #REF! | AS48: =+IF(P.I!#REF!=P.I!$AT$4,1,0) -> #REF! | AT48: =+IF(P.I!#REF!=P.I!$AU$4,1,0) -> #REF! | AU48: =+IF(P.I!#REF!=P.I!$AV$4,1,0) -> #REF! | AV48: =+IF(P.I!#REF!=P.I!$AW$4,1,0) -> #REF! | AW48: =+IF(P.I!#REF!=P.I!$AX$4,1,0) -> #REF! | AX48: =+IF(P.I!#REF!=P.I!$AY$4,1,0) -> #REF! | AY48: =+IF(P.I!#REF!=P.I!$AZ$4,1,0) -> #REF! | AZ48: =+IF(P.I!#REF!=P.I!$BA$4,1,0) -> #REF! | BA48: =+IF(P.I!#REF!=P.I!$BB$4,1,0) -> #REF! | BB48: =+IF(P.I!#REF!=P.I!$BC$4,1,0) -> #REF! | BC48: =+IF(P.I!#REF!=P.I!$BD$4,1,0) -> #REF! | BD48: =+IF(P.I!#REF!=P.I!$BE$4,1,0) -> #REF! | BE48: =+IF(P.I!#REF!=P.I!$BF$4,1,0) -> #REF! | BF48: =+IF(P.I!#REF!=P.I!$BG$4,1,0) -> #REF! | BG48: =+IF(P.I!#REF!=P.I!$BH$4,1,0) -> #REF! | BH48: =+IF(P.I!#REF!=P.I!$BI$4,1,0) -> #REF! | BI48: =+IF(P.I!#REF!=P.I!$BJ$4,1,0) -> #REF! | BJ48: =+IF(P.I!#REF!=P.I!$BK$4,1,0) -> #REF! | BK48: =+IF(P.I!#REF!=P.I!$BL$4,1,0) -> #REF! | BL48: =+IF(P.I!#REF!=P.I!$BM$4,1,0) -> #REF! | BM48: =+IF(P.I!#REF!=P.I!$BN$4,1,0) -> #REF! | BN48: =+IF(P.I!#REF!=P.I!$BO$4,1,0) -> #REF! | BO48: =+IF(P.I!#REF!=P.I!$BP$4,1,0) -> #REF! | BP48: =+IF(P.I!#REF!=P.I!$BQ$4,1,0) -> #REF! | BQ48: =+IF(P.I!#REF!=P.I!$BR$4,1,0) -> #REF! | BR48: =+IF(P.I!#REF!=P.I!$BS$4,1,0) -> #REF! | BS48: =+IF(P.I!#REF!=P.I!$BT$4,1,0) -> #REF! | BT48: =+IF(P.I!#REF!=P.I!$BU$4,1,0) -> #REF! | BU48: =+IF(P.I!#REF!=P.I!$BV$4,1,0) -> #REF! | BV48: =+IF(P.I!#REF!=P.I!$BW$4,1,0) -> #REF! | BW48: =+IF(P.I!#REF!=P.I!$BX$4,1,0) -> #REF! | BX48: =+IF(P.I!#REF!=P.I!$BY$4,1,0) -> #REF! | BY48: =+IF(P.I!#REF!=P.I!$BZ$4,1,0) -> #REF! | BZ48: =+IF(P.I!#REF!=P.I!$CA$4,1,0) -> #REF! | CA48: =+IF(P.I!#REF!=P.I!$CB$4,1,0) -> #REF! | CB48: =+IF(P.I!#REF!=P.I!$CC$4,1,0) -> #REF! | CC48: =+IF(P.I!#REF!=P.I!$CD$4,1,0) -> #REF! | CD48: =+IF(P.I!#REF!=P.I!$CE$4,1,0) -> #REF! | CE48: =+SUM(C48:AP48) -> #REF! | CF48: =+CE48/$CF$3*100 -> #REF! | CG48: =+CF48*5/100 -> #REF! | CH48: =+SUM(AQ48:CD48) -> #REF! | CI48: =+CH48/$CI$3*100 -> #REF! | CJ48: =+CI48*5/100 -> #REF! | CK48: =+CE48+CH48 -> #REF! | CL48: =+CK48/$CL$3*100 -> #REF! | CM48: =+CL48*5/100 -> #REF!
A49: 45 | B49: =P.I!#REF! -> #REF! | C49: =+IF(P.I!#REF!=P.I!$D$4,1,0) -> #REF! | D49: =+IF(P.I!#REF!=P.I!$E$4,1,0) -> #REF! | E49: =+IF(P.I!#REF!=P.I!$F$4,1,0) -> #REF! | F49: =+IF(P.I!#REF!=P.I!$G$4,1,0) -> #REF! | G49: =+IF(P.I!#REF!=P.I!$H$4,1,0) -> #REF! | H49: =+IF(P.I!#REF!=P.I!$I$4,1,0) -> #REF! | I49: =+IF(P.I!#REF!=P.I!$J$4,1,0) -> #REF! | J49: =+IF(P.I!#REF!=P.I!$K$4,1,0) -> #REF! | K49: =+IF(P.I!#REF!=P.I!$L$4,1,0) -> #REF! | L49: =+IF(P.I!#REF!=P.I!$M$4,1,0) -> #REF! | M49: =+IF(P.I!#REF!=P.I!$N$4,1,0) -> #REF! | N49: =+IF(P.I!#REF!=P.I!$O$4,1,0) -> #REF! | O49: =+IF(P.I!#REF!=P.I!$P$4,1,0) -> #REF! | P49: =+IF(P.I!#REF!=P.I!$Q$4,1,0) -> #REF! | Q49: =+IF(P.I!#REF!=P.I!$R$4,1,0) -> #REF! | R49: =+IF(P.I!#REF!=P.I!$S$4,1,0) -> #REF! | S49: =+IF(P.I!#REF!=P.I!$T$4,1,0) -> #REF! | T49: =+IF(P.I!#REF!=P.I!$U$4,1,0) -> #REF! | U49: =+IF(P.I!#REF!=P.I!$V$4,1,0) -> #REF! | V49: =+IF(P.I!#REF!=P.I!$W$4,1,0) -> #REF! | W49: =+IF(P.I!#REF!=P.I!$X$4,1,0) -> #REF! | X49: =+IF(P.I!#REF!=P.I!$Y$4,1,0) -> #REF! | Y49: =+IF(P.I!#REF!=P.I!$Z$4,1,0) -> #REF! | Z49: =+IF(P.I!#REF!=P.I!$AA$4,1,0) -> #REF! | AA49: =+IF(P.I!#REF!=P.I!$AB$4,1,0) -> #REF! | AB49: =+IF(P.I!#REF!=P.I!$AC$4,1,0) -> #REF! | AC49: =+IF(P.I!#REF!=P.I!$AD$4,1,0) -> #REF! | AD49: =+IF(P.I!#REF!=P.I!$AE$4,1,0) -> #REF! | AE49: =+IF(P.I!#REF!=P.I!$AF$4,1,0) -> #REF! | AF49: =+IF(P.I!#REF!=P.I!$AG$4,1,0) -> #REF! | AG49: =+IF(P.I!#REF!=P.I!$AH$4,1,0) -> #REF! | AH49: =+IF(P.I!#REF!=P.I!$AI$4,1,0) -> #REF! | AI49: =+IF(P.I!#REF!=P.I!$AJ$4,1,0) -> #REF! | AJ49: =+IF(P.I!#REF!=P.I!$AK$4,1,0) -> #REF! | AK49: =+IF(P.I!#REF!=P.I!$AL$4,1,0) -> #REF! | AL49: =+IF(P.I!#REF!=P.I!$AM$4,1,0) -> #REF! | AM49: =+IF(P.I!#REF!=P.I!$AN$4,1,0) -> #REF! | AN49: =+IF(P.I!#REF!=P.I!$AO$4,1,0) -> #REF! | AO49: =+IF(P.I!#REF!=P.I!$AP$4,1,0) -> #REF! | AP49: =+IF(P.I!#REF!=P.I!$AQ$4,1,0) -> #REF! | AQ49: =+IF(P.I!#REF!=P.I!$AR$4,1,0) -> #REF! | AR49: =+IF(P.I!#REF!=P.I!$AS$4,1,0) -> #REF! | AS49: =+IF(P.I!#REF!=P.I!$AT$4,1,0) -> #REF! | AT49: =+IF(P.I!#REF!=P.I!$AU$4,1,0) -> #REF! | AU49: =+IF(P.I!#REF!=P.I!$AV$4,1,0) -> #REF! | AV49: =+IF(P.I!#REF!=P.I!$AW$4,1,0) -> #REF! | AW49: =+IF(P.I!#REF!=P.I!$AX$4,1,0) -> #REF! | AX49: =+IF(P.I!#REF!=P.I!$AY$4,1,0) -> #REF! | AY49: =+IF(P.I!#REF!=P.I!$AZ$4,1,0) -> #REF! | AZ49: =+IF(P.I!#REF!=P.I!$BA$4,1,0) -> #REF! | BA49: =+IF(P.I!#REF!=P.I!$BB$4,1,0) -> #REF! | BB49: =+IF(P.I!#REF!=P.I!$BC$4,1,0) -> #REF! | BC49: =+IF(P.I!#REF!=P.I!$BD$4,1,0) -> #REF! | BD49: =+IF(P.I!#REF!=P.I!$BE$4,1,0) -> #REF! | BE49: =+IF(P.I!#REF!=P.I!$BF$4,1,0) -> #REF! | BF49: =+IF(P.I!#REF!=P.I!$BG$4,1,0) -> #REF! | BG49: =+IF(P.I!#REF!=P.I!$BH$4,1,0) -> #REF! | BH49: =+IF(P.I!#REF!=P.I!$BI$4,1,0) -> #REF! | BI49: =+IF(P.I!#REF!=P.I!$BJ$4,1,0) -> #REF! | BJ49: =+IF(P.I!#REF!=P.I!$BK$4,1,0) -> #REF! | BK49: =+IF(P.I!#REF!=P.I!$BL$4,1,0) -> #REF! | BL49: =+IF(P.I!#REF!=P.I!$BM$4,1,0) -> #REF! | BM49: =+IF(P.I!#REF!=P.I!$BN$4,1,0) -> #REF! | BN49: =+IF(P.I!#REF!=P.I!$BO$4,1,0) -> #REF! | BO49: =+IF(P.I!#REF!=P.I!$BP$4,1,0) -> #REF! | BP49: =+IF(P.I!#REF!=P.I!$BQ$4,1,0) -> #REF! | BQ49: =+IF(P.I!#REF!=P.I!$BR$4,1,0) -> #REF! | BR49: =+IF(P.I!#REF!=P.I!$BS$4,1,0) -> #REF! | BS49: =+IF(P.I!#REF!=P.I!$BT$4,1,0) -> #REF! | BT49: =+IF(P.I!#REF!=P.I!$BU$4,1,0) -> #REF! | BU49: =+IF(P.I!#REF!=P.I!$BV$4,1,0) -> #REF! | BV49: =+IF(P.I!#REF!=P.I!$BW$4,1,0) -> #REF! | BW49: =+IF(P.I!#REF!=P.I!$BX$4,1,0) -> #REF! | BX49: =+IF(P.I!#REF!=P.I!$BY$4,1,0) -> #REF! | BY49: =+IF(P.I!#REF!=P.I!$BZ$4,1,0) -> #REF! | BZ49: =+IF(P.I!#REF!=P.I!$CA$4,1,0) -> #REF! | CA49: =+IF(P.I!#REF!=P.I!$CB$4,1,0) -> #REF! | CB49: =+IF(P.I!#REF!=P.I!$CC$4,1,0) -> #REF! | CC49: =+IF(P.I!#REF!=P.I!$CD$4,1,0) -> #REF! | CD49: =+IF(P.I!#REF!=P.I!$CE$4,1,0) -> #REF! | CE49: =+SUM(C49:AP49) -> #REF! | CF49: =+CE49/$CF$3*100 -> #REF! | CG49: =+CF49*5/100 -> #REF! | CH49: =+SUM(AQ49:CD49) -> #REF! | CI49: =+CH49/$CI$3*100 -> #REF! | CJ49: =+CI49*5/100 -> #REF! | CK49: =+CE49+CH49 -> #REF! | CL49: =+CK49/$CL$3*100 -> #REF! | CM49: =+CL49*5/100 -> #REF!
A50: 46 | B50: =P.I!#REF! -> #REF! | C50: =+IF(P.I!#REF!=P.I!$D$4,1,0) -> #REF! | D50: =+IF(P.I!#REF!=P.I!$E$4,1,0) -> #REF! | E50: =+IF(P.I!#REF!=P.I!$F$4,1,0) -> #REF! | F50: =+IF(P.I!#REF!=P.I!$G$4,1,0) -> #REF! | G50: =+IF(P.I!#REF!=P.I!$H$4,1,0) -> #REF! | H50: =+IF(P.I!#REF!=P.I!$I$4,1,0) -> #REF! | I50: =+IF(P.I!#REF!=P.I!$J$4,1,0) -> #REF! | J50: =+IF(P.I!#REF!=P.I!$K$4,1,0) -> #REF! | K50: =+IF(P.I!#REF!=P.I!$L$4,1,0) -> #REF! | L50: =+IF(P.I!#REF!=P.I!$M$4,1,0) -> #REF! | M50: =+IF(P.I!#REF!=P.I!$N$4,1,0) -> #REF! | N50: =+IF(P.I!#REF!=P.I!$O$4,1,0) -> #REF! | O50: =+IF(P.I!#REF!=P.I!$P$4,1,0) -> #REF! | P50: =+IF(P.I!#REF!=P.I!$Q$4,1,0) -> #REF! | Q50: =+IF(P.I!#REF!=P.I!$R$4,1,0) -> #REF! | R50: =+IF(P.I!#REF!=P.I!$S$4,1,0) -> #REF! | S50: =+IF(P.I!#REF!=P.I!$T$4,1,0) -> #REF! | T50: =+IF(P.I!#REF!=P.I!$U$4,1,0) -> #REF! | U50: =+IF(P.I!#REF!=P.I!$V$4,1,0) -> #REF! | V50: =+IF(P.I!#REF!=P.I!$W$4,1,0) -> #REF! | W50: =+IF(P.I!#REF!=P.I!$X$4,1,0) -> #REF! | X50: =+IF(P.I!#REF!=P.I!$Y$4,1,0) -> #REF! | Y50: =+IF(P.I!#REF!=P.I!$Z$4,1,0) -> #REF! | Z50: =+IF(P.I!#REF!=P.I!$AA$4,1,0) -> #REF! | AA50: =+IF(P.I!#REF!=P.I!$AB$4,1,0) -> #REF! | AB50: =+IF(P.I!#REF!=P.I!$AC$4,1,0) -> #REF! | AC50: =+IF(P.I!#REF!=P.I!$AD$4,1,0) -> #REF! | AD50: =+IF(P.I!#REF!=P.I!$AE$4,1,0) -> #REF! | AE50: =+IF(P.I!#REF!=P.I!$AF$4,1,0) -> #REF! | AF50: =+IF(P.I!#REF!=P.I!$AG$4,1,0) -> #REF! | AG50: =+IF(P.I!#REF!=P.I!$AH$4,1,0) -> #REF! | AH50: =+IF(P.I!#REF!=P.I!$AI$4,1,0) -> #REF! | AI50: =+IF(P.I!#REF!=P.I!$AJ$4,1,0) -> #REF! | AJ50: =+IF(P.I!#REF!=P.I!$AK$4,1,0) -> #REF! | AK50: =+IF(P.I!#REF!=P.I!$AL$4,1,0) -> #REF! | AL50: =+IF(P.I!#REF!=P.I!$AM$4,1,0) -> #REF! | AM50: =+IF(P.I!#REF!=P.I!$AN$4,1,0) -> #REF! | AN50: =+IF(P.I!#REF!=P.I!$AO$4,1,0) -> #REF! | AO50: =+IF(P.I!#REF!=P.I!$AP$4,1,0) -> #REF! | AP50: =+IF(P.I!#REF!=P.I!$AQ$4,1,0) -> #REF! | AQ50: =+IF(P.I!#REF!=P.I!$AR$4,1,0) -> #REF! | AR50: =+IF(P.I!#REF!=P.I!$AS$4,1,0) -> #REF! | AS50: =+IF(P.I!#REF!=P.I!$AT$4,1,0) -> #REF! | AT50: =+IF(P.I!#REF!=P.I!$AU$4,1,0) -> #REF! | AU50: =+IF(P.I!#REF!=P.I!$AV$4,1,0) -> #REF! | AV50: =+IF(P.I!#REF!=P.I!$AW$4,1,0) -> #REF! | AW50: =+IF(P.I!#REF!=P.I!$AX$4,1,0) -> #REF! | AX50: =+IF(P.I!#REF!=P.I!$AY$4,1,0) -> #REF! | AY50: =+IF(P.I!#REF!=P.I!$AZ$4,1,0) -> #REF! | AZ50: =+IF(P.I!#REF!=P.I!$BA$4,1,0) -> #REF! | BA50: =+IF(P.I!#REF!=P.I!$BB$4,1,0) -> #REF! | BB50: =+IF(P.I!#REF!=P.I!$BC$4,1,0) -> #REF! | BC50: =+IF(P.I!#REF!=P.I!$BD$4,1,0) -> #REF! | BD50: =+IF(P.I!#REF!=P.I!$BE$4,1,0) -> #REF! | BE50: =+IF(P.I!#REF!=P.I!$BF$4,1,0) -> #REF! | BF50: =+IF(P.I!#REF!=P.I!$BG$4,1,0) -> #REF! | BG50: =+IF(P.I!#REF!=P.I!$BH$4,1,0) -> #REF! | BH50: =+IF(P.I!#REF!=P.I!$BI$4,1,0) -> #REF! | BI50: =+IF(P.I!#REF!=P.I!$BJ$4,1,0) -> #REF! | BJ50: =+IF(P.I!#REF!=P.I!$BK$4,1,0) -> #REF! | BK50: =+IF(P.I!#REF!=P.I!$BL$4,1,0) -> #REF! | BL50: =+IF(P.I!#REF!=P.I!$BM$4,1,0) -> #REF! | BM50: =+IF(P.I!#REF!=P.I!$BN$4,1,0) -> #REF! | BN50: =+IF(P.I!#REF!=P.I!$BO$4,1,0) -> #REF! | BO50: =+IF(P.I!#REF!=P.I!$BP$4,1,0) -> #REF! | BP50: =+IF(P.I!#REF!=P.I!$BQ$4,1,0) -> #REF! | BQ50: =+IF(P.I!#REF!=P.I!$BR$4,1,0) -> #REF! | BR50: =+IF(P.I!#REF!=P.I!$BS$4,1,0) -> #REF! | BS50: =+IF(P.I!#REF!=P.I!$BT$4,1,0) -> #REF! | BT50: =+IF(P.I!#REF!=P.I!$BU$4,1,0) -> #REF! | BU50: =+IF(P.I!#REF!=P.I!$BV$4,1,0) -> #REF! | BV50: =+IF(P.I!#REF!=P.I!$BW$4,1,0) -> #REF! | BW50: =+IF(P.I!#REF!=P.I!$BX$4,1,0) -> #REF! | BX50: =+IF(P.I!#REF!=P.I!$BY$4,1,0) -> #REF! | BY50: =+IF(P.I!#REF!=P.I!$BZ$4,1,0) -> #REF! | BZ50: =+IF(P.I!#REF!=P.I!$CA$4,1,0) -> #REF! | CA50: =+IF(P.I!#REF!=P.I!$CB$4,1,0) -> #REF! | CB50: =+IF(P.I!#REF!=P.I!$CC$4,1,0) -> #REF! | CC50: =+IF(P.I!#REF!=P.I!$CD$4,1,0) -> #REF! | CD50: =+IF(P.I!#REF!=P.I!$CE$4,1,0) -> #REF! | CE50: =+SUM(C50:AP50) -> #REF! | CF50: =+CE50/$CF$3*100 -> #REF! | CG50: =+CF50*5/100 -> #REF! | CH50: =+SUM(AQ50:CD50) -> #REF! | CI50: =+CH50/$CI$3*100 -> #REF! | CJ50: =+CI50*5/100 -> #REF! | CK50: =+CE50+CH50 -> #REF! | CL50: =+CK50/$CL$3*100 -> #REF! | CM50: =+CL50*5/100 -> #REF!
A51: 47 | B51: =P.I!C63 -> 0 | C51: =+IF(P.I!D63=P.I!$D$4,1,0) -> 0 | D51: =+IF(P.I!E63=P.I!$E$4,1,0) -> 0 | E51: =+IF(P.I!F63=P.I!$F$4,1,0) -> 0 | F51: =+IF(P.I!G63=P.I!$G$4,1,0) -> 0 | G51: =+IF(P.I!H63=P.I!$H$4,1,0) -> 0 | H51: =+IF(P.I!I63=P.I!$I$4,1,0) -> 0 | I51: =+IF(P.I!J63=P.I!$J$4,1,0) -> 0 | J51: =+IF(P.I!K63=P.I!$K$4,1,0) -> 0 | K51: =+IF(P.I!L63=P.I!$L$4,1,0) -> 0 | L51: =+IF(P.I!M63=P.I!$M$4,1,0) -> 0 | M51: =+IF(P.I!N63=P.I!$N$4,1,0) -> 0 | N51: =+IF(P.I!O63=P.I!$O$4,1,0) -> 0 | O51: =+IF(P.I!P63=P.I!$P$4,1,0) -> 0 | P51: =+IF(P.I!Q63=P.I!$Q$4,1,0) -> 0 | Q51: =+IF(P.I!R63=P.I!$R$4,1,0) -> 0 | R51: =+IF(P.I!S63=P.I!$S$4,1,0) -> 0 | S51: =+IF(P.I!T63=P.I!$T$4,1,0) -> 0 | T51: =+IF(P.I!U63=P.I!$U$4,1,0) -> 0 | U51: =+IF(P.I!V63=P.I!$V$4,1,0) -> 0 | V51: =+IF(P.I!W63=P.I!$W$4,1,0) -> 0 | W51: =+IF(P.I!X63=P.I!$X$4,1,0) -> 0 | X51: =+IF(P.I!Y63=P.I!$Y$4,1,0) -> 0 | Y51: =+IF(P.I!Z63=P.I!$Z$4,1,0) -> 0 | Z51: =+IF(P.I!AA63=P.I!$AA$4,1,0) -> 0 | AA51: =+IF(P.I!AB63=P.I!$AB$4,1,0) -> 0 | AB51: =+IF(P.I!AC63=P.I!$AC$4,1,0) -> 0 | AC51: =+IF(P.I!AD63=P.I!$AD$4,1,0) -> 0 | AD51: =+IF(P.I!AE63=P.I!$AE$4,1,0) -> 0 | AE51: =+IF(P.I!AF63=P.I!$AF$4,1,0) -> 0 | AF51: =+IF(P.I!AG63=P.I!$AG$4,1,0) -> 0 | AG51: =+IF(P.I!AH63=P.I!$AH$4,1,0) -> 0 | AH51: =+IF(P.I!AI63=P.I!$AI$4,1,0) -> 0 | AI51: =+IF(P.I!AJ63=P.I!$AJ$4,1,0) -> 0 | AJ51: =+IF(P.I!AK63=P.I!$AK$4,1,0) -> 0 | AK51: =+IF(P.I!AL63=P.I!$AL$4,1,0) -> 0 | AL51: =+IF(P.I!AM63=P.I!$AM$4,1,0) -> 0 | AM51: =+IF(P.I!AN63=P.I!$AN$4,1,0) -> 0 | AN51: =+IF(P.I!AO63=P.I!$AO$4,1,0) -> 0 | AO51: =+IF(P.I!AP63=P.I!$AP$4,1,0) -> 0 | AP51: =+IF(P.I!AQ63=P.I!$AQ$4,1,0) -> 0 | AQ51: =+IF(P.I!AR63=P.I!$AR$4,1,0) -> 0 | AR51: =+IF(P.I!AS63=P.I!$AS$4,1,0) -> 0 | AS51: =+IF(P.I!AT63=P.I!$AT$4,1,0) -> 0 | AT51: =+IF(P.I!AU63=P.I!$AU$4,1,0) -> 0 | AU51: =+IF(P.I!AV63=P.I!$AV$4,1,0) -> 0 | AV51: =+IF(P.I!AW63=P.I!$AW$4,1,0) -> 0 | AW51: =+IF(P.I!AX63=P.I!$AX$4,1,0) -> 0 | AX51: =+IF(P.I!AY63=P.I!$AY$4,1,0) -> 0 | AY51: =+IF(P.I!AZ63=P.I!$AZ$4,1,0) -> 0 | AZ51: =+IF(P.I!BA63=P.I!$BA$4,1,0) -> 0 | BA51: =+IF(P.I!BB63=P.I!$BB$4,1,0) -> 0 | BB51: =+IF(P.I!BC63=P.I!$BC$4,1,0) -> 0 | BC51: =+IF(P.I!BD63=P.I!$BD$4,1,0) -> 0 | BD51: =+IF(P.I!BE63=P.I!$BE$4,1,0) -> 0 | BE51: =+IF(P.I!BF63=P.I!$BF$4,1,0) -> 0 | BF51: =+IF(P.I!BG63=P.I!$BG$4,1,0) -> 0 | BG51: =+IF(P.I!BH63=P.I!$BH$4,1,0) -> 0 | BH51: =+IF(P.I!BI63=P.I!$BI$4,1,0) -> 0 | BI51: =+IF(P.I!BJ63=P.I!$BJ$4,1,0) -> 0 | BJ51: =+IF(P.I!BK63=P.I!$BK$4,1,0) -> 0 | BK51: =+IF(P.I!BL63=P.I!$BL$4,1,0) -> 0 | BL51: =+IF(P.I!BM63=P.I!$BM$4,1,0) -> 0 | BM51: =+IF(P.I!BN63=P.I!$BN$4,1,0) -> 0 | BN51: =+IF(P.I!BO63=P.I!$BO$4,1,0) -> 0 | BO51: =+IF(P.I!BP63=P.I!$BP$4,1,0) -> 0 | BP51: =+IF(P.I!BQ63=P.I!$BQ$4,1,0) -> 0 | BQ51: =+IF(P.I!BR63=P.I!$BR$4,1,0) -> 0 | BR51: =+IF(P.I!BS63=P.I!$BS$4,1,0) -> 0 | BS51: =+IF(P.I!BT63=P.I!$BT$4,1,0) -> 0 | BT51: =+IF(P.I!BU63=P.I!$BU$4,1,0) -> 0 | BU51: =+IF(P.I!BV63=P.I!$BV$4,1,0) -> 0 | BV51: =+IF(P.I!BW63=P.I!$BW$4,1,0) -> 0 | BW51: =+IF(P.I!BX63=P.I!$BX$4,1,0) -> 0 | BX51: =+IF(P.I!BY63=P.I!$BY$4,1,0) -> 0 | BY51: =+IF(P.I!BZ63=P.I!$BZ$4,1,0) -> 0 | BZ51: =+IF(P.I!CA63=P.I!$CA$4,1,0) -> 0 | CA51: =+IF(P.I!CB63=P.I!$CB$4,1,0) -> 0 | CB51: =+IF(P.I!CC63=P.I!$CC$4,1,0) -> 0 | CC51: =+IF(P.I!CD63=P.I!$CD$4,1,0) -> 0 | CD51: =+IF(P.I!CE63=P.I!$CE$4,1,0) -> 0 | CE51: =+SUM(C51:AP51) -> 0 | CF51: =+CE51/$CF$3*100 -> 0 | CG51: =+CF51*5/100 -> 0 | CH51: =+SUM(AQ51:CD51) -> 0 | CI51: =+CH51/$CI$3*100 -> 0 | CJ51: =+CI51*5/100 -> 0 | CK51: =+CE51+CH51 -> 0 | CL51: =+CK51/$CL$3*100 -> 0 | CM51: =+CL51*5/100 -> 0
A52: 48 | B52: =P.I!C64 -> 0 | C52: =+IF(P.I!D64=P.I!$D$4,1,0) -> 0 | D52: =+IF(P.I!E64=P.I!$E$4,1,0) -> 0 | E52: =+IF(P.I!F64=P.I!$F$4,1,0) -> 0 | F52: =+IF(P.I!G64=P.I!$G$4,1,0) -> 0 | G52: =+IF(P.I!H64=P.I!$H$4,1,0) -> 0 | H52: =+IF(P.I!I64=P.I!$I$4,1,0) -> 0 | I52: =+IF(P.I!J64=P.I!$J$4,1,0) -> 0 | J52: =+IF(P.I!K64=P.I!$K$4,1,0) -> 0 | K52: =+IF(P.I!L64=P.I!$L$4,1,0) -> 0 | L52: =+IF(P.I!M64=P.I!$M$4,1,0) -> 0 | M52: =+IF(P.I!N64=P.I!$N$4,1,0) -> 0 | N52: =+IF(P.I!O64=P.I!$O$4,1,0) -> 0 | O52: =+IF(P.I!P64=P.I!$P$4,1,0) -> 0 | P52: =+IF(P.I!Q64=P.I!$Q$4,1,0) -> 0 | Q52: =+IF(P.I!R64=P.I!$R$4,1,0) -> 0 | R52: =+IF(P.I!S64=P.I!$S$4,1,0) -> 0 | S52: =+IF(P.I!T64=P.I!$T$4,1,0) -> 0 | T52: =+IF(P.I!U64=P.I!$U$4,1,0) -> 0 | U52: =+IF(P.I!V64=P.I!$V$4,1,0) -> 0 | V52: =+IF(P.I!W64=P.I!$W$4,1,0) -> 0 | W52: =+IF(P.I!X64=P.I!$X$4,1,0) -> 0 | X52: =+IF(P.I!Y64=P.I!$Y$4,1,0) -> 0 | Y52: =+IF(P.I!Z64=P.I!$Z$4,1,0) -> 0 | Z52: =+IF(P.I!AA64=P.I!$AA$4,1,0) -> 0 | AA52: =+IF(P.I!AB64=P.I!$AB$4,1,0) -> 0 | AB52: =+IF(P.I!AC64=P.I!$AC$4,1,0) -> 0 | AC52: =+IF(P.I!AD64=P.I!$AD$4,1,0) -> 0 | AD52: =+IF(P.I!AE64=P.I!$AE$4,1,0) -> 0 | AE52: =+IF(P.I!AF64=P.I!$AF$4,1,0) -> 0 | AF52: =+IF(P.I!AG64=P.I!$AG$4,1,0) -> 0 | AG52: =+IF(P.I!AH64=P.I!$AH$4,1,0) -> 0 | AH52: =+IF(P.I!AI64=P.I!$AI$4,1,0) -> 0 | AI52: =+IF(P.I!AJ64=P.I!$AJ$4,1,0) -> 0 | AJ52: =+IF(P.I!AK64=P.I!$AK$4,1,0) -> 0 | AK52: =+IF(P.I!AL64=P.I!$AL$4,1,0) -> 0 | AL52: =+IF(P.I!AM64=P.I!$AM$4,1,0) -> 0 | AM52: =+IF(P.I!AN64=P.I!$AN$4,1,0) -> 0 | AN52: =+IF(P.I!AO64=P.I!$AO$4,1,0) -> 0 | AO52: =+IF(P.I!AP64=P.I!$AP$4,1,0) -> 0 | AP52: =+IF(P.I!AQ64=P.I!$AQ$4,1,0) -> 0 | AQ52: =+IF(P.I!AR64=P.I!$AR$4,1,0) -> 0 | AR52: =+IF(P.I!AS64=P.I!$AS$4,1,0) -> 0 | AS52: =+IF(P.I!AT64=P.I!$AT$4,1,0) -> 0 | AT52: =+IF(P.I!AU64=P.I!$AU$4,1,0) -> 0 | AU52: =+IF(P.I!AV64=P.I!$AV$4,1,0) -> 0 | AV52: =+IF(P.I!AW64=P.I!$AW$4,1,0) -> 0 | AW52: =+IF(P.I!AX64=P.I!$AX$4,1,0) -> 0 | AX52: =+IF(P.I!AY64=P.I!$AY$4,1,0) -> 0 | AY52: =+IF(P.I!AZ64=P.I!$AZ$4,1,0) -> 0 | AZ52: =+IF(P.I!BA64=P.I!$BA$4,1,0) -> 0 | BA52: =+IF(P.I!BB64=P.I!$BB$4,1,0) -> 0 | BB52: =+IF(P.I!BC64=P.I!$BC$4,1,0) -> 0 | BC52: =+IF(P.I!BD64=P.I!$BD$4,1,0) -> 0 | BD52: =+IF(P.I!BE64=P.I!$BE$4,1,0) -> 0 | BE52: =+IF(P.I!BF64=P.I!$BF$4,1,0) -> 0 | BF52: =+IF(P.I!BG64=P.I!$BG$4,1,0) -> 0 | BG52: =+IF(P.I!BH64=P.I!$BH$4,1,0) -> 0 | BH52: =+IF(P.I!BI64=P.I!$BI$4,1,0) -> 0 | BI52: =+IF(P.I!BJ64=P.I!$BJ$4,1,0) -> 0 | BJ52: =+IF(P.I!BK64=P.I!$BK$4,1,0) -> 0 | BK52: =+IF(P.I!BL64=P.I!$BL$4,1,0) -> 0 | BL52: =+IF(P.I!BM64=P.I!$BM$4,1,0) -> 0 | BM52: =+IF(P.I!BN64=P.I!$BN$4,1,0) -> 0 | BN52: =+IF(P.I!BO64=P.I!$BO$4,1,0) -> 0 | BO52: =+IF(P.I!BP64=P.I!$BP$4,1,0) -> 0 | BP52: =+IF(P.I!BQ64=P.I!$BQ$4,1,0) -> 0 | BQ52: =+IF(P.I!BR64=P.I!$BR$4,1,0) -> 0 | BR52: =+IF(P.I!BS64=P.I!$BS$4,1,0) -> 0 | BS52: =+IF(P.I!BT64=P.I!$BT$4,1,0) -> 0 | BT52: =+IF(P.I!BU64=P.I!$BU$4,1,0) -> 0 | BU52: =+IF(P.I!BV64=P.I!$BV$4,1,0) -> 0 | BV52: =+IF(P.I!BW64=P.I!$BW$4,1,0) -> 0 | BW52: =+IF(P.I!BX64=P.I!$BX$4,1,0) -> 0 | BX52: =+IF(P.I!BY64=P.I!$BY$4,1,0) -> 0 | BY52: =+IF(P.I!BZ64=P.I!$BZ$4,1,0) -> 0 | BZ52: =+IF(P.I!CA64=P.I!$CA$4,1,0) -> 0 | CA52: =+IF(P.I!CB64=P.I!$CB$4,1,0) -> 0 | CB52: =+IF(P.I!CC64=P.I!$CC$4,1,0) -> 0 | CC52: =+IF(P.I!CD64=P.I!$CD$4,1,0) -> 0 | CD52: =+IF(P.I!CE64=P.I!$CE$4,1,0) -> 0 | CE52: =+SUM(C52:AP52) -> 0 | CF52: =+CE52/$CF$3*100 -> 0 | CG52: =+CF52*5/100 -> 0 | CH52: =+SUM(AQ52:CD52) -> 0 | CI52: =+CH52/$CI$3*100 -> 0 | CJ52: =+CI52*5/100 -> 0 | CK52: =+CE52+CH52 -> 0 | CL52: =+CK52/$CL$3*100 -> 0 | CM52: =+CL52*5/100 -> 0
A53: 49 | B53: =P.I!C65 -> 0 | C53: =+IF(P.I!D65=P.I!$D$4,1,0) -> 0 | D53: =+IF(P.I!E65=P.I!$E$4,1,0) -> 0 | E53: =+IF(P.I!F65=P.I!$F$4,1,0) -> 0 | F53: =+IF(P.I!G65=P.I!$G$4,1,0) -> 0 | G53: =+IF(P.I!H65=P.I!$H$4,1,0) -> 0 | H53: =+IF(P.I!I65=P.I!$I$4,1,0) -> 0 | I53: =+IF(P.I!J65=P.I!$J$4,1,0) -> 0 | J53: =+IF(P.I!K65=P.I!$K$4,1,0) -> 0 | K53: =+IF(P.I!L65=P.I!$L$4,1,0) -> 0 | L53: =+IF(P.I!M65=P.I!$M$4,1,0) -> 0 | M53: =+IF(P.I!N65=P.I!$N$4,1,0) -> 0 | N53: =+IF(P.I!O65=P.I!$O$4,1,0) -> 0 | O53: =+IF(P.I!P65=P.I!$P$4,1,0) -> 0 | P53: =+IF(P.I!Q65=P.I!$Q$4,1,0) -> 0 | Q53: =+IF(P.I!R65=P.I!$R$4,1,0) -> 0 | R53: =+IF(P.I!S65=P.I!$S$4,1,0) -> 0 | S53: =+IF(P.I!T65=P.I!$T$4,1,0) -> 0 | T53: =+IF(P.I!U65=P.I!$U$4,1,0) -> 0 | U53: =+IF(P.I!V65=P.I!$V$4,1,0) -> 0 | V53: =+IF(P.I!W65=P.I!$W$4,1,0) -> 0 | W53: =+IF(P.I!X65=P.I!$X$4,1,0) -> 0 | X53: =+IF(P.I!Y65=P.I!$Y$4,1,0) -> 0 | Y53: =+IF(P.I!Z65=P.I!$Z$4,1,0) -> 0 | Z53: =+IF(P.I!AA65=P.I!$AA$4,1,0) -> 0 | AA53: =+IF(P.I!AB65=P.I!$AB$4,1,0) -> 0 | AB53: =+IF(P.I!AC65=P.I!$AC$4,1,0) -> 0 | AC53: =+IF(P.I!AD65=P.I!$AD$4,1,0) -> 0 | AD53: =+IF(P.I!AE65=P.I!$AE$4,1,0) -> 0 | AE53: =+IF(P.I!AF65=P.I!$AF$4,1,0) -> 0 | AF53: =+IF(P.I!AG65=P.I!$AG$4,1,0) -> 0 | AG53: =+IF(P.I!AH65=P.I!$AH$4,1,0) -> 0 | AH53: =+IF(P.I!AI65=P.I!$AI$4,1,0) -> 0 | AI53: =+IF(P.I!AJ65=P.I!$AJ$4,1,0) -> 0 | AJ53: =+IF(P.I!AK65=P.I!$AK$4,1,0) -> 0 | AK53: =+IF(P.I!AL65=P.I!$AL$4,1,0) -> 0 | AL53: =+IF(P.I!AM65=P.I!$AM$4,1,0) -> 0 | AM53: =+IF(P.I!AN65=P.I!$AN$4,1,0) -> 0 | AN53: =+IF(P.I!AO65=P.I!$AO$4,1,0) -> 0 | AO53: =+IF(P.I!AP65=P.I!$AP$4,1,0) -> 0 | AP53: =+IF(P.I!AQ65=P.I!$AQ$4,1,0) -> 0 | AQ53: =+IF(P.I!AR65=P.I!$AR$4,1,0) -> 0 | AR53: =+IF(P.I!AS65=P.I!$AS$4,1,0) -> 0 | AS53: =+IF(P.I!AT65=P.I!$AT$4,1,0) -> 0 | AT53: =+IF(P.I!AU65=P.I!$AU$4,1,0) -> 0 | AU53: =+IF(P.I!AV65=P.I!$AV$4,1,0) -> 0 | AV53: =+IF(P.I!AW65=P.I!$AW$4,1,0) -> 0 | AW53: =+IF(P.I!AX65=P.I!$AX$4,1,0) -> 0 | AX53: =+IF(P.I!AY65=P.I!$AY$4,1,0) -> 0 | AY53: =+IF(P.I!AZ65=P.I!$AZ$4,1,0) -> 0 | AZ53: =+IF(P.I!BA65=P.I!$BA$4,1,0) -> 0 | BA53: =+IF(P.I!BB65=P.I!$BB$4,1,0) -> 0 | BB53: =+IF(P.I!BC65=P.I!$BC$4,1,0) -> 0 | BC53: =+IF(P.I!BD65=P.I!$BD$4,1,0) -> 0 | BD53: =+IF(P.I!BE65=P.I!$BE$4,1,0) -> 0 | BE53: =+IF(P.I!BF65=P.I!$BF$4,1,0) -> 0 | BF53: =+IF(P.I!BG65=P.I!$BG$4,1,0) -> 0 | BG53: =+IF(P.I!BH65=P.I!$BH$4,1,0) -> 0 | BH53: =+IF(P.I!BI65=P.I!$BI$4,1,0) -> 0 | BI53: =+IF(P.I!BJ65=P.I!$BJ$4,1,0) -> 0 | BJ53: =+IF(P.I!BK65=P.I!$BK$4,1,0) -> 0 | BK53: =+IF(P.I!BL65=P.I!$BL$4,1,0) -> 0 | BL53: =+IF(P.I!BM65=P.I!$BM$4,1,0) -> 0 | BM53: =+IF(P.I!BN65=P.I!$BN$4,1,0) -> 0 | BN53: =+IF(P.I!BO65=P.I!$BO$4,1,0) -> 0 | BO53: =+IF(P.I!BP65=P.I!$BP$4,1,0) -> 0 | BP53: =+IF(P.I!BQ65=P.I!$BQ$4,1,0) -> 0 | BQ53: =+IF(P.I!BR65=P.I!$BR$4,1,0) -> 0 | BR53: =+IF(P.I!BS65=P.I!$BS$4,1,0) -> 0 | BS53: =+IF(P.I!BT65=P.I!$BT$4,1,0) -> 0 | BT53: =+IF(P.I!BU65=P.I!$BU$4,1,0) -> 0 | BU53: =+IF(P.I!BV65=P.I!$BV$4,1,0) -> 0 | BV53: =+IF(P.I!BW65=P.I!$BW$4,1,0) -> 0 | BW53: =+IF(P.I!BX65=P.I!$BX$4,1,0) -> 0 | BX53: =+IF(P.I!BY65=P.I!$BY$4,1,0) -> 0 | BY53: =+IF(P.I!BZ65=P.I!$BZ$4,1,0) -> 0 | BZ53: =+IF(P.I!CA65=P.I!$CA$4,1,0) -> 0 | CA53: =+IF(P.I!CB65=P.I!$CB$4,1,0) -> 0 | CB53: =+IF(P.I!CC65=P.I!$CC$4,1,0) -> 0 | CC53: =+IF(P.I!CD65=P.I!$CD$4,1,0) -> 0 | CD53: =+IF(P.I!CE65=P.I!$CE$4,1,0) -> 0 | CE53: =+SUM(C53:AP53) -> 0 | CF53: =+CE53/$CF$3*100 -> 0 | CG53: =+CF53*5/100 -> 0 | CH53: =+SUM(AQ53:CD53) -> 0 | CI53: =+CH53/$CI$3*100 -> 0 | CJ53: =+CI53*5/100 -> 0 | CK53: =+CE53+CH53 -> 0 | CL53: =+CK53/$CL$3*100 -> 0 | CM53: =+CL53*5/100 -> 0
