Workbook

Sheet Inscritos
A1: RELACIÓN DE ESTUDIANTES INSCRITOS AL PROGRAMA
A2: GRUPO 4
A3: # | B3: NOMBRES Y APELLIDOS | C3: TIPO DOC | D3: DOCUMENTO | E3: MUNICIPIO | F3: TELÉFONOS | G3: CORREO | H3: INSTITUCIÓN EDUCATIVA
A4: 1 | B4: ALEJANDRO ALVAREZ SIMANCA | C4: TI | D4: 1063289594 | E4: EL EDÉN | F4: 3127524485 | G4: ALEJANDROALVAREZSIMANCA2@GMAIL.COM | H4: IE JOSÉ MARÍA CÓRDOBA
A5: =1+A4 -> 2 | B5: ALEJANDRO VILLALOBOS HUERTA | C5: TI | D5: 1063291700 | E5: PROGRESO 2 | F5: 3135565941 | G5: BERSAIDAHUERTA@GMAIL.COM | H5: IE JOSÉ MARÍA CÓRDOBA
A6: =1+A5 -> 3 | B6: ANA SOFIA ACOSTA DE LA ROSA | C6: TI | D6: 1063360341 | E6: AGUAS VIVAS | F6: 3013858297 | G6: A4679412@GMAIL.COM | H6: IE JOSÉ MARÍA CÓRDOBA
A7: =1+A6 -> 4 | B7: ANDRÉS CAMILO NAVARRO ENSUNCHO | C7: CC | D7: 1063788976 | E7: PUERTO LIBERTADOR CÓRDOBA | F7: 3122632773 | G7: ENSUNCHOANDRES547@GMAIL.COM | H7: IE JOSÉ MARÍA CÓRDOBA
A8: =1+A7 -> 5 | B8: ANDRES JOSE MARTINEZ ARRIETA | C8: TI | D8: 1063780083 | E8: VILLA ESPERANZA | F8: 3019181002 | G8: ANDRES0315MARTINEZ@GMAIL.COM | H8: IE JOSÉ MARÍA CÓRDOBA
A9: =1+A8 -> 6 | B9: ÁNGEL EMIRO HERNÁNDEZ LARIOS | C9: TI | D9: 1064193460 | E9: SAN JOSÉ | F9: 3126264827 | G9: HDEZLARIOS03@GMAIL.COM | H9: IE JOSÉ MARÍA CÓRDOBA
A10: =1+A9 -> 7 | B10: ANISLEY GUZMÁN AGAMES | C10: TI | D10: 1063789960 | E10: BARRIO | F10: 3218624563 | G10: ANISLEYGUZMAN5@GMAIL.COM | H10: IE JOSÉ MARÍA CÓRDOBA
A11: =1+A10 -> 8 | B11: BRENDA MELISA PATERNINA ROJAS | C11: TI | D11: 1063290465 | E11: PUERTO LIBERTADOR CÓRDOBA | F11: 3137948909 | G11: BRENDAMELISAPATERNINA@GMAIL.COM | H11: IE JOSÉ MARÍA CÓRDOBA
A12: =1+A11 -> 9 | B12: CAMILO ANDRÉS VERGARA LÓPEZ | C12: CC | D12: 1063287690 | E12: CORREGIMIENTO | F12: 3014716791 | G12: VERGARACAMILO772@GMAIL.COM | H12: IE JOSÉ MARÍA CÓRDOBA
A13: =1+A12 -> 10 | B13: CARLOS MARIO DÍAZ MORENO | C13: TI | D13: 1063360161 | E13: SANTIAGO SÁNCHEZ | F13: 3127575890 | G13: CARLOS27AGOSTO2008@GMAIL.COM | H13: IE JOSÉ MARÍA CÓRDOBA
A14: =1+A13 -> 11 | B14: DAINER DAVID HUERTA CASSIANI | C14: TI | D14: 1063361959 | E14: PALMIRA | F14: 3042155298 | G14: DAINERDAVIDHUERTACASSIANI@GMAIL.COM | H14: IE JOSÉ MARÍA CÓRDOBA
A15: =1+A14 -> 12 | B15: DANIELA ISABEL BONOLIS ROMERO | C15: TI | D15: 1063789798 | E15: EL ÉXODO | F15: 3218825926 | G15: ELIZABETHROMERO1792@GMAIL.COM | H15: IE JOSÉ MARÍA CÓRDOBA
A16: =1+A15 -> 13 | B16: DANIELA LONDOÑO AGUDELO | C16: TI | D16: 1063789677 | E16: EL CENTRO | F16: 3135216698 | G16: DANIAGUDELO567@GMAIL.COM | H16: IE JOSÉ MARÍA CÓRDOBA
... A52: =1+A51 -> 49 | B52: ZAIRO MANCHEGO RIOS | C52: TI | D52: 1063789290 | E52: GUADALUPE | F52: 3126099576 | G52: MANCHEGORIOS12@GMAIL.COM | H52: IE JOSÉ MARÍA CÓRDOBA
A53: =1+A52 -> 50
A54: =1+A53 -> 51
A55: =1+A54 -> 52
A56: =1+A55 -> 53
A57: =1+A56 -> 54
A58: =1+A57 -> 55
A59: =1+A58 -> 56
A60: =1+A59 -> 57
A61: =1+A60 -> 58
A62: =1+A61 -> 59

Sheet Asistencia
B1: ASISTENCIA DE ESTUDIANTES DURANTE EL PROCESO
A2: # | B2: NOMBRES Y APELLIDOS (completos en mayúscula y en orden alfabético) | C2: DOCUMENTO | D2: NOMBRE DOCENTE | I2: NOMBRE DOCENTE | R2: NOMBRE DOCENTE | AA2: NOMBRE DOCENTE
D3: ORIENTACIÓN VOCACIONAL | I3: RAZONAMIENTO LÓGICO | R3: COMPETENCIA LECTORA | AA3: METODOLOGÍA DE ESTUDIO
D4: FECHAS | I4: FECHAS | R4: FECHAS | AA4: FECHAS
H5: % Asistencia | Q5: % Asistencia | Z5: % Asistencia | AE5: % Asistencia
A6: 1 | B6: =+Inscritos!B4 -> ALEJANDRO ALVAREZ SIMANCA | C6: =+Inscritos!D4 -> 1063289594 | H6: =+SUM(D6:G6)/4 -> 0 | Q6: =+SUM(I6:P6)/8 -> 0 | Z6: =+SUM(R6:Y6)/8 -> 0 | AE6: =+SUM(AA6:AD6)/4 -> 0
A7: 2 | B7: =+Inscritos!B5 -> ALEJANDRO VILLALOBOS HUERTA | C7: =+Inscritos!D5 -> 1063291700 | H7: =+SUM(D7:G7)/4 -> 0 | Q7: =+SUM(I7:P7)/8 -> 0 | Z7: =+SUM(R7:Y7)/8 -> 0 | AE7: =+SUM(AA7:AD7)/4 -> 0
A8: 3 | B8: =+Inscritos!B6 -> ANA SOFIA ACOSTA DE LA ROSA | C8: =+Inscritos!D6 -> 1063360341 | H8: =+SUM(D8:G8)/4 -> 0 | Q8: =+SUM(I8:P8)/8 -> 0 | Z8: =+SUM(R8:Y8)/8 -> 0 | AE8: =+SUM(AA8:AD8)/4 -> 0
A9: 4 | B9: =+Inscritos!B7 -> ANDRÉS CAMILO NAVARRO ENSUNCHO | C9: =+Inscritos!D7 -> 1063788976 | H9: =+SUM(D9:G9)/4 -> 0 | Q9: =+SUM(I9:P9)/8 -> 0 | Z9: =+SUM(R9:Y9)/8 -> 0 | AE9: =+SUM(AA9:AD9)/4 -> 0
A10: 5 | B10: =+Inscritos!B8 -> ANDRES JOSE MARTINEZ ARRIETA | C10: =+Inscritos!D8 -> 1063780083 | H10: =+SUM(D10:G10)/4 -> 0 | Q10: =+SUM(I10:P10)/8 -> 0 | Z10: =+SUM(R10:Y10)/8 -> 0 | AE10: =+SUM(AA10:AD10)/4 -> 0
A11: 6 | B11: =+Inscritos!B9 -> ÁNGEL EMIRO HERNÁNDEZ LARIOS | C11: =+Inscritos!D9 -> 1064193460 | H11: =+SUM(D11:G11)/4 -> 0 | Q11: =+SUM(I11:P11)/8 -> 0 | Z11: =+SUM(R11:Y11)/8 -> 0 | AE11: =+SUM(AA11:AD11)/4 -> 0
A12: 7 | B12: =+Inscritos!B10 -> ANISLEY GUZMÁN AGAMES | C12: =+Inscritos!D10 -> 1063789960 | H12: =+SUM(D12:G12)/4 -> 0 | Q12: =+SUM(I12:P12)/8 -> 0 | Z12: =+SUM(R12:Y12)/8 -> 0 | AE12: =+SUM(AA12:AD12)/4 -> 0
A13: 8 | B13: =+Inscritos!B11 -> BRENDA MELISA PATERNINA ROJAS | C13: =+Inscritos!D11 -> 1063290465 | H13: =+SUM(D13:G13)/4 -> 0 | Q13: =+SUM(I13:P13)/8 -> 0 | Z13: =+SUM(R13:Y13)/8 -> 0 | AE13: =+SUM(AA13:AD13)/4 -> 0
A14: 9 | B14: =+Inscritos!B12 -> CAMILO ANDRÉS VERGARA LÓPEZ | C14: =+Inscritos!D12 -> 1063287690 | H14: =+SUM(D14:G14)/4 -> 0 | Q14: =+SUM(I14:P14)/8 -> 0 | Z14: =+SUM(R14:Y14)/8 -> 0 | AE14: =+SUM(AA14:AD14)/4 -> 0
A15: 10 | B15: =+Inscritos!B13 -> CARLOS MARIO DÍAZ MORENO | C15: =+Inscritos!D13 -> 1063360161 | H15: =+SUM(D15:G15)/4 -> 0 | Q15: =+SUM(I15:P15)/8 -> 0 | Z15: =+SUM(R15:Y15)/8 -> 0 | AE15: =+SUM(AA15:AD15)/4 -> 0
A16: 11 | B16: =+Inscritos!B14 -> DAINER DAVID HUERTA CASSIANI | C16: =+Inscritos!D14 -> 1063361959 | H16: =+SUM(D16:G16)/4 -> 0 | Q16: =+SUM(I16:P16)/8 -> 0 | Z16: =+SUM(R16:Y16)/8 -> 0 | AE16: =+SUM(AA16:AD16)/4 -> 0
A17: 12 | B17: =+Inscritos!B15 -> DANIELA ISABEL BONOLIS ROMERO | C17: =+Inscritos!D15 -> 1063789798 | H17: =+SUM(D17:G17)/4 -> 0 | Q17: =+SUM(I17:P17)/8 -> 0 | Z17: =+SUM(R17:Y17)/8 -> 0 | AE17: =+SUM(AA17:AD17)/4 -> 0
... A55: 50 | B55: =+Inscritos!B53 -> 0 | C55: =+Inscritos!D53 -> 0 | H55: =+SUM(D55:G55)/4 -> 0 | Q55: =+SUM(I55:P55)/8 -> 0 | Z55: =+SUM(R55:Y55)/8 -> 0 | AE55: =+SUM(AA55:AD55)/4 -> 0
A56: 51 | B56: =+Inscritos!B53 -> 0 | C56: =+Inscritos!D53 -> 0 | H56: =+SUM(D56:G56)/4 -> 0 | Q56: =+SUM(I56:P56)/8 -> 0 | Z56: =+SUM(R56:Y56)/8 -> 0 | AE56: =+SUM(AA56:AD56)/4 -> 0
A57: 52 | B57: =+Inscritos!B54 -> 0 | C57: =+Inscritos!D54 -> 0 | H57: =+SUM(D57:G57)/4 -> 0 | Q57: =+SUM(I57:P57)/8 -> 0 | Z57: =+SUM(R57:Y57)/8 -> 0 | AE57: =+SUM(AA57:AD57)/4 -> 0
A58: 53 | B58: =+Inscritos!B55 -> 0 | C58: =+Inscritos!D55 -> 0 | H58: =+SUM(D58:G58)/4 -> 0 | Q58: =+SUM(I58:P58)/8 -> 0 | Z58: =+SUM(R58:Y58)/8 -> 0 | AE58: =+SUM(AA58:AD58)/4 -> 0
A59: 54 | B59: =+Inscritos!B56 -> 0 | C59: =+Inscritos!D56 -> 0 | H59: =+SUM(D59:G59)/4 -> 0 | Q59: =+SUM(I59:P59)/8 -> 0 | Z59: =+SUM(R59:Y59)/8 -> 0 | AE59: =+SUM(AA59:AD59)/4 -> 0
A60: 55 | B60: =+Inscritos!B57 -> 0 | C60: =+Inscritos!D57 -> 0 | H60: =+SUM(D60:G60)/4 -> 0 | Q60: =+SUM(I60:P60)/8 -> 0 | Z60: =+SUM(R60:Y60)/8 -> 0 | AE60: =+SUM(AA60:AD60)/4 -> 0
A61: 56 | B61: =+Inscritos!B58 -> 0 | C61: =+Inscritos!D58 -> 0 | H61: =+SUM(D61:G61)/4 -> 0 | Q61: =+SUM(I61:P61)/8 -> 0 | Z61: =+SUM(R61:Y61)/8 -> 0 | AE61: =+SUM(AA61:AD61)/4 -> 0
A62: 57 | B62: =+Inscritos!B59 -> 0 | C62: =+Inscritos!D59 -> 0 | H62: =+SUM(D62:G62)/4 -> 0 | Q62: =+SUM(I62:P62)/8 -> 0 | Z62: =+SUM(R62:Y62)/8 -> 0 | AE62: =+SUM(AA62:AD62)/4 -> 0
A63: 58 | B63: =+Inscritos!B60 -> 0 | C63: =+Inscritos!D60 -> 0 | H63: =+SUM(D63:G63)/4 -> 0 | Q63: =+SUM(I63:P63)/8 -> 0 | Z63: =+SUM(R63:Y63)/8 -> 0 | AE63: =+SUM(AA63:AD63)/4 -> 0
A64: 59 | B64: =+Inscritos!B61 -> 0 | C64: =+Inscritos!D61 -> 0 | H64: =+SUM(D64:G64)/4 -> 0 | Q64: =+SUM(I64:P64)/8 -> 0 | Z64: =+SUM(R64:Y64)/8 -> 0 | AE64: =+SUM(AA64:AD64)/4 -> 0

Sheet Notas
B1: ASISTENCIA DE ESTUDIANTES DURANTE EL PROCESO
A2: # | B2: NOMBRES Y APELLIDOS (completos en mayúscula y en orden alfabético) | C2: DOCUMENTO | D2: =Asistencia!D2 -> NOMBRE DOCENTE | G2: =Asistencia!I2 -> NOMBRE DOCENTE | L2: NOMBRE DOCENTE | Q2: =Asistencia!AA2 -> NOMBRE DOCENTE
D3: ORIENTACIÓN VOCACIONAL | G3: RAZONAMIENTO LÓGICO | L3: COMPETENCIA LECTORA | Q3: METODOLOGÍA DE ESTUDIO
D5: 0.75 | E5: 0.25 | F5: NOTA | G5: 0.15 | H5: 0.25 | I5: 0.35 | J5: 0.25 | K5: NOTA | L5: 0.15 | M5: 0.25 | N5: 0.35 | O5: 0.25 | P5: NOTA | Q5: 0.5 | R5: 0.35 | S5: 0.15 | T5: NOTA
A6: 1 | B6: =Inscritos!B4 -> ALEJANDRO ALVAREZ SIMANCA | C6: =+Inscritos!D4 -> 1063289594 | F6: =+D6*$D$5+E6*$E$5 -> 0 | K6: =+G6*$G$5+H6*$H$5+I6*$I$5+J6*$J$5 -> 0 | P6: =+L6*$L$5+M6*$M$5+N6*$N$5+O6*$O$5 -> 0 | T6: =+Q6*$Q$5+R6*$R$5+S6*$S$5 -> 0
A7: 2 | B7: =Inscritos!B5 -> ALEJANDRO VILLALOBOS HUERTA | C7: =+Inscritos!D5 -> 1063291700 | F7: =+D7*$D$5+E7*$E$5 -> 0 | K7: =+G7*$G$5+H7*$H$5+I7*$I$5+J7*$J$5 -> 0 | P7: =+L7*$L$5+M7*$M$5+N7*$N$5+O7*$O$5 -> 0 | T7: =+Q7*$Q$5+R7*$R$5+S7*$S$5 -> 0
A8: 3 | B8: =Inscritos!B6 -> ANA SOFIA ACOSTA DE LA ROSA | C8: =+Inscritos!D6 -> 1063360341 | F8: =+D8*$D$5+E8*$E$5 -> 0 | K8: =+G8*$G$5+H8*$H$5+I8*$I$5+J8*$J$5 -> 0 | P8: =+L8*$L$5+M8*$M$5+N8*$N$5+O8*$O$5 -> 0 | T8: =+Q8*$Q$5+R8*$R$5+S8*$S$5 -> 0
A9: 4 | B9: =Inscritos!B7 -> ANDRÉS CAMILO NAVARRO ENSUNCHO | C9: =+Inscritos!D7 -> 1063788976 | F9: =+D9*$D$5+E9*$E$5 -> 0 | K9: =+G9*$G$5+H9*$H$5+I9*$I$5+J9*$J$5 -> 0 | P9: =+L9*$L$5+M9*$M$5+N9*$N$5+O9*$O$5 -> 0 | T9: =+Q9*$Q$5+R9*$R$5+S9*$S$5 -> 0
A10: 5 | B10: =Inscritos!B8 -> ANDRES JOSE MARTINEZ ARRIETA | C10: =+Inscritos!D8 -> 1063780083 | F10: =+D10*$D$5+E10*$E$5 -> 0 | K10: =+G10*$G$5+H10*$H$5+I10*$I$5+J10*$J$5 -> 0 | P10: =+L10*$L$5+M10*$M$5+N10*$N$5+O10*$O$5 -> 0 | T10: =+Q10*$Q$5+R10*$R$5+S10*$S$5 -> 0
A11: 6 | B11: =Inscritos!B9 -> ÁNGEL EMIRO HERNÁNDEZ LARIOS | C11: =+Inscritos!D9 -> 1064193460 | F11: =+D11*$D$5+E11*$E$5 -> 0 | K11: =+G11*$G$5+H11*$H$5+I11*$I$5+J11*$J$5 -> 0 | P11: =+L11*$L$5+M11*$M$5+N11*$N$5+O11*$O$5 -> 0 | T11: =+Q11*$Q$5+R11*$R$5+S11*$S$5 -> 0
A12: 7 | B12: =Inscritos!B10 -> ANISLEY GUZMÁN AGAMES | C12: =+Inscritos!D10 -> 1063789960 | F12: =+D12*$D$5+E12*$E$5 -> 0 | K12: =+G12*$G$5+H12*$H$5+I12*$I$5+J12*$J$5 -> 0 | P12: =+L12*$L$5+M12*$M$5+N12*$N$5+O12*$O$5 -> 0 | T12: =+Q12*$Q$5+R12*$R$5+S12*$S$5 -> 0
A13: 8 | B13: =Inscritos!B11 -> BRENDA MELISA PATERNINA ROJAS | C13: =+Inscritos!D11 -> 1063290465 | F13: =+D13*$D$5+E13*$E$5 -> 0 | K13: =+G13*$G$5+H13*$H$5+I13*$I$5+J13*$J$5 -> 0 | P13: =+L13*$L$5+M13*$M$5+N13*$N$5+O13*$O$5 -> 0 | T13: =+Q13*$Q$5+R13*$R$5+S13*$S$5 -> 0
A14: 9 | B14: =Inscritos!B12 -> CAMILO ANDRÉS VERGARA LÓPEZ | C14: =+Inscritos!D12 -> 1063287690 | F14: =+D14*$D$5+E14*$E$5 -> 0 | K14: =+G14*$G$5+H14*$H$5+I14*$I$5+J14*$J$5 -> 0 | P14: =+L14*$L$5+M14*$M$5+N14*$N$5+O14*$O$5 -> 0 | T14: =+Q14*$Q$5+R14*$R$5+S14*$S$5 -> 0
A15: 10 | B15: =Inscritos!B13 -> CARLOS MARIO DÍAZ MORENO | C15: =+Inscritos!D13 -> 1063360161 | F15: =+D15*$D$5+E15*$E$5 -> 0 | K15: =+G15*$G$5+H15*$H$5+I15*$I$5+J15*$J$5 -> 0 | P15: =+L15*$L$5+M15*$M$5+N15*$N$5+O15*$O$5 -> 0 | T15: =+Q15*$Q$5+R15*$R$5+S15*$S$5 -> 0
A16: 11 | B16: =Inscritos!B14 -> DAINER DAVID HUERTA CASSIANI | C16: =+Inscritos!D14 -> 1063361959 | F16: =+D16*$D$5+E16*$E$5 -> 0 | K16: =+G16*$G$5+H16*$H$5+I16*$I$5+J16*$J$5 -> 0 | P16: =+L16*$L$5+M16*$M$5+N16*$N$5+O16*$O$5 -> 0 | T16: =+Q16*$Q$5+R16*$R$5+S16*$S$5 -> 0
A17: 12 | B17: =Inscritos!B15 -> DANIELA ISABEL BONOLIS ROMERO | C17: =+Inscritos!D15 -> 1063789798 | F17: =+D17*$D$5+E17*$E$5 -> 0 | K17: =+G17*$G$5+H17*$H$5+I17*$I$5+J17*$J$5 -> 0 | P17: =+L17*$L$5+M17*$M$5+N17*$N$5+O17*$O$5 -> 0 | T17: =+Q17*$Q$5+R17*$R$5+S17*$S$5 -> 0
... A55: 50 | B55: =Inscritos!B53 -> 0 | C55: =+Inscritos!D53 -> 0 | F55: =+D55*$D$5+E55*$E$5 -> 0 | K55: =+G55*$G$5+H55*$H$5+I55*$I$5+J55*$J$5 -> 0 | P55: =+L55*$L$5+M55*$M$5+N55*$N$5+O55*$O$5 -> 0 | T55: =+Q55*$Q$5+R55*$R$5+S55*$S$5 -> 0
A56: 51 | B56: =Inscritos!B53 -> 0 | C56: =+Inscritos!D54 -> 0 | F56: =+D56*$D$5+E56*$E$5 -> 0 | K56: =+G56*$G$5+H56*$H$5+I56*$I$5+J56*$J$5 -> 0 | P56: =+L56*$L$5+M56*$M$5+N56*$N$5+O56*$O$5 -> 0 | T56: =+Q56*$Q$5+R56*$R$5+S56*$S$5 -> 0
A57: 52 | B57: =Inscritos!B54 -> 0 | C57: =+Inscritos!D54 -> 0 | F57: =+D57*$D$5+E57*$E$5 -> 0 | K57: =+G57*$G$5+H57*$H$5+I57*$I$5+J57*$J$5 -> 0 | P57: =+L57*$L$5+M57*$M$5+N57*$N$5+O57*$O$5 -> 0 | T57: =+Q57*$Q$5+R57*$R$5+S57*$S$5 -> 0
A58: 53 | B58: =Inscritos!B55 -> 0 | C58: =+Inscritos!D55 -> 0 | F58: =+D58*$D$5+E58*$E$5 -> 0 | K58: =+G58*$G$5+H58*$H$5+I58*$I$5+J58*$J$5 -> 0 | P58: =+L58*$L$5+M58*$M$5+N58*$N$5+O58*$O$5 -> 0 | T58: =+Q58*$Q$5+R58*$R$5+S58*$S$5 -> 0
A59: 54 | B59: =Inscritos!B56 -> 0 | C59: =+Inscritos!D56 -> 0 | F59: =+D59*$D$5+E59*$E$5 -> 0 | K59: =+G59*$G$5+H59*$H$5+I59*$I$5+J59*$J$5 -> 0 | P59: =+L59*$L$5+M59*$M$5+N59*$N$5+O59*$O$5 -> 0 | T59: =+Q59*$Q$5+R59*$R$5+S59*$S$5 -> 0
A60: 55 | B60: =Inscritos!B57 -> 0 | C60: =+Inscritos!D57 -> 0 | F60: =+D60*$D$5+E60*$E$5 -> 0 | K60: =+G60*$G$5+H60*$H$5+I60*$I$5+J60*$J$5 -> 0 | P60: =+L60*$L$5+M60*$M$5+N60*$N$5+O60*$O$5 -> 0 | T60: =+Q60*$Q$5+R60*$R$5+S60*$S$5 -> 0
A61: 56 | B61: =Inscritos!B58 -> 0 | C61: =+Inscritos!D58 -> 0 | F61: =+D61*$D$5+E61*$E$5 -> 0 | K61: =+G61*$G$5+H61*$H$5+I61*$I$5+J61*$J$5 -> 0 | P61: =+L61*$L$5+M61*$M$5+N61*$N$5+O61*$O$5 -> 0 | T61: =+Q61*$Q$5+R61*$R$5+S61*$S$5 -> 0
A62: 57 | B62: =Inscritos!B59 -> 0 | C62: =+Inscritos!D59 -> 0 | F62: =+D62*$D$5+E62*$E$5 -> 0 | K62: =+G62*$G$5+H62*$H$5+I62*$I$5+J62*$J$5 -> 0 | P62: =+L62*$L$5+M62*$M$5+N62*$N$5+O62*$O$5 -> 0 | T62: =+Q62*$Q$5+R62*$R$5+S62*$S$5 -> 0
A63: 58 | B63: =Inscritos!B60 -> 0 | C63: =+Inscritos!D60 -> 0 | F63: =+D63*$D$5+E63*$E$5 -> 0 | K63: =+G63*$G$5+H63*$H$5+I63*$I$5+J63*$J$5 -> 0 | P63: =+L63*$L$5+M63*$M$5+N63*$N$5+O63*$O$5 -> 0 | T63: =+Q63*$Q$5+R63*$R$5+S63*$S$5 -> 0
A64: 59 | B64: =Inscritos!B61 -> 0 | C64: =+Inscritos!D61 -> 0 | F64: =+D64*$D$5+E64*$E$5 -> 0 | K64: =+G64*$G$5+H64*$H$5+I64*$I$5+J64*$J$5 -> 0 | P64: =+L64*$L$5+M64*$M$5+N64*$N$5+O64*$O$5 -> 0 | T64: =+Q64*$Q$5+R64*$R$5+S64*$S$5 -> 0
D65: DESARROLLO DEL MÓDULO | E65: SEGUIMIENTO DE ACTIVIDADES | G65: QUICES | H65: TRABAJOS Y TALLERES EXTRACLASE | I65: SEGUIMIENTO DE TRABAJO EN CLASE | J65: EXAMEN FINAL | L65: QUICES | M65: TRABAJOS Y TALLERES EXTRACLASE | N65: SEGUIMIENTO DE TRABAJO EN CLASE | O65: EXAMEN FINAL | Q65: DESARROLLO DEL MÓDULO | R65: TRABAJO FINAL | S65: EVALUACIONES
